uav_id;data_timestep;uav_x;uav_y;uav_z;uav_speed;uav_angle;uav_phi
UAV_0;0;5480.0;5500.0;120.0;20.0;90.0;0.0
UAV_0;1;5479.445;5512.553;120.393;12.572;92.531;0.0
UAV_0;2;5477.784;5525.03;120.785;12.592;97.584;0.0
UAV_0;3;5475.027;5537.351;121.175;12.633;102.614;0.0
UAV_0;4;5471.19;5549.443;121.564;12.691;107.603;0.0
UAV_0;5;5466.298;5561.229;121.951;12.767;112.54;0.0
UAV_0;6;5460.381;5572.638;122.334;12.858;117.413;0.0
UAV_0;7;5453.475;5583.6;122.714;12.961;122.212;0.0
UAV_0;8;5445.623;5594.046;123.09;13.073;126.932;0.0
UAV_0;9;5436.873;5603.912;123.461;13.192;131.569;0.0
UAV_0;10;5427.279;5613.137;123.827;13.315;136.122;0.0
UAV_0;11;5416.901;5621.665;124.187;13.438;140.591;0.0
UAV_0;12;5405.801;5629.443;124.54;13.558;144.979;0.0
UAV_0;13;5394.05;5636.422;124.886;13.672;149.292;0.0
UAV_0;14;5381.718;5642.561;125.225;13.779;153.536;0.0
UAV_0;15;5368.883;5647.821;125.556;13.875;157.717;0.0
UAV_0;16;5355.623;5652.169;125.878;13.958;161.844;0.0
UAV_0;17;5342.02;5655.579;126.191;14.027;165.926;0.0
UAV_0;18;5328.158;5658.03;126.494;14.08;169.973;0.0
UAV_0;19;5314.123;5659.507;126.788;14.116;173.994;0.0
UAV_0;20;5300.0;5660.0;127.071;14.134;178.0;0.0
UAV_0;21;5285.877;5659.507;127.343;14.134;182.0;0.0
UAV_0;22;5271.842;5658.03;127.604;14.115;186.006;0.0
UAV_0;23;5257.98;5655.579;127.853;14.079;190.027;0.0
UAV_0;24;5244.377;5652.169;128.09;14.026;194.074;0.0
UAV_0;25;5231.117;5647.821;128.315;13.957;198.156;0.0
UAV_0;26;5218.282;5642.561;128.526;13.873;202.283;0.0
UAV_0;27;5205.95;5636.422;128.725;13.776;206.464;0.0
UAV_0;28;5194.199;5629.443;128.91;13.669;210.708;0.0
UAV_0;29;5183.099;5621.665;129.081;13.554;215.021;0.0
UAV_0;30;5172.721;5613.137;129.239;13.434;219.409;0.0
UAV_0;31;5163.127;5603.912;129.382;13.311;223.878;0.0
UAV_0;32;5154.377;5594.046;129.511;13.188;228.431;0.0
UAV_0;33;5150.0;5583.6;129.625;11.326;247.266;0.0
UAV_0;34;5150.0;5572.638;129.724;10.962;270.0;0.0
UAV_0;35;5150.0;5561.229;129.808;11.409;270.0;0.0
UAV_0;36;5150.0;5549.443;129.877;11.787;270.0;0.0
UAV_0;37;5150.0;5537.351;129.931;12.092;270.0;0.0
UAV_0;38;5150.0;5525.03;129.969;12.322;270.0;0.0
UAV_0;39;5150.0;5512.553;129.992;12.476;270.0;0.0
UAV_0;40;5150.0;5500.0;130.0;12.553;270.0;0.0
UAV_0;41;5150.0;5487.447;129.992;12.553;270.0;0.0
UAV_0;42;5150.0;5474.97;129.969;12.476;270.0;0.0
UAV_0;43;5150.0;5462.649;129.931;12.322;270.0;0.0
UAV_0;44;5150.0;5450.557;129.877;12.092;270.0;0.0
UAV_0;45;5150.0;5438.771;129.808;11.787;270.0;0.0
UAV_0;46;5150.0;5427.362;129.724;11.409;270.0;0.0
UAV_0;47;5150.0;5416.4;129.625;10.962;270.0;0.0
UAV_0;48;5154.377;5405.954;129.511;11.326;292.734;0.0
UAV_0;49;5163.127;5396.088;129.382;13.188;311.569;0.0
UAV_0;50;5172.721;5386.863;129.239;13.311;316.122;0.0
UAV_0;51;5183.099;5378.335;129.081;13.434;320.591;0.0
UAV_0;52;5194.199;5370.557;128.91;13.554;324.979;0.0
UAV_0;53;5205.95;5363.578;128.725;13.669;329.292;0.0
UAV_0;54;5218.282;5357.439;128.526;13.776;333.536;0.0
UAV_0;55;5231.117;5352.179;128.315;13.873;337.717;0.0
UAV_0;56;5244.377;5347.831;128.09;13.957;341.844;0.0
UAV_0;57;5257.98;5344.421;127.853;14.026;345.926;0.0
UAV_0;58;5271.842;5341.97;127.604;14.079;349.973;0.0
UAV_0;59;5285.877;5340.493;127.343;14.115;353.994;0.0
UAV_0;60;5300.0;5340.0;127.071;14.134;358.0;0.0
UAV_0;61;5314.123;5340.493;126.788;14.134;2.0;0.0
UAV_0;62;5328.158;5341.97;126.494;14.116;6.006;0.0
UAV_0;63;5342.02;5344.421;126.191;14.08;10.027;0.0
UAV_0;64;5355.623;5347.831;125.878;14.027;14.074;0.0
UAV_0;65;5368.883;5352.179;125.556;13.958;18.156;0.0
UAV_0;66;5381.718;5357.439;125.225;13.875;22.283;0.0
UAV_0;67;5394.05;5363.578;124.886;13.779;26.464;0.0
UAV_0;68;5405.801;5370.557;124.54;13.672;30.708;0.0
UAV_0;69;5416.901;5378.335;124.187;13.558;35.021;0.0
UAV_0;70;5427.279;5386.863;123.827;13.438;39.409;0.0
UAV_0;71;5436.873;5396.088;123.461;13.315;43.878;0.0
UAV_0;72;5445.623;5405.954;123.09;13.192;48.431;0.0
UAV_0;73;5453.475;5416.4;122.714;13.073;53.068;0.0
UAV_0;74;5460.381;5427.362;122.334;12.961;57.788;0.0
UAV_0;75;5466.298;5438.771;121.951;12.858;62.587;0.0
UAV_0;76;5471.19;5450.557;121.564;12.767;67.46;0.0
UAV_0;77;5475.027;5462.649;121.175;12.691;72.397;0.0
UAV_0;78;5477.784;5474.97;120.785;12.633;77.386;0.0
UAV_0;79;5479.445;5487.447;120.393;12.592;82.416;0.0
UAV_0;80;5480.0;5500.0;120.0;12.572;87.469;0.0
UAV_0;81;5479.445;5512.553;119.607;12.572;92.531;0.0
UAV_0;82;5477.784;5525.03;119.215;12.592;97.584;0.0
UAV_0;83;5475.027;5537.351;118.825;12.633;102.614;0.0
UAV_0;84;5471.19;5549.443;118.436;12.691;107.603;0.0
UAV_0;85;5466.298;5561.229;118.049;12.767;112.54;0.0
UAV_0;86;5460.381;5572.638;117.666;12.858;117.413;0.0
UAV_0;87;5453.475;5583.6;117.286;12.961;122.212;0.0
UAV_0;88;5445.623;5594.046;116.91;13.073;126.932;0.0
UAV_0;89;5436.873;5603.912;116.539;13.192;131.569;0.0
UAV_0;90;5427.279;5613.137;116.173;13.315;136.122;0.0
UAV_0;91;5416.901;5621.665;115.813;13.438;140.591;0.0
UAV_0;92;5405.801;5629.443;115.46;13.558;144.979;0.0
UAV_0;93;5394.05;5636.422;115.114;13.672;149.292;0.0
UAV_0;94;5381.718;5642.561;114.775;13.779;153.536;0.0
UAV_0;95;5368.883;5647.821;114.444;13.875;157.717;0.0
UAV_0;96;5355.623;5652.169;114.122;13.958;161.844;0.0
UAV_0;97;5342.02;5655.579;113.809;14.027;165.926;0.0
UAV_0;98;5328.158;5658.03;113.506;14.08;169.973;0.0
UAV_0;99;5314.123;5659.507;113.212;14.116;173.994;0.0
UAV_0;100;5300.0;5660.0;112.929;14.134;178.0;0.0
UAV_0;101;5285.877;5659.507;112.657;14.134;182.0;0.0
UAV_0;102;5271.842;5658.03;112.396;14.115;186.006;0.0
UAV_0;103;5257.98;5655.579;112.147;14.079;190.027;0.0
UAV_0;104;5244.377;5652.169;111.91;14.026;194.074;0.0
UAV_0;105;5231.117;5647.821;111.685;13.957;198.156;0.0
UAV_0;106;5218.282;5642.561;111.474;13.873;202.283;0.0
UAV_0;107;5205.95;5636.422;111.275;13.776;206.464;0.0
UAV_0;108;5194.199;5629.443;111.09;13.669;210.708;0.0
UAV_0;109;5183.099;5621.665;110.919;13.554;215.021;0.0
UAV_0;110;5172.721;5613.137;110.761;13.434;219.409;0.0
UAV_0;111;5163.127;5603.912;110.618;13.311;223.878;0.0
UAV_0;112;5154.377;5594.046;110.489;13.188;228.431;0.0
UAV_0;113;5150.0;5583.6;110.375;11.326;247.266;0.0
UAV_0;114;5150.0;5572.638;110.276;10.962;270.0;0.0
UAV_0;115;5150.0;5561.229;110.192;11.409;270.0;0.0
UAV_0;116;5150.0;5549.443;110.123;11.787;270.0;0.0
UAV_0;117;5150.0;5537.351;110.069;12.092;270.0;0.0
UAV_0;118;5150.0;5525.03;110.031;12.322;270.0;0.0
UAV_0;119;5150.0;5512.553;110.008;12.476;270.0;0.0
UAV_0;120;5150.0;5500.0;110.0;12.553;270.0;0.0
UAV_0;121;5150.0;5487.447;110.008;12.553;270.0;0.0
UAV_0;122;5150.0;5474.97;110.031;12.476;270.0;0.0
UAV_0;123;5150.0;5462.649;110.069;12.322;270.0;0.0
UAV_0;124;5150.0;5450.557;110.123;12.092;270.0;0.0
UAV_0;125;5150.0;5438.771;110.192;11.787;270.0;0.0
UAV_0;126;5150.0;5427.362;110.276;11.409;270.0;0.0
UAV_0;127;5150.0;5416.4;110.375;10.962;270.0;0.0
UAV_0;128;5154.377;5405.954;110.489;11.326;292.734;0.0
UAV_0;129;5163.127;5396.088;110.618;13.188;311.569;0.0
UAV_0;130;5172.721;5386.863;110.761;13.311;316.122;0.0
UAV_0;131;5183.099;5378.335;110.919;13.434;320.591;0.0
UAV_0;132;5194.199;5370.557;111.09;13.554;324.979;0.0
UAV_0;133;5205.95;5363.578;111.275;13.669;329.292;0.0
UAV_0;134;5218.282;5357.439;111.474;13.776;333.536;0.0
UAV_0;135;5231.117;5352.179;111.685;13.873;337.717;0.0
UAV_0;136;5244.377;5347.831;111.91;13.957;341.844;0.0
UAV_0;137;5257.98;5344.421;112.147;14.026;345.926;0.0
UAV_0;138;5271.842;5341.97;112.396;14.079;349.973;0.0
UAV_0;139;5285.877;5340.493;112.657;14.115;353.994;0.0
UAV_0;140;5300.0;5340.0;112.929;14.134;358.0;0.0
UAV_0;141;5314.123;5340.493;113.212;14.134;2.0;0.0
UAV_0;142;5328.158;5341.97;113.506;14.116;6.006;0.0
UAV_0;143;5342.02;5344.421;113.809;14.08;10.027;0.0
UAV_0;144;5355.623;5347.831;114.122;14.027;14.074;0.0
UAV_0;145;5368.883;5352.179;114.444;13.958;18.156;0.0
UAV_0;146;5381.718;5357.439;114.775;13.875;22.283;0.0
UAV_0;147;5394.05;5363.578;115.114;13.779;26.464;0.0
UAV_0;148;5405.801;5370.557;115.46;13.672;30.708;0.0
UAV_0;149;5416.901;5378.335;115.813;13.558;35.021;0.0
UAV_0;150;5427.279;5386.863;116.173;13.438;39.409;0.0
UAV_0;151;5436.873;5396.088;116.539;13.315;43.878;0.0
UAV_0;152;5445.623;5405.954;116.91;13.192;48.431;0.0
UAV_0;153;5453.475;5416.4;117.286;13.073;53.068;0.0
UAV_0;154;5460.381;5427.362;117.666;12.961;57.788;0.0
UAV_0;155;5466.298;5438.771;118.049;12.858;62.587;0.0
UAV_0;156;5471.19;5450.557;118.436;12.767;67.46;0.0
UAV_0;157;5475.027;5462.649;118.825;12.691;72.397;0.0
UAV_0;158;5477.784;5474.97;119.215;12.633;77.386;0.0
UAV_0;159;5479.445;5487.447;119.607;12.592;82.416;0.0
UAV_0;160;5480.0;5500.0;120.0;12.572;87.469;0.0
UAV_0;161;5479.445;5512.553;120.393;12.572;92.531;0.0
UAV_0;162;5477.784;5525.03;120.785;12.592;97.584;0.0
UAV_0;163;5475.027;5537.351;121.175;12.633;102.614;0.0
UAV_0;164;5471.19;5549.443;121.564;12.691;107.603;0.0
UAV_0;165;5466.298;5561.229;121.951;12.767;112.54;0.0
UAV_0;166;5460.381;5572.638;122.334;12.858;117.413;0.0
UAV_0;167;5453.475;5583.6;122.714;12.961;122.212;0.0
UAV_0;168;5445.623;5594.046;123.09;13.073;126.932;0.0
UAV_0;169;5436.873;5603.912;123.461;13.192;131.569;0.0
UAV_0;170;5427.279;5613.137;123.827;13.315;136.122;0.0
UAV_0;171;5416.901;5621.665;124.187;13.438;140.591;0.0
UAV_0;172;5405.801;5629.443;124.54;13.558;144.979;0.0
UAV_0;173;5394.05;5636.422;124.886;13.672;149.292;0.0
UAV_0;174;5381.718;5642.561;125.225;13.779;153.536;0.0
UAV_0;175;5368.883;5647.821;125.556;13.875;157.717;0.0
UAV_0;176;5355.623;5652.169;125.878;13.958;161.844;0.0
UAV_0;177;5342.02;5655.579;126.191;14.027;165.926;0.0
UAV_0;178;5328.158;5658.03;126.494;14.08;169.973;0.0
UAV_0;179;5314.123;5659.507;126.788;14.116;173.994;0.0
UAV_0;180;5300.0;5660.0;127.071;14.134;178.0;0.0
UAV_0;181;5285.877;5659.507;127.343;14.134;182.0;0.0
UAV_0;182;5271.842;5658.03;127.604;14.115;186.006;0.0
UAV_0;183;5257.98;5655.579;127.853;14.079;190.027;0.0
UAV_0;184;5244.377;5652.169;128.09;14.026;194.074;0.0
UAV_0;185;5231.117;5647.821;128.315;13.957;198.156;0.0
UAV_0;186;5218.282;5642.561;128.526;13.873;202.283;0.0
UAV_0;187;5205.95;5636.422;128.725;13.776;206.464;0.0
UAV_0;188;5194.199;5629.443;128.91;13.669;210.708;0.0
UAV_0;189;5183.099;5621.665;129.081;13.554;215.021;0.0
UAV_0;190;5172.721;5613.137;129.239;13.434;219.409;0.0
UAV_0;191;5163.127;5603.912;129.382;13.311;223.878;0.0
UAV_0;192;5154.377;5594.046;129.511;13.188;228.431;0.0
UAV_0;193;5150.0;5583.6;129.625;11.326;247.266;0.0
UAV_0;194;5150.0;5572.638;129.724;10.962;270.0;0.0
UAV_0;195;5150.0;5561.229;129.808;11.409;270.0;0.0
UAV_0;196;5150.0;5549.443;129.877;11.787;270.0;0.0
UAV_0;197;5150.0;5537.351;129.931;12.092;270.0;0.0
UAV_0;198;5150.0;5525.03;129.969;12.322;270.0;0.0
UAV_0;199;5150.0;5512.553;129.992;12.476;270.0;0.0
UAV_0;200;5150.0;5500.0;130.0;12.553;270.0;0.0
UAV_0;201;5150.0;5487.447;129.992;12.553;270.0;0.0
UAV_0;202;5150.0;5474.97;129.969;12.476;270.0;0.0
UAV_0;203;5150.0;5462.649;129.931;12.322;270.0;0.0
UAV_0;204;5150.0;5450.557;129.877;12.092;270.0;0.0
UAV_0;205;5150.0;5438.771;129.808;11.787;270.0;0.0
UAV_0;206;5150.0;5427.362;129.724;11.409;270.0;0.0
UAV_0;207;5150.0;5416.4;129.625;10.962;270.0;0.0
UAV_0;208;5154.377;5405.954;129.511;11.326;292.734;0.0
UAV_0;209;5163.127;5396.088;129.382;13.188;311.569;0.0
UAV_0;210;5172.721;5386.863;129.239;13.311;316.122;0.0
UAV_0;211;5183.099;5378.335;129.081;13.434;320.591;0.0
UAV_0;212;5194.199;5370.557;128.91;13.554;324.979;0.0
UAV_0;213;5205.95;5363.578;128.725;13.669;329.292;0.0
UAV_0;214;5218.282;5357.439;128.526;13.776;333.536;0.0
UAV_0;215;5231.117;5352.179;128.315;13.873;337.717;0.0
UAV_0;216;5244.377;5347.831;128.09;13.957;341.844;0.0
UAV_0;217;5257.98;5344.421;127.853;14.026;345.926;0.0
UAV_0;218;5271.842;5341.97;127.604;14.079;349.973;0.0
UAV_0;219;5285.877;5340.493;127.343;14.115;353.994;0.0
UAV_0;220;5300.0;5340.0;127.071;14.134;358.0;0.0
UAV_0;221;5314.123;5340.493;126.788;14.134;2.0;0.0
UAV_0;222;5328.158;5341.97;126.494;14.116;6.006;0.0
UAV_0;223;5342.02;5344.421;126.191;14.08;10.027;0.0
UAV_0;224;5355.623;5347.831;125.878;14.027;14.074;0.0
UAV_0;225;5368.883;5352.179;125.556;13.958;18.156;0.0
UAV_0;226;5381.718;5357.439;125.225;13.875;22.283;0.0
UAV_0;227;5394.05;5363.578;124.886;13.779;26.464;0.0
UAV_0;228;5405.801;5370.557;124.54;13.672;30.708;0.0
UAV_0;229;5416.901;5378.335;124.187;13.558;35.021;0.0
UAV_0;230;5427.279;5386.863;123.827;13.438;39.409;0.0
UAV_0;231;5436.873;5396.088;123.461;13.315;43.878;0.0
UAV_0;232;5445.623;5405.954;123.09;13.192;48.431;0.0
UAV_0;233;5453.475;5416.4;122.714;13.073;53.068;0.0
UAV_0;234;5460.381;5427.362;122.334;12.961;57.788;0.0
UAV_0;235;5466.298;5438.771;121.951;12.858;62.587;0.0
UAV_0;236;5471.19;5450.557;121.564;12.767;67.46;0.0
UAV_0;237;5475.027;5462.649;121.175;12.691;72.397;0.0
UAV_0;238;5477.784;5474.97;120.785;12.633;77.386;0.0
UAV_0;239;5479.445;5487.447;120.393;12.592;82.416;0.0
UAV_0;240;5480.0;5500.0;120.0;12.572;87.469;0.0
UAV_0;241;5479.445;5512.553;119.607;12.572;92.531;0.0
UAV_0;242;5477.784;5525.03;119.215;12.592;97.584;0.0
UAV_0;243;5475.027;5537.351;118.825;12.633;102.614;0.0
UAV_0;244;5471.19;5549.443;118.436;12.691;107.603;0.0
UAV_0;245;5466.298;5561.229;118.049;12.767;112.54;0.0
UAV_0;246;5460.381;5572.638;117.666;12.858;117.413;0.0
UAV_0;247;5453.475;5583.6;117.286;12.961;122.212;0.0
UAV_0;248;5445.623;5594.046;116.91;13.073;126.932;0.0
UAV_0;249;5436.873;5603.912;116.539;13.192;131.569;0.0
UAV_0;250;5427.279;5613.137;116.173;13.315;136.122;0.0
UAV_0;251;5416.901;5621.665;115.813;13.438;140.591;0.0
UAV_0;252;5405.801;5629.443;115.46;13.558;144.979;0.0
UAV_0;253;5394.05;5636.422;115.114;13.672;149.292;0.0
UAV_0;254;5381.718;5642.561;114.775;13.779;153.536;0.0
UAV_0;255;5368.883;5647.821;114.444;13.875;157.717;0.0
UAV_0;256;5355.623;5652.169;114.122;13.958;161.844;0.0
UAV_0;257;5342.02;5655.579;113.809;14.027;165.926;0.0
UAV_0;258;5328.158;5658.03;113.506;14.08;169.973;0.0
UAV_0;259;5314.123;5659.507;113.212;14.116;173.994;0.0
UAV_0;260;5300.0;5660.0;112.929;14.134;178.0;0.0
UAV_0;261;5285.877;5659.507;112.657;14.134;182.0;0.0
UAV_0;262;5271.842;5658.03;112.396;14.115;186.006;0.0
UAV_0;263;5257.98;5655.579;112.147;14.079;190.027;0.0
UAV_0;264;5244.377;5652.169;111.91;14.026;194.074;0.0
UAV_0;265;5231.117;5647.821;111.685;13.957;198.156;0.0
UAV_0;266;5218.282;5642.561;111.474;13.873;202.283;0.0
UAV_0;267;5205.95;5636.422;111.275;13.776;206.464;0.0
UAV_0;268;5194.199;5629.443;111.09;13.669;210.708;0.0
UAV_0;269;5183.099;5621.665;110.919;13.554;215.021;0.0
UAV_0;270;5172.721;5613.137;110.761;13.434;219.409;0.0
UAV_0;271;5163.127;5603.912;110.618;13.311;223.878;0.0
UAV_0;272;5154.377;5594.046;110.489;13.188;228.431;0.0
UAV_0;273;5150.0;5583.6;110.375;11.326;247.266;0.0
UAV_0;274;5150.0;5572.638;110.276;10.962;270.0;0.0
UAV_0;275;5150.0;5561.229;110.192;11.409;270.0;0.0
UAV_0;276;5150.0;5549.443;110.123;11.787;270.0;0.0
UAV_0;277;5150.0;5537.351;110.069;12.092;270.0;0.0
UAV_0;278;5150.0;5525.03;110.031;12.322;270.0;0.0
UAV_0;279;5150.0;5512.553;110.008;12.476;270.0;0.0
UAV_0;280;5150.0;5500.0;110.0;12.553;270.0;0.0
UAV_0;281;5150.0;5487.447;110.008;12.553;270.0;0.0
UAV_0;282;5150.0;5474.97;110.031;12.476;270.0;0.0
UAV_0;283;5150.0;5462.649;110.069;12.322;270.0;0.0
UAV_0;284;5150.0;5450.557;110.123;12.092;270.0;0.0
UAV_0;285;5150.0;5438.771;110.192;11.787;270.0;0.0
UAV_0;286;5150.0;5427.362;110.276;11.409;270.0;0.0
UAV_0;287;5150.0;5416.4;110.375;10.962;270.0;0.0
UAV_0;288;5154.377;5405.954;110.489;11.326;292.734;0.0
UAV_0;289;5163.127;5396.088;110.618;13.188;311.569;0.0
UAV_0;290;5172.721;5386.863;110.761;13.311;316.122;0.0
UAV_0;291;5183.099;5378.335;110.919;13.434;320.591;0.0
UAV_0;292;5194.199;5370.557;111.09;13.554;324.979;0.0
UAV_0;293;5205.95;5363.578;111.275;13.669;329.292;0.0
UAV_0;294;5218.282;5357.439;111.474;13.776;333.536;0.0
UAV_0;295;5231.117;5352.179;111.685;13.873;337.717;0.0
UAV_0;296;5244.377;5347.831;111.91;13.957;341.844;0.0
UAV_0;297;5257.98;5344.421;112.147;14.026;345.926;0.0
UAV_0;298;5271.842;5341.97;112.396;14.079;349.973;0.0
UAV_0;299;5285.877;5340.493;112.657;14.115;353.994;0.0
UAV_0;300;5300.0;5340.0;112.929;14.134;358.0;0.0
UAV_0;301;5314.123;5340.493;113.212;14.134;2.0;0.0
UAV_0;302;5328.158;5341.97;113.506;14.116;6.006;0.0
UAV_0;303;5342.02;5344.421;113.809;14.08;10.027;0.0
UAV_0;304;5355.623;5347.831;114.122;14.027;14.074;0.0
UAV_0;305;5368.883;5352.179;114.444;13.958;18.156;0.0
UAV_0;306;5381.718;5357.439;114.775;13.875;22.283;0.0
UAV_0;307;5394.05;5363.578;115.114;13.779;26.464;0.0
UAV_0;308;5405.801;5370.557;115.46;13.672;30.708;0.0
UAV_0;309;5416.901;5378.335;115.813;13.558;35.021;0.0
UAV_0;310;5427.279;5386.863;116.173;13.438;39.409;0.0
UAV_0;311;5436.873;5396.088;116.539;13.315;43.878;0.0
UAV_0;312;5445.623;5405.954;116.91;13.192;48.431;0.0
UAV_0;313;5453.475;5416.4;117.286;13.073;53.068;0.0
UAV_0;314;5460.381;5427.362;117.666;12.961;57.788;0.0
UAV_0;315;5466.298;5438.771;118.049;12.858;62.587;0.0
UAV_0;316;5471.19;5450.557;118.436;12.767;67.46;0.0
UAV_0;317;5475.027;5462.649;118.825;12.691;72.397;0.0
UAV_0;318;5477.784;5474.97;119.215;12.633;77.386;0.0
UAV_0;319;5479.445;5487.447;119.607;12.592;82.416;0.0
UAV_0;320;5480.0;5500.0;120.0;12.572;87.469;0.0
UAV_0;321;5479.445;5512.553;120.393;12.572;92.531;0.0
UAV_0;322;5477.784;5525.03;120.785;12.592;97.584;0.0
UAV_0;323;5475.027;5537.351;121.175;12.633;102.614;0.0
UAV_0;324;5471.19;5549.443;121.564;12.691;107.603;0.0
UAV_0;325;5466.298;5561.229;121.951;12.767;112.54;0.0
UAV_0;326;5460.381;5572.638;122.334;12.858;117.413;0.0
UAV_0;327;5453.475;5583.6;122.714;12.961;122.212;0.0
UAV_0;328;5445.623;5594.046;123.09;13.073;126.932;0.0
UAV_0;329;5436.873;5603.912;123.461;13.192;131.569;0.0
UAV_0;330;5427.279;5613.137;123.827;13.315;136.122;0.0
UAV_0;331;5416.901;5621.665;124.187;13.438;140.591;0.0
UAV_0;332;5405.801;5629.443;124.54;13.558;144.979;0.0
UAV_0;333;5394.05;5636.422;124.886;13.672;149.292;0.0
UAV_0;334;5381.718;5642.561;125.225;13.779;153.536;0.0
UAV_0;335;5368.883;5647.821;125.556;13.875;157.717;0.0
UAV_0;336;5355.623;5652.169;125.878;13.958;161.844;0.0
UAV_0;337;5342.02;5655.579;126.191;14.027;165.926;0.0
UAV_0;338;5328.158;5658.03;126.494;14.08;169.973;0.0
UAV_0;339;5314.123;5659.507;126.788;14.116;173.994;0.0
UAV_0;340;5300.0;5660.0;127.071;14.134;178.0;0.0
UAV_0;341;5285.877;5659.507;127.343;14.134;182.0;0.0
UAV_0;342;5271.842;5658.03;127.604;14.115;186.006;0.0
UAV_0;343;5257.98;5655.579;127.853;14.079;190.027;0.0
UAV_0;344;5244.377;5652.169;128.09;14.026;194.074;0.0
UAV_0;345;5231.117;5647.821;128.315;13.957;198.156;0.0
UAV_0;346;5218.282;5642.561;128.526;13.873;202.283;0.0
UAV_0;347;5205.95;5636.422;128.725;13.776;206.464;0.0
UAV_0;348;5194.199;5629.443;128.91;13.669;210.708;0.0
UAV_0;349;5183.099;5621.665;129.081;13.554;215.021;0.0
UAV_0;350;5172.721;5613.137;129.239;13.434;219.409;0.0
UAV_0;351;5163.127;5603.912;129.382;13.311;223.878;0.0
UAV_0;352;5154.377;5594.046;129.511;13.188;228.431;0.0
UAV_0;353;5150.0;5583.6;129.625;11.326;247.266;0.0
UAV_0;354;5150.0;5572.638;129.724;10.962;270.0;0.0
UAV_0;355;5150.0;5561.229;129.808;11.409;270.0;0.0
UAV_0;356;5150.0;5549.443;129.877;11.787;270.0;0.0
UAV_0;357;5150.0;5537.351;129.931;12.092;270.0;0.0
UAV_0;358;5150.0;5525.03;129.969;12.322;270.0;0.0
UAV_0;359;5150.0;5512.553;129.992;12.476;270.0;0.0
UAV_0;360;5150.0;5500.0;130.0;12.553;270.0;0.0
UAV_0;361;5150.0;5487.447;129.992;12.553;270.0;0.0
UAV_0;362;5150.0;5474.97;129.969;12.476;270.0;0.0
UAV_0;363;5150.0;5462.649;129.931;12.322;270.0;0.0
UAV_0;364;5150.0;5450.557;129.877;12.092;270.0;0.0
UAV_0;365;5150.0;5438.771;129.808;11.787;270.0;0.0
UAV_0;366;5150.0;5427.362;129.724;11.409;270.0;0.0
UAV_0;367;5150.0;5416.4;129.625;10.962;270.0;0.0
UAV_0;368;5154.377;5405.954;129.511;11.326;292.734;0.0
UAV_0;369;5163.127;5396.088;129.382;13.188;311.569;0.0
UAV_0;370;5172.721;5386.863;129.239;13.311;316.122;0.0
UAV_0;371;5183.099;5378.335;129.081;13.434;320.591;0.0
UAV_0;372;5194.199;5370.557;128.91;13.554;324.979;0.0
UAV_0;373;5205.95;5363.578;128.725;13.669;329.292;0.0
UAV_0;374;5218.282;5357.439;128.526;13.776;333.536;0.0
UAV_0;375;5231.117;5352.179;128.315;13.873;337.717;0.0
UAV_0;376;5244.377;5347.831;128.09;13.957;341.844;0.0
UAV_0;377;5257.98;5344.421;127.853;14.026;345.926;0.0
UAV_0;378;5271.842;5341.97;127.604;14.079;349.973;0.0
UAV_0;379;5285.877;5340.493;127.343;14.115;353.994;0.0
UAV_0;380;5300.0;5340.0;127.071;14.134;358.0;0.0
UAV_0;381;5314.123;5340.493;126.788;14.134;2.0;0.0
UAV_0;382;5328.158;5341.97;126.494;14.116;6.006;0.0
UAV_0;383;5342.02;5344.421;126.191;14.08;10.027;0.0
UAV_0;384;5355.623;5347.831;125.878;14.027;14.074;0.0
UAV_0;385;5368.883;5352.179;125.556;13.958;18.156;0.0
UAV_0;386;5381.718;5357.439;125.225;13.875;22.283;0.0
UAV_0;387;5394.05;5363.578;124.886;13.779;26.464;0.0
UAV_0;388;5405.801;5370.557;124.54;13.672;30.708;0.0
UAV_0;389;5416.901;5378.335;124.187;13.558;35.021;0.0
UAV_0;390;5427.279;5386.863;123.827;13.438;39.409;0.0
UAV_0;391;5436.873;5396.088;123.461;13.315;43.878;0.0
UAV_0;392;5445.623;5405.954;123.09;13.192;48.431;0.0
UAV_0;393;5453.475;5416.4;122.714;13.073;53.068;0.0
UAV_0;394;5460.381;5427.362;122.334;12.961;57.788;0.0
UAV_0;395;5466.298;5438.771;121.951;12.858;62.587;0.0
UAV_0;396;5471.19;5450.557;121.564;12.767;67.46;0.0
UAV_0;397;5475.027;5462.649;121.175;12.691;72.397;0.0
UAV_0;398;5477.784;5474.97;120.785;12.633;77.386;0.0
UAV_0;399;5479.445;5487.447;120.393;12.592;82.416;0.0
UAV_0;400;5480.0;5500.0;120.0;12.572;87.469;0.0
UAV_0;401;5479.445;5512.553;119.607;12.572;92.531;0.0
UAV_0;402;5477.784;5525.03;119.215;12.592;97.584;0.0
UAV_0;403;5475.027;5537.351;118.825;12.633;102.614;0.0
UAV_0;404;5471.19;5549.443;118.436;12.691;107.603;0.0
UAV_0;405;5466.298;5561.229;118.049;12.767;112.54;0.0
UAV_0;406;5460.381;5572.638;117.666;12.858;117.413;0.0
UAV_0;407;5453.475;5583.6;117.286;12.961;122.212;0.0
UAV_0;408;5445.623;5594.046;116.91;13.073;126.932;0.0
UAV_0;409;5436.873;5603.912;116.539;13.192;131.569;0.0
UAV_0;410;5427.279;5613.137;116.173;13.315;136.122;0.0
UAV_0;411;5416.901;5621.665;115.813;13.438;140.591;0.0
UAV_0;412;5405.801;5629.443;115.46;13.558;144.979;0.0
UAV_0;413;5394.05;5636.422;115.114;13.672;149.292;0.0
UAV_0;414;5381.718;5642.561;114.775;13.779;153.536;0.0
UAV_0;415;5368.883;5647.821;114.444;13.875;157.717;0.0
UAV_0;416;5355.623;5652.169;114.122;13.958;161.844;0.0
UAV_0;417;5342.02;5655.579;113.809;14.027;165.926;0.0
UAV_0;418;5328.158;5658.03;113.506;14.08;169.973;0.0
UAV_0;419;5314.123;5659.507;113.212;14.116;173.994;0.0
UAV_0;420;5300.0;5660.0;112.929;14.134;178.0;0.0
UAV_0;421;5285.877;5659.507;112.657;14.134;182.0;0.0
UAV_0;422;5271.842;5658.03;112.396;14.115;186.006;0.0
UAV_0;423;5257.98;5655.579;112.147;14.079;190.027;0.0
UAV_0;424;5244.377;5652.169;111.91;14.026;194.074;0.0
UAV_0;425;5231.117;5647.821;111.685;13.957;198.156;0.0
UAV_0;426;5218.282;5642.561;111.474;13.873;202.283;0.0
UAV_0;427;5205.95;5636.422;111.275;13.776;206.464;0.0
UAV_0;428;5194.199;5629.443;111.09;13.669;210.708;0.0
UAV_0;429;5183.099;5621.665;110.919;13.554;215.021;0.0
UAV_0;430;5172.721;5613.137;110.761;13.434;219.409;0.0
UAV_0;431;5163.127;5603.912;110.618;13.311;223.878;0.0
UAV_0;432;5154.377;5594.046;110.489;13.188;228.431;0.0
UAV_0;433;5150.0;5583.6;110.375;11.326;247.266;0.0
UAV_0;434;5150.0;5572.638;110.276;10.962;270.0;0.0
UAV_0;435;5150.0;5561.229;110.192;11.409;270.0;0.0
UAV_0;436;5150.0;5549.443;110.123;11.787;270.0;0.0
UAV_0;437;5150.0;5537.351;110.069;12.092;270.0;0.0
UAV_0;438;5150.0;5525.03;110.031;12.322;270.0;0.0
UAV_0;439;5150.0;5512.553;110.008;12.476;270.0;0.0
UAV_0;440;5150.0;5500.0;110.0;12.553;270.0;0.0
UAV_0;441;5150.0;5487.447;110.008;12.553;270.0;0.0
UAV_0;442;5150.0;5474.97;110.031;12.476;270.0;0.0
UAV_0;443;5150.0;5462.649;110.069;12.322;270.0;0.0
UAV_0;444;5150.0;5450.557;110.123;12.092;270.0;0.0
UAV_0;445;5150.0;5438.771;110.192;11.787;270.0;0.0
UAV_0;446;5150.0;5427.362;110.276;11.409;270.0;0.0
UAV_0;447;5150.0;5416.4;110.375;10.962;270.0;0.0
UAV_0;448;5154.377;5405.954;110.489;11.326;292.734;0.0
UAV_0;449;5163.127;5396.088;110.618;13.188;311.569;0.0
UAV_0;450;5172.721;5386.863;110.761;13.311;316.122;0.0
UAV_0;451;5183.099;5378.335;110.919;13.434;320.591;0.0
UAV_0;452;5194.199;5370.557;111.09;13.554;324.979;0.0
UAV_0;453;5205.95;5363.578;111.275;13.669;329.292;0.0
UAV_0;454;5218.282;5357.439;111.474;13.776;333.536;0.0
UAV_0;455;5231.117;5352.179;111.685;13.873;337.717;0.0
UAV_0;456;5244.377;5347.831;111.91;13.957;341.844;0.0
UAV_0;457;5257.98;5344.421;112.147;14.026;345.926;0.0
UAV_0;458;5271.842;5341.97;112.396;14.079;349.973;0.0
UAV_0;459;5285.877;5340.493;112.657;14.115;353.994;0.0
UAV_0;460;5300.0;5340.0;112.929;14.134;358.0;0.0
UAV_0;461;5314.123;5340.493;113.212;14.134;2.0;0.0
UAV_0;462;5328.158;5341.97;113.506;14.116;6.006;0.0
UAV_0;463;5342.02;5344.421;113.809;14.08;10.027;0.0
UAV_0;464;5355.623;5347.831;114.122;14.027;14.074;0.0
UAV_0;465;5368.883;5352.179;114.444;13.958;18.156;0.0
UAV_0;466;5381.718;5357.439;114.775;13.875;22.283;0.0
UAV_0;467;5394.05;5363.578;115.114;13.779;26.464;0.0
UAV_0;468;5405.801;5370.557;115.46;13.672;30.708;0.0
UAV_0;469;5416.901;5378.335;115.813;13.558;35.021;0.0
UAV_0;470;5427.279;5386.863;116.173;13.438;39.409;0.0
UAV_0;471;5436.873;5396.088;116.539;13.315;43.878;0.0
UAV_0;472;5445.623;5405.954;116.91;13.192;48.431;0.0
UAV_0;473;5453.475;5416.4;117.286;13.073;53.068;0.0
UAV_0;474;5460.381;5427.362;117.666;12.961;57.788;0.0
UAV_0;475;5466.298;5438.771;118.049;12.858;62.587;0.0
UAV_0;476;5471.19;5450.557;118.436;12.767;67.46;0.0
UAV_0;477;5475.027;5462.649;118.825;12.691;72.397;0.0
UAV_0;478;5477.784;5474.97;119.215;12.633;77.386;0.0
UAV_0;479;5479.445;5487.447;119.607;12.592;82.416;0.0
UAV_0;480;5480.0;5500.0;120.0;12.572;87.469;0.0
UAV_0;481;5479.445;5512.553;120.393;12.572;92.531;0.0
UAV_0;482;5477.784;5525.03;120.785;12.592;97.584;0.0
UAV_0;483;5475.027;5537.351;121.175;12.633;102.614;0.0
UAV_0;484;5471.19;5549.443;121.564;12.691;107.603;0.0
UAV_0;485;5466.298;5561.229;121.951;12.767;112.54;0.0
UAV_0;486;5460.381;5572.638;122.334;12.858;117.413;0.0
UAV_0;487;5453.475;5583.6;122.714;12.961;122.212;0.0
UAV_0;488;5445.623;5594.046;123.09;13.073;126.932;0.0
UAV_0;489;5436.873;5603.912;123.461;13.192;131.569;0.0
UAV_0;490;5427.279;5613.137;123.827;13.315;136.122;0.0
UAV_0;491;5416.901;5621.665;124.187;13.438;140.591;0.0
UAV_0;492;5405.801;5629.443;124.54;13.558;144.979;0.0
UAV_0;493;5394.05;5636.422;124.886;13.672;149.292;0.0
UAV_0;494;5381.718;5642.561;125.225;13.779;153.536;0.0
UAV_0;495;5368.883;5647.821;125.556;13.875;157.717;0.0
UAV_0;496;5355.623;5652.169;125.878;13.958;161.844;0.0
UAV_0;497;5342.02;5655.579;126.191;14.027;165.926;0.0
UAV_0;498;5328.158;5658.03;126.494;14.08;169.973;0.0
UAV_0;499;5314.123;5659.507;126.788;14.116;173.994;0.0
UAV_0;500;5300.0;5660.0;127.071;14.134;178.0;0.0
UAV_0;501;5285.877;5659.507;127.343;14.134;182.0;0.0
UAV_0;502;5271.842;5658.03;127.604;14.115;186.006;0.0
UAV_0;503;5257.98;5655.579;127.853;14.079;190.027;0.0
UAV_0;504;5244.377;5652.169;128.09;14.026;194.074;0.0
UAV_0;505;5231.117;5647.821;128.315;13.957;198.156;0.0
UAV_0;506;5218.282;5642.561;128.526;13.873;202.283;0.0
UAV_0;507;5205.95;5636.422;128.725;13.776;206.464;0.0
UAV_0;508;5194.199;5629.443;128.91;13.669;210.708;0.0
UAV_0;509;5183.099;5621.665;129.081;13.554;215.021;0.0
UAV_0;510;5172.721;5613.137;129.239;13.434;219.409;0.0
UAV_0;511;5163.127;5603.912;129.382;13.311;223.878;0.0
UAV_0;512;5154.377;5594.046;129.511;13.188;228.431;0.0
UAV_0;513;5150.0;5583.6;129.625;11.326;247.266;0.0
UAV_0;514;5150.0;5572.638;129.724;10.962;270.0;0.0
UAV_0;515;5150.0;5561.229;129.808;11.409;270.0;0.0
UAV_0;516;5150.0;5549.443;129.877;11.787;270.0;0.0
UAV_0;517;5150.0;5537.351;129.931;12.092;270.0;0.0
UAV_0;518;5150.0;5525.03;129.969;12.322;270.0;0.0
UAV_0;519;5150.0;5512.553;129.992;12.476;270.0;0.0
UAV_0;520;5150.0;5500.0;130.0;12.553;270.0;0.0
UAV_0;521;5150.0;5487.447;129.992;12.553;270.0;0.0
UAV_0;522;5150.0;5474.97;129.969;12.476;270.0;0.0
UAV_0;523;5150.0;5462.649;129.931;12.322;270.0;0.0
UAV_0;524;5150.0;5450.557;129.877;12.092;270.0;0.0
UAV_0;525;5150.0;5438.771;129.808;11.787;270.0;0.0
UAV_0;526;5150.0;5427.362;129.724;11.409;270.0;0.0
UAV_0;527;5150.0;5416.4;129.625;10.962;270.0;0.0
UAV_0;528;5154.377;5405.954;129.511;11.326;292.734;0.0
UAV_0;529;5163.127;5396.088;129.382;13.188;311.569;0.0
UAV_0;530;5172.721;5386.863;129.239;13.311;316.122;0.0
UAV_0;531;5183.099;5378.335;129.081;13.434;320.591;0.0
UAV_0;532;5194.199;5370.557;128.91;13.554;324.979;0.0
UAV_0;533;5205.95;5363.578;128.725;13.669;329.292;0.0
UAV_0;534;5218.282;5357.439;128.526;13.776;333.536;0.0
UAV_0;535;5231.117;5352.179;128.315;13.873;337.717;0.0
UAV_0;536;5244.377;5347.831;128.09;13.957;341.844;0.0
UAV_0;537;5257.98;5344.421;127.853;14.026;345.926;0.0
UAV_0;538;5271.842;5341.97;127.604;14.079;349.973;0.0
UAV_0;539;5285.877;5340.493;127.343;14.115;353.994;0.0
UAV_0;540;5300.0;5340.0;127.071;14.134;358.0;0.0
UAV_0;541;5314.123;5340.493;126.788;14.134;2.0;0.0
UAV_0;542;5328.158;5341.97;126.494;14.116;6.006;0.0
UAV_0;543;5342.02;5344.421;126.191;14.08;10.027;0.0
UAV_0;544;5355.623;5347.831;125.878;14.027;14.074;0.0
UAV_0;545;5368.883;5352.179;125.556;13.958;18.156;0.0
UAV_0;546;5381.718;5357.439;125.225;13.875;22.283;0.0
UAV_0;547;5394.05;5363.578;124.886;13.779;26.464;0.0
UAV_0;548;5405.801;5370.557;124.54;13.672;30.708;0.0
UAV_0;549;5416.901;5378.335;124.187;13.558;35.021;0.0
UAV_0;550;5427.279;5386.863;123.827;13.438;39.409;0.0
UAV_0;551;5436.873;5396.088;123.461;13.315;43.878;0.0
UAV_0;552;5445.623;5405.954;123.09;13.192;48.431;0.0
UAV_0;553;5453.475;5416.4;122.714;13.073;53.068;0.0
UAV_0;554;5460.381;5427.362;122.334;12.961;57.788;0.0
UAV_0;555;5466.298;5438.771;121.951;12.858;62.587;0.0
UAV_0;556;5471.19;5450.557;121.564;12.767;67.46;0.0
UAV_0;557;5475.027;5462.649;121.175;12.691;72.397;0.0
UAV_0;558;5477.784;5474.97;120.785;12.633;77.386;0.0
UAV_0;559;5479.445;5487.447;120.393;12.592;82.416;0.0
UAV_0;560;5480.0;5500.0;120.0;12.572;87.469;0.0
UAV_0;561;5479.445;5512.553;119.607;12.572;92.531;0.0
UAV_0;562;5477.784;5525.03;119.215;12.592;97.584;0.0
UAV_0;563;5475.027;5537.351;118.825;12.633;102.614;0.0
UAV_0;564;5471.19;5549.443;118.436;12.691;107.603;0.0
UAV_0;565;5466.298;5561.229;118.049;12.767;112.54;0.0
UAV_0;566;5460.381;5572.638;117.666;12.858;117.413;0.0
UAV_0;567;5453.475;5583.6;117.286;12.961;122.212;0.0
UAV_0;568;5445.623;5594.046;116.91;13.073;126.932;0.0
UAV_0;569;5436.873;5603.912;116.539;13.192;131.569;0.0
UAV_0;570;5427.279;5613.137;116.173;13.315;136.122;0.0
UAV_0;571;5416.901;5621.665;115.813;13.438;140.591;0.0
UAV_0;572;5405.801;5629.443;115.46;13.558;144.979;0.0
UAV_0;573;5394.05;5636.422;115.114;13.672;149.292;0.0
UAV_0;574;5381.718;5642.561;114.775;13.779;153.536;0.0
UAV_0;575;5368.883;5647.821;114.444;13.875;157.717;0.0
UAV_0;576;5355.623;5652.169;114.122;13.958;161.844;0.0
UAV_0;577;5342.02;5655.579;113.809;14.027;165.926;0.0
UAV_0;578;5328.158;5658.03;113.506;14.08;169.973;0.0
UAV_0;579;5314.123;5659.507;113.212;14.116;173.994;0.0
UAV_0;580;5300.0;5660.0;112.929;14.134;178.0;0.0
UAV_0;581;5285.877;5659.507;112.657;14.134;182.0;0.0
UAV_0;582;5271.842;5658.03;112.396;14.115;186.006;0.0
UAV_0;583;5257.98;5655.579;112.147;14.079;190.027;0.0
UAV_0;584;5244.377;5652.169;111.91;14.026;194.074;0.0
UAV_0;585;5231.117;5647.821;111.685;13.957;198.156;0.0
UAV_0;586;5218.282;5642.561;111.474;13.873;202.283;0.0
UAV_0;587;5205.95;5636.422;111.275;13.776;206.464;0.0
UAV_0;588;5194.199;5629.443;111.09;13.669;210.708;0.0
UAV_0;589;5183.099;5621.665;110.919;13.554;215.021;0.0
UAV_0;590;5172.721;5613.137;110.761;13.434;219.409;0.0
UAV_0;591;5163.127;5603.912;110.618;13.311;223.878;0.0
UAV_0;592;5154.377;5594.046;110.489;13.188;228.431;0.0
UAV_0;593;5150.0;5583.6;110.375;11.326;247.266;0.0
UAV_0;594;5150.0;5572.638;110.276;10.962;270.0;0.0
UAV_0;595;5150.0;5561.229;110.192;11.409;270.0;0.0
UAV_0;596;5150.0;5549.443;110.123;11.787;270.0;0.0
UAV_0;597;5150.0;5537.351;110.069;12.092;270.0;0.0
UAV_0;598;5150.0;5525.03;110.031;12.322;270.0;0.0
UAV_0;599;5150.0;5512.553;110.008;12.476;270.0;0.0
UAV_0;600;5150.0;5500.0;110.0;12.553;270.0;0.0
UAV_1;0;7061.803;5666.435;129.878;21.0;162.0;0.0
UAV_1;1;7047.416;5670.011;130.176;14.828;166.042;0.0
UAV_1;2;7032.764;5672.636;130.466;14.889;169.843;0.0
UAV_1;3;7017.928;5674.296;130.747;14.931;173.617;0.0
UAV_1;4;7002.992;5674.98;131.018;14.954;177.374;0.0
UAV_1;5;6988.039;5674.687;131.279;14.958;181.125;0.0
UAV_1;6;6973.153;5673.416;131.531;14.942;184.879;0.0
UAV_1;7;6958.418;5671.176;131.771;14.907;188.645;0.0
UAV_1;8;6943.915;5667.978;132.001;14.853;192.434;0.0
UAV_1;9;6929.725;5663.841;132.22;14.782;196.254;0.0
UAV_1;10;6915.929;5658.788;132.427;14.694;200.117;0.0
UAV_1;11;6902.602;5652.846;132.623;14.592;204.029;0.0
UAV_1;12;6889.821;5646.05;132.806;14.477;208.0;0.0
UAV_1;13;6877.655;5638.437;132.977;14.352;212.037;0.0
UAV_1;14;6866.174;5630.05;133.135;14.219;216.148;0.0
UAV_1;15;6855.441;5620.936;133.281;14.081;220.338;0.0
UAV_1;16;6845.517;5611.145;133.414;13.942;224.611;0.0
UAV_1;17;6836.456;5600.733;133.533;13.803;228.971;0.0
UAV_1;18;6828.31;5589.757;133.64;13.669;233.418;0.0
UAV_1;19;6821.125;5578.28;133.732;13.542;237.951;0.0
UAV_1;20;6814.939;5566.364;133.811;13.425;242.566;0.0
UAV_1;21;6809.789;5554.078;133.877;13.322;247.257;0.0
UAV_1;22;6805.702;5541.489;133.928;13.236;252.015;0.0
UAV_1;23;6802.702;5528.668;133.966;13.167;256.83;0.0
UAV_1;24;6800.805;5515.687;133.99;13.119;261.687;0.0
UAV_1;25;6800.022;5502.618;134.0;13.092;266.572;0.0
UAV_1;26;6800.358;5489.534;133.996;13.088;271.469;0.0
UAV_1;27;6801.81;5476.509;133.977;13.106;276.361;0.0
UAV_1;28;6804.37;5463.615;133.945;13.146;281.232;0.0
UAV_1;29;6808.025;5450.925;133.899;13.206;286.065;0.0
UAV_1;30;6812.753;5438.509;133.839;13.286;290.847;0.0
UAV_1;31;6818.528;5426.437;133.766;13.382;295.567;0.0
UAV_1;32;6825.318;5414.777;133.678;13.494;300.213;0.0
UAV_1;33;6833.085;5403.593;133.578;13.617;304.779;0.0
UAV_1;34;6841.786;5392.948;133.463;13.749;309.261;0.0
UAV_1;35;6851.371;5382.902;133.336;13.886;313.655;0.0
UAV_1;36;6861.787;5373.511;133.195;14.026;317.963;0.0
UAV_1;37;6872.977;5364.827;133.042;14.165;322.186;0.0
UAV_1;38;6884.877;5356.899;132.876;14.3;326.327;0.0
UAV_1;39;6897.42;5349.771;132.697;14.428;330.393;0.0
UAV_1;40;6910.537;5343.484;132.507;14.548;334.39;0.0
UAV_1;41;6924.155;5338.072;132.304;14.655;338.325;0.0
UAV_1;42;6938.197;5333.565;132.09;14.749;342.206;0.0
UAV_1;43;6952.584;5329.989;131.865;14.827;346.042;0.0
UAV_1;44;6967.236;5327.364;131.628;14.888;349.843;0.0
UAV_1;45;6982.072;5325.704;131.381;14.93;353.617;0.0
UAV_1;46;6997.008;5325.02;131.124;14.954;357.374;0.0
UAV_1;47;7011.961;5325.313;130.856;14.958;1.125;0.0
UAV_1;48;7026.847;5326.584;130.579;14.943;4.879;0.0
UAV_1;49;7041.582;5328.824;130.293;14.908;8.645;0.0
UAV_1;50;7056.085;5332.022;129.998;14.854;12.434;0.0
UAV_1;51;7070.275;5336.159;129.695;14.783;16.254;0.0
UAV_1;52;7084.071;5341.212;129.384;14.696;20.117;0.0
UAV_1;53;7097.398;5347.154;129.065;14.594;24.029;0.0
UAV_1;54;7110.179;5353.95;128.739;14.48;28.0;0.0
UAV_1;55;7122.345;5361.563;128.406;14.355;32.037;0.0
UAV_1;56;7133.826;5369.95;128.067;14.222;36.148;0.0
UAV_1;57;7144.559;5379.064;127.723;14.085;40.338;0.0
UAV_1;58;7150.0;5388.855;127.373;11.206;60.938;0.0
UAV_1;59;7150.0;5399.267;127.019;10.418;90.0;0.0
UAV_1;60;7150.0;5410.243;126.66;10.981;90.0;0.0
UAV_1;61;7150.0;5421.72;126.298;11.483;90.0;0.0
UAV_1;62;7150.0;5433.636;125.933;11.921;90.0;0.0
UAV_1;63;7150.0;5445.922;125.564;12.292;90.0;0.0
UAV_1;64;7150.0;5458.511;125.194;12.594;90.0;0.0
UAV_1;65;7150.0;5471.332;124.822;12.826;90.0;0.0
UAV_1;66;7150.0;5484.313;124.449;12.987;90.0;0.0
UAV_1;67;7150.0;5497.382;124.075;13.074;90.0;0.0
UAV_1;68;7150.0;5510.466;123.701;13.089;90.0;0.0
UAV_1;69;7150.0;5523.491;123.327;13.03;90.0;0.0
UAV_1;70;7150.0;5536.385;122.955;12.899;90.0;0.0
UAV_1;71;7150.0;5549.075;122.584;12.696;90.0;0.0
UAV_1;72;7150.0;5561.491;122.214;12.421;90.0;0.0
UAV_1;73;7150.0;5573.563;121.848;12.077;90.0;0.0
UAV_1;74;7150.0;5585.223;121.484;11.666;90.0;0.0
UAV_1;75;7150.0;5596.407;121.124;11.19;90.0;0.0
UAV_1;76;7150.0;5607.052;120.768;10.651;90.0;0.0
UAV_1;77;7148.629;5617.098;120.416;10.145;97.771;0.0
UAV_1;78;7138.213;5626.489;120.07;14.029;137.963;0.0
UAV_1;79;7127.023;5635.173;119.729;14.168;142.186;0.0
UAV_1;80;7115.123;5643.101;119.394;14.303;146.327;0.0
UAV_1;81;7102.58;5650.229;119.065;14.431;150.393;0.0
UAV_1;82;7089.463;5656.516;118.743;14.55;154.39;0.0
UAV_1;83;7075.845;5661.928;118.429;14.657;158.325;0.0
UAV_1;84;7061.803;5666.435;118.122;14.75;162.206;0.0
UAV_1;85;7047.416;5670.011;117.824;14.828;166.042;0.0
UAV_1;86;7032.764;5672.636;117.534;14.889;169.843;0.0
UAV_1;87;7017.928;5674.296;117.253;14.931;173.617;0.0
UAV_1;88;7002.992;5674.98;116.982;14.954;177.374;0.0
UAV_1;89;6988.039;5674.687;116.721;14.958;181.125;0.0
UAV_1;90;6973.153;5673.416;116.469;14.942;184.879;0.0
UAV_1;91;6958.418;5671.176;116.229;14.907;188.645;0.0
UAV_1;92;6943.915;5667.978;115.999;14.853;192.434;0.0
UAV_1;93;6929.725;5663.841;115.78;14.782;196.254;0.0
UAV_1;94;6915.929;5658.788;115.573;14.694;200.117;0.0
UAV_1;95;6902.602;5652.846;115.377;14.592;204.029;0.0
UAV_1;96;6889.821;5646.05;115.194;14.477;208.0;0.0
UAV_1;97;6877.655;5638.437;115.023;14.352;212.037;0.0
UAV_1;98;6866.174;5630.05;114.865;14.219;216.148;0.0
UAV_1;99;6855.441;5620.936;114.719;14.081;220.338;0.0
UAV_1;100;6845.517;5611.145;114.586;13.942;224.611;0.0
UAV_1;101;6836.456;5600.733;114.467;13.803;228.971;0.0
UAV_1;102;6828.31;5589.757;114.36;13.669;233.418;0.0
UAV_1;103;6821.125;5578.28;114.268;13.542;237.951;0.0
UAV_1;104;6814.939;5566.364;114.189;13.425;242.566;0.0
UAV_1;105;6809.789;5554.078;114.123;13.322;247.257;0.0
UAV_1;106;6805.702;5541.489;114.072;13.236;252.015;0.0
UAV_1;107;6802.702;5528.668;114.034;13.167;256.83;0.0
UAV_1;108;6800.805;5515.687;114.01;13.119;261.687;0.0
UAV_1;109;6800.022;5502.618;114.0;13.092;266.572;0.0
UAV_1;110;6800.358;5489.534;114.004;13.088;271.469;0.0
UAV_1;111;6801.81;5476.509;114.023;13.106;276.361;0.0
UAV_1;112;6804.37;5463.615;114.055;13.146;281.232;0.0
UAV_1;113;6808.025;5450.925;114.101;13.206;286.065;0.0
UAV_1;114;6812.753;5438.509;114.161;13.286;290.847;0.0
UAV_1;115;6818.528;5426.437;114.234;13.382;295.567;0.0
UAV_1;116;6825.318;5414.777;114.322;13.494;300.213;0.0
UAV_1;117;6833.085;5403.593;114.422;13.617;304.779;0.0
UAV_1;118;6841.786;5392.948;114.537;13.749;309.261;0.0
UAV_1;119;6851.371;5382.902;114.664;13.886;313.655;0.0
UAV_1;120;6861.787;5373.511;114.805;14.026;317.963;0.0
UAV_1;121;6872.977;5364.827;114.958;14.165;322.186;0.0
UAV_1;122;6884.877;5356.899;115.124;14.3;326.327;0.0
UAV_1;123;6897.42;5349.771;115.303;14.428;330.393;0.0
UAV_1;124;6910.537;5343.484;115.493;14.548;334.39;0.0
UAV_1;125;6924.155;5338.072;115.696;14.655;338.325;0.0
UAV_1;126;6938.197;5333.565;115.91;14.749;342.206;0.0
UAV_1;127;6952.584;5329.989;116.135;14.827;346.042;0.0
UAV_1;128;6967.236;5327.364;116.372;14.888;349.843;0.0
UAV_1;129;6982.072;5325.704;116.619;14.93;353.617;0.0
UAV_1;130;6997.008;5325.02;116.876;14.954;357.374;0.0
UAV_1;131;7011.961;5325.313;117.144;14.958;1.125;0.0
UAV_1;132;7026.847;5326.584;117.421;14.943;4.879;0.0
UAV_1;133;7041.582;5328.824;117.707;14.908;8.645;0.0
UAV_1;134;7056.085;5332.022;118.002;14.854;12.434;0.0
UAV_1;135;7070.275;5336.159;118.305;14.783;16.254;0.0
UAV_1;136;7084.071;5341.212;118.616;14.696;20.117;0.0
UAV_1;137;7097.398;5347.154;118.935;14.594;24.029;0.0
UAV_1;138;7110.179;5353.95;119.261;14.48;28.0;0.0
UAV_1;139;7122.345;5361.563;119.594;14.355;32.037;0.0
UAV_1;140;7133.826;5369.95;119.933;14.222;36.148;0.0
UAV_1;141;7144.559;5379.064;120.277;14.085;40.338;0.0
UAV_1;142;7150.0;5388.855;120.627;11.206;60.938;0.0
UAV_1;143;7150.0;5399.267;120.981;10.418;90.0;0.0
UAV_1;144;7150.0;5410.243;121.34;10.981;90.0;0.0
UAV_1;145;7150.0;5421.72;121.702;11.483;90.0;0.0
UAV_1;146;7150.0;5433.636;122.067;11.921;90.0;0.0
UAV_1;147;7150.0;5445.922;122.436;12.292;90.0;0.0
UAV_1;148;7150.0;5458.511;122.806;12.594;90.0;0.0
UAV_1;149;7150.0;5471.332;123.178;12.826;90.0;0.0
UAV_1;150;7150.0;5484.313;123.551;12.987;90.0;0.0
UAV_1;151;7150.0;5497.382;123.925;13.074;90.0;0.0
UAV_1;152;7150.0;5510.466;124.299;13.089;90.0;0.0
UAV_1;153;7150.0;5523.491;124.673;13.03;90.0;0.0
UAV_1;154;7150.0;5536.385;125.045;12.899;90.0;0.0
UAV_1;155;7150.0;5549.075;125.416;12.696;90.0;0.0
UAV_1;156;7150.0;5561.491;125.786;12.421;90.0;0.0
UAV_1;157;7150.0;5573.563;126.152;12.077;90.0;0.0
UAV_1;158;7150.0;5585.223;126.516;11.666;90.0;0.0
UAV_1;159;7150.0;5596.407;126.876;11.19;90.0;0.0
UAV_1;160;7150.0;5607.052;127.232;10.651;90.0;0.0
UAV_1;161;7148.629;5617.098;127.584;10.145;97.771;0.0
UAV_1;162;7138.213;5626.489;127.93;14.029;137.963;0.0
UAV_1;163;7127.023;5635.173;128.271;14.168;142.186;0.0
UAV_1;164;7115.123;5643.101;128.606;14.303;146.327;0.0
UAV_1;165;7102.58;5650.229;128.935;14.431;150.393;0.0
UAV_1;166;7089.463;5656.516;129.257;14.55;154.39;0.0
UAV_1;167;7075.845;5661.928;129.571;14.657;158.325;0.0
UAV_1;168;7061.803;5666.435;129.878;14.75;162.206;0.0
UAV_1;169;7047.416;5670.011;130.176;14.828;166.042;0.0
UAV_1;170;7032.764;5672.636;130.466;14.889;169.843;0.0
UAV_1;171;7017.928;5674.296;130.747;14.931;173.617;0.0
UAV_1;172;7002.992;5674.98;131.018;14.954;177.374;0.0
UAV_1;173;6988.039;5674.687;131.279;14.958;181.125;0.0
UAV_1;174;6973.153;5673.416;131.531;14.942;184.879;0.0
UAV_1;175;6958.418;5671.176;131.771;14.907;188.645;0.0
UAV_1;176;6943.915;5667.978;132.001;14.853;192.434;0.0
UAV_1;177;6929.725;5663.841;132.22;14.782;196.254;0.0
UAV_1;178;6915.929;5658.788;132.427;14.694;200.117;0.0
UAV_1;179;6902.602;5652.846;132.623;14.592;204.029;0.0
UAV_1;180;6889.821;5646.05;132.806;14.477;208.0;0.0
UAV_1;181;6877.655;5638.437;132.977;14.352;212.037;0.0
UAV_1;182;6866.174;5630.05;133.135;14.219;216.148;0.0
UAV_1;183;6855.441;5620.936;133.281;14.081;220.338;0.0
UAV_1;184;6845.517;5611.145;133.414;13.942;224.611;0.0
UAV_1;185;6836.456;5600.733;133.533;13.803;228.971;0.0
UAV_1;186;6828.31;5589.757;133.64;13.669;233.418;0.0
UAV_1;187;6821.125;5578.28;133.732;13.542;237.951;0.0
UAV_1;188;6814.939;5566.364;133.811;13.425;242.566;0.0
UAV_1;189;6809.789;5554.078;133.877;13.322;247.257;0.0
UAV_1;190;6805.702;5541.489;133.928;13.236;252.015;0.0
UAV_1;191;6802.702;5528.668;133.966;13.167;256.83;0.0
UAV_1;192;6800.805;5515.687;133.99;13.119;261.687;0.0
UAV_1;193;6800.022;5502.618;134.0;13.092;266.572;0.0
UAV_1;194;6800.358;5489.534;133.996;13.088;271.469;0.0
UAV_1;195;6801.81;5476.509;133.977;13.106;276.361;0.0
UAV_1;196;6804.37;5463.615;133.945;13.146;281.232;0.0
UAV_1;197;6808.025;5450.925;133.899;13.206;286.065;0.0
UAV_1;198;6812.753;5438.509;133.839;13.286;290.847;0.0
UAV_1;199;6818.528;5426.437;133.766;13.382;295.567;0.0
UAV_1;200;6825.318;5414.777;133.678;13.494;300.213;0.0
UAV_1;201;6833.085;5403.593;133.578;13.617;304.779;0.0
UAV_1;202;6841.786;5392.948;133.463;13.749;309.261;0.0
UAV_1;203;6851.371;5382.902;133.336;13.886;313.655;0.0
UAV_1;204;6861.787;5373.511;133.195;14.026;317.963;0.0
UAV_1;205;6872.977;5364.827;133.042;14.165;322.186;0.0
UAV_1;206;6884.877;5356.899;132.876;14.3;326.327;0.0
UAV_1;207;6897.42;5349.771;132.697;14.428;330.393;0.0
UAV_1;208;6910.537;5343.484;132.507;14.548;334.39;0.0
UAV_1;209;6924.155;5338.072;132.304;14.655;338.325;0.0
UAV_1;210;6938.197;5333.565;132.09;14.749;342.206;0.0
UAV_1;211;6952.584;5329.989;131.865;14.827;346.042;0.0
UAV_1;212;6967.236;5327.364;131.628;14.888;349.843;0.0
UAV_1;213;6982.072;5325.704;131.381;14.93;353.617;0.0
UAV_1;214;6997.008;5325.02;131.124;14.954;357.374;0.0
UAV_1;215;7011.961;5325.313;130.856;14.958;1.125;0.0
UAV_1;216;7026.847;5326.584;130.579;14.943;4.879;0.0
UAV_1;217;7041.582;5328.824;130.293;14.908;8.645;0.0
UAV_1;218;7056.085;5332.022;129.998;14.854;12.434;0.0
UAV_1;219;7070.275;5336.159;129.695;14.783;16.254;0.0
UAV_1;220;7084.071;5341.212;129.384;14.696;20.117;0.0
UAV_1;221;7097.398;5347.154;129.065;14.594;24.029;0.0
UAV_1;222;7110.179;5353.95;128.739;14.48;28.0;0.0
UAV_1;223;7122.345;5361.563;128.406;14.355;32.037;0.0
UAV_1;224;7133.826;5369.95;128.067;14.222;36.148;0.0
UAV_1;225;7144.559;5379.064;127.723;14.085;40.338;0.0
UAV_1;226;7150.0;5388.855;127.373;11.206;60.938;0.0
UAV_1;227;7150.0;5399.267;127.019;10.418;90.0;0.0
UAV_1;228;7150.0;5410.243;126.66;10.981;90.0;0.0
UAV_1;229;7150.0;5421.72;126.298;11.483;90.0;0.0
UAV_1;230;7150.0;5433.636;125.933;11.921;90.0;0.0
UAV_1;231;7150.0;5445.922;125.564;12.292;90.0;0.0
UAV_1;232;7150.0;5458.511;125.194;12.594;90.0;0.0
UAV_1;233;7150.0;5471.332;124.822;12.826;90.0;0.0
UAV_1;234;7150.0;5484.313;124.449;12.987;90.0;0.0
UAV_1;235;7150.0;5497.382;124.075;13.074;90.0;0.0
UAV_1;236;7150.0;5510.466;123.701;13.089;90.0;0.0
UAV_1;237;7150.0;5523.491;123.327;13.03;90.0;0.0
UAV_1;238;7150.0;5536.385;122.955;12.899;90.0;0.0
UAV_1;239;7150.0;5549.075;122.584;12.696;90.0;0.0
UAV_1;240;7150.0;5561.491;122.214;12.421;90.0;0.0
UAV_1;241;7150.0;5573.563;121.848;12.077;90.0;0.0
UAV_1;242;7150.0;5585.223;121.484;11.666;90.0;0.0
UAV_1;243;7150.0;5596.407;121.124;11.19;90.0;0.0
UAV_1;244;7150.0;5607.052;120.768;10.651;90.0;0.0
UAV_1;245;7148.629;5617.098;120.416;10.145;97.771;0.0
UAV_1;246;7138.213;5626.489;120.07;14.029;137.963;0.0
UAV_1;247;7127.023;5635.173;119.729;14.168;142.186;0.0
UAV_1;248;7115.123;5643.101;119.394;14.303;146.327;0.0
UAV_1;249;7102.58;5650.229;119.065;14.431;150.393;0.0
UAV_1;250;7089.463;5656.516;118.743;14.55;154.39;0.0
UAV_1;251;7075.845;5661.928;118.429;14.657;158.325;0.0
UAV_1;252;7061.803;5666.435;118.122;14.75;162.206;0.0
UAV_1;253;7047.416;5670.011;117.824;14.828;166.042;0.0
UAV_1;254;7032.764;5672.636;117.534;14.889;169.843;0.0
UAV_1;255;7017.928;5674.296;117.253;14.931;173.617;0.0
UAV_1;256;7002.992;5674.98;116.982;14.954;177.374;0.0
UAV_1;257;6988.039;5674.687;116.721;14.958;181.125;0.0
UAV_1;258;6973.153;5673.416;116.469;14.942;184.879;0.0
UAV_1;259;6958.418;5671.176;116.229;14.907;188.645;0.0
UAV_1;260;6943.915;5667.978;115.999;14.853;192.434;0.0
UAV_1;261;6929.725;5663.841;115.78;14.782;196.254;0.0
UAV_1;262;6915.929;5658.788;115.573;14.694;200.117;0.0
UAV_1;263;6902.602;5652.846;115.377;14.592;204.029;0.0
UAV_1;264;6889.821;5646.05;115.194;14.477;208.0;0.0
UAV_1;265;6877.655;5638.437;115.023;14.352;212.037;0.0
UAV_1;266;6866.174;5630.05;114.865;14.219;216.148;0.0
UAV_1;267;6855.441;5620.936;114.719;14.081;220.338;0.0
UAV_1;268;6845.517;5611.145;114.586;13.942;224.611;0.0
UAV_1;269;6836.456;5600.733;114.467;13.803;228.971;0.0
UAV_1;270;6828.31;5589.757;114.36;13.669;233.418;0.0
UAV_1;271;6821.125;5578.28;114.268;13.542;237.951;0.0
UAV_1;272;6814.939;5566.364;114.189;13.425;242.566;0.0
UAV_1;273;6809.789;5554.078;114.123;13.322;247.257;0.0
UAV_1;274;6805.702;5541.489;114.072;13.236;252.015;0.0
UAV_1;275;6802.702;5528.668;114.034;13.167;256.83;0.0
UAV_1;276;6800.805;5515.687;114.01;13.119;261.687;0.0
UAV_1;277;6800.022;5502.618;114.0;13.092;266.572;0.0
UAV_1;278;6800.358;5489.534;114.004;13.088;271.469;0.0
UAV_1;279;6801.81;5476.509;114.023;13.106;276.361;0.0
UAV_1;280;6804.37;5463.615;114.055;13.146;281.232;0.0
UAV_1;281;6808.025;5450.925;114.101;13.206;286.065;0.0
UAV_1;282;6812.753;5438.509;114.161;13.286;290.847;0.0
UAV_1;283;6818.528;5426.437;114.234;13.382;295.567;0.0
UAV_1;284;6825.318;5414.777;114.322;13.494;300.213;0.0
UAV_1;285;6833.085;5403.593;114.422;13.617;304.779;0.0
UAV_1;286;6841.786;5392.948;114.537;13.749;309.261;0.0
UAV_1;287;6851.371;5382.902;114.664;13.886;313.655;0.0
UAV_1;288;6861.787;5373.511;114.805;14.026;317.963;0.0
UAV_1;289;6872.977;5364.827;114.958;14.165;322.186;0.0
UAV_1;290;6884.877;5356.899;115.124;14.3;326.327;0.0
UAV_1;291;6897.42;5349.771;115.303;14.428;330.393;0.0
UAV_1;292;6910.537;5343.484;115.493;14.548;334.39;0.0
UAV_1;293;6924.155;5338.072;115.696;14.655;338.325;0.0
UAV_1;294;6938.197;5333.565;115.91;14.749;342.206;0.0
UAV_1;295;6952.584;5329.989;116.135;14.827;346.042;0.0
UAV_1;296;6967.236;5327.364;116.372;14.888;349.843;0.0
UAV_1;297;6982.072;5325.704;116.619;14.93;353.617;0.0
UAV_1;298;6997.008;5325.02;116.876;14.954;357.374;0.0
UAV_1;299;7011.961;5325.313;117.144;14.958;1.125;0.0
UAV_1;300;7026.847;5326.584;117.421;14.943;4.879;0.0
UAV_1;301;7041.582;5328.824;117.707;14.908;8.645;0.0
UAV_1;302;7056.085;5332.022;118.002;14.854;12.434;0.0
UAV_1;303;7070.275;5336.159;118.305;14.783;16.254;0.0
UAV_1;304;7084.071;5341.212;118.616;14.696;20.117;0.0
UAV_1;305;7097.398;5347.154;118.935;14.594;24.029;0.0
UAV_1;306;7110.179;5353.95;119.261;14.48;28.0;0.0
UAV_1;307;7122.345;5361.563;119.594;14.355;32.037;0.0
UAV_1;308;7133.826;5369.95;119.933;14.222;36.148;0.0
UAV_1;309;7144.559;5379.064;120.277;14.085;40.338;0.0
UAV_1;310;7150.0;5388.855;120.627;11.206;60.938;0.0
UAV_1;311;7150.0;5399.267;120.981;10.418;90.0;0.0
UAV_1;312;7150.0;5410.243;121.34;10.981;90.0;0.0
UAV_1;313;7150.0;5421.72;121.702;11.483;90.0;0.0
UAV_1;314;7150.0;5433.636;122.067;11.921;90.0;0.0
UAV_1;315;7150.0;5445.922;122.436;12.292;90.0;0.0
UAV_1;316;7150.0;5458.511;122.806;12.594;90.0;0.0
UAV_1;317;7150.0;5471.332;123.178;12.826;90.0;0.0
UAV_1;318;7150.0;5484.313;123.551;12.987;90.0;0.0
UAV_1;319;7150.0;5497.382;123.925;13.074;90.0;0.0
UAV_1;320;7150.0;5510.466;124.299;13.089;90.0;0.0
UAV_1;321;7150.0;5523.491;124.673;13.03;90.0;0.0
UAV_1;322;7150.0;5536.385;125.045;12.899;90.0;0.0
UAV_1;323;7150.0;5549.075;125.416;12.696;90.0;0.0
UAV_1;324;7150.0;5561.491;125.786;12.421;90.0;0.0
UAV_1;325;7150.0;5573.563;126.152;12.077;90.0;0.0
UAV_1;326;7150.0;5585.223;126.516;11.666;90.0;0.0
UAV_1;327;7150.0;5596.407;126.876;11.19;90.0;0.0
UAV_1;328;7150.0;5607.052;127.232;10.651;90.0;0.0
UAV_1;329;7148.629;5617.098;127.584;10.145;97.771;0.0
UAV_1;330;7138.213;5626.489;127.93;14.029;137.963;0.0
UAV_1;331;7127.023;5635.173;128.271;14.168;142.186;0.0
UAV_1;332;7115.123;5643.101;128.606;14.303;146.327;0.0
UAV_1;333;7102.58;5650.229;128.935;14.431;150.393;0.0
UAV_1;334;7089.463;5656.516;129.257;14.55;154.39;0.0
UAV_1;335;7075.845;5661.928;129.571;14.657;158.325;0.0
UAV_1;336;7061.803;5666.435;129.878;14.75;162.206;0.0
UAV_1;337;7047.416;5670.011;130.176;14.828;166.042;0.0
UAV_1;338;7032.764;5672.636;130.466;14.889;169.843;0.0
UAV_1;339;7017.928;5674.296;130.747;14.931;173.617;0.0
UAV_1;340;7002.992;5674.98;131.018;14.954;177.374;0.0
UAV_1;341;6988.039;5674.687;131.279;14.958;181.125;0.0
UAV_1;342;6973.153;5673.416;131.531;14.942;184.879;0.0
UAV_1;343;6958.418;5671.176;131.771;14.907;188.645;0.0
UAV_1;344;6943.915;5667.978;132.001;14.853;192.434;0.0
UAV_1;345;6929.725;5663.841;132.22;14.782;196.254;0.0
UAV_1;346;6915.929;5658.788;132.427;14.694;200.117;0.0
UAV_1;347;6902.602;5652.846;132.623;14.592;204.029;0.0
UAV_1;348;6889.821;5646.05;132.806;14.477;208.0;0.0
UAV_1;349;6877.655;5638.437;132.977;14.352;212.037;0.0
UAV_1;350;6866.174;5630.05;133.135;14.219;216.148;0.0
UAV_1;351;6855.441;5620.936;133.281;14.081;220.338;0.0
UAV_1;352;6845.517;5611.145;133.414;13.942;224.611;0.0
UAV_1;353;6836.456;5600.733;133.533;13.803;228.971;0.0
UAV_1;354;6828.31;5589.757;133.64;13.669;233.418;0.0
UAV_1;355;6821.125;5578.28;133.732;13.542;237.951;0.0
UAV_1;356;6814.939;5566.364;133.811;13.425;242.566;0.0
UAV_1;357;6809.789;5554.078;133.877;13.322;247.257;0.0
UAV_1;358;6805.702;5541.489;133.928;13.236;252.015;0.0
UAV_1;359;6802.702;5528.668;133.966;13.167;256.83;0.0
UAV_1;360;6800.805;5515.687;133.99;13.119;261.687;0.0
UAV_1;361;6800.022;5502.618;134.0;13.092;266.572;0.0
UAV_1;362;6800.358;5489.534;133.996;13.088;271.469;0.0
UAV_1;363;6801.81;5476.509;133.977;13.106;276.361;0.0
UAV_1;364;6804.37;5463.615;133.945;13.146;281.232;0.0
UAV_1;365;6808.025;5450.925;133.899;13.206;286.065;0.0
UAV_1;366;6812.753;5438.509;133.839;13.286;290.847;0.0
UAV_1;367;6818.528;5426.437;133.766;13.382;295.567;0.0
UAV_1;368;6825.318;5414.777;133.678;13.494;300.213;0.0
UAV_1;369;6833.085;5403.593;133.578;13.617;304.779;0.0
UAV_1;370;6841.786;5392.948;133.463;13.749;309.261;0.0
UAV_1;371;6851.371;5382.902;133.336;13.886;313.655;0.0
UAV_1;372;6861.787;5373.511;133.195;14.026;317.963;0.0
UAV_1;373;6872.977;5364.827;133.042;14.165;322.186;0.0
UAV_1;374;6884.877;5356.899;132.876;14.3;326.327;0.0
UAV_1;375;6897.42;5349.771;132.697;14.428;330.393;0.0
UAV_1;376;6910.537;5343.484;132.507;14.548;334.39;0.0
UAV_1;377;6924.155;5338.072;132.304;14.655;338.325;0.0
UAV_1;378;6938.197;5333.565;132.09;14.749;342.206;0.0
UAV_1;379;6952.584;5329.989;131.865;14.827;346.042;0.0
UAV_1;380;6967.236;5327.364;131.628;14.888;349.843;0.0
UAV_1;381;6982.072;5325.704;131.381;14.93;353.617;0.0
UAV_1;382;6997.008;5325.02;131.124;14.954;357.374;0.0
UAV_1;383;7011.961;5325.313;130.856;14.958;1.125;0.0
UAV_1;384;7026.847;5326.584;130.579;14.943;4.879;0.0
UAV_1;385;7041.582;5328.824;130.293;14.908;8.645;0.0
UAV_1;386;7056.085;5332.022;129.998;14.854;12.434;0.0
UAV_1;387;7070.275;5336.159;129.695;14.783;16.254;0.0
UAV_1;388;7084.071;5341.212;129.384;14.696;20.117;0.0
UAV_1;389;7097.398;5347.154;129.065;14.594;24.029;0.0
UAV_1;390;7110.179;5353.95;128.739;14.48;28.0;0.0
UAV_1;391;7122.345;5361.563;128.406;14.355;32.037;0.0
UAV_1;392;7133.826;5369.95;128.067;14.222;36.148;0.0
UAV_1;393;7144.559;5379.064;127.723;14.085;40.338;0.0
UAV_1;394;7150.0;5388.855;127.373;11.206;60.938;0.0
UAV_1;395;7150.0;5399.267;127.019;10.418;90.0;0.0
UAV_1;396;7150.0;5410.243;126.66;10.981;90.0;0.0
UAV_1;397;7150.0;5421.72;126.298;11.483;90.0;0.0
UAV_1;398;7150.0;5433.636;125.933;11.921;90.0;0.0
UAV_1;399;7150.0;5445.922;125.564;12.292;90.0;0.0
UAV_1;400;7150.0;5458.511;125.194;12.594;90.0;0.0
UAV_1;401;7150.0;5471.332;124.822;12.826;90.0;0.0
UAV_1;402;7150.0;5484.313;124.449;12.987;90.0;0.0
UAV_1;403;7150.0;5497.382;124.075;13.074;90.0;0.0
UAV_1;404;7150.0;5510.466;123.701;13.089;90.0;0.0
UAV_1;405;7150.0;5523.491;123.327;13.03;90.0;0.0
UAV_1;406;7150.0;5536.385;122.955;12.899;90.0;0.0
UAV_1;407;7150.0;5549.075;122.584;12.696;90.0;0.0
UAV_1;408;7150.0;5561.491;122.214;12.421;90.0;0.0
UAV_1;409;7150.0;5573.563;121.848;12.077;90.0;0.0
UAV_1;410;7150.0;5585.223;121.484;11.666;90.0;0.0
UAV_1;411;7150.0;5596.407;121.124;11.19;90.0;0.0
UAV_1;412;7150.0;5607.052;120.768;10.651;90.0;0.0
UAV_1;413;7148.629;5617.098;120.416;10.145;97.771;0.0
UAV_1;414;7138.213;5626.489;120.07;14.029;137.963;0.0
UAV_1;415;7127.023;5635.173;119.729;14.168;142.186;0.0
UAV_1;416;7115.123;5643.101;119.394;14.303;146.327;0.0
UAV_1;417;7102.58;5650.229;119.065;14.431;150.393;0.0
UAV_1;418;7089.463;5656.516;118.743;14.55;154.39;0.0
UAV_1;419;7075.845;5661.928;118.429;14.657;158.325;0.0
UAV_1;420;7061.803;5666.435;118.122;14.75;162.206;0.0
UAV_1;421;7047.416;5670.011;117.824;14.828;166.042;0.0
UAV_1;422;7032.764;5672.636;117.534;14.889;169.843;0.0
UAV_1;423;7017.928;5674.296;117.253;14.931;173.617;0.0
UAV_1;424;7002.992;5674.98;116.982;14.954;177.374;0.0
UAV_1;425;6988.039;5674.687;116.721;14.958;181.125;0.0
UAV_1;426;6973.153;5673.416;116.469;14.942;184.879;0.0
UAV_1;427;6958.418;5671.176;116.229;14.907;188.645;0.0
UAV_1;428;6943.915;5667.978;115.999;14.853;192.434;0.0
UAV_1;429;6929.725;5663.841;115.78;14.782;196.254;0.0
UAV_1;430;6915.929;5658.788;115.573;14.694;200.117;0.0
UAV_1;431;6902.602;5652.846;115.377;14.592;204.029;0.0
UAV_1;432;6889.821;5646.05;115.194;14.477;208.0;0.0
UAV_1;433;6877.655;5638.437;115.023;14.352;212.037;0.0
UAV_1;434;6866.174;5630.05;114.865;14.219;216.148;0.0
UAV_1;435;6855.441;5620.936;114.719;14.081;220.338;0.0
UAV_1;436;6845.517;5611.145;114.586;13.942;224.611;0.0
UAV_1;437;6836.456;5600.733;114.467;13.803;228.971;0.0
UAV_1;438;6828.31;5589.757;114.36;13.669;233.418;0.0
UAV_1;439;6821.125;5578.28;114.268;13.542;237.951;0.0
UAV_1;440;6814.939;5566.364;114.189;13.425;242.566;0.0
UAV_1;441;6809.789;5554.078;114.123;13.322;247.257;0.0
UAV_1;442;6805.702;5541.489;114.072;13.236;252.015;0.0
UAV_1;443;6802.702;5528.668;114.034;13.167;256.83;0.0
UAV_1;444;6800.805;5515.687;114.01;13.119;261.687;0.0
UAV_1;445;6800.022;5502.618;114.0;13.092;266.572;0.0
UAV_1;446;6800.358;5489.534;114.004;13.088;271.469;0.0
UAV_1;447;6801.81;5476.509;114.023;13.106;276.361;0.0
UAV_1;448;6804.37;5463.615;114.055;13.146;281.232;0.0
UAV_1;449;6808.025;5450.925;114.101;13.206;286.065;0.0
UAV_1;450;6812.753;5438.509;114.161;13.286;290.847;0.0
UAV_1;451;6818.528;5426.437;114.234;13.382;295.567;0.0
UAV_1;452;6825.318;5414.777;114.322;13.494;300.213;0.0
UAV_1;453;6833.085;5403.593;114.422;13.617;304.779;0.0
UAV_1;454;6841.786;5392.948;114.537;13.749;309.261;0.0
UAV_1;455;6851.371;5382.902;114.664;13.886;313.655;0.0
UAV_1;456;6861.787;5373.511;114.805;14.026;317.963;0.0
UAV_1;457;6872.977;5364.827;114.958;14.165;322.186;0.0
UAV_1;458;6884.877;5356.899;115.124;14.3;326.327;0.0
UAV_1;459;6897.42;5349.771;115.303;14.428;330.393;0.0
UAV_1;460;6910.537;5343.484;115.493;14.548;334.39;0.0
UAV_1;461;6924.155;5338.072;115.696;14.655;338.325;0.0
UAV_1;462;6938.197;5333.565;115.91;14.749;342.206;0.0
UAV_1;463;6952.584;5329.989;116.135;14.827;346.042;0.0
UAV_1;464;6967.236;5327.364;116.372;14.888;349.843;0.0
UAV_1;465;6982.072;5325.704;116.619;14.93;353.617;0.0
UAV_1;466;6997.008;5325.02;116.876;14.954;357.374;0.0
UAV_1;467;7011.961;5325.313;117.144;14.958;1.125;0.0
UAV_1;468;7026.847;5326.584;117.421;14.943;4.879;0.0
UAV_1;469;7041.582;5328.824;117.707;14.908;8.645;0.0
UAV_1;470;7056.085;5332.022;118.002;14.854;12.434;0.0
UAV_1;471;7070.275;5336.159;118.305;14.783;16.254;0.0
UAV_1;472;7084.071;5341.212;118.616;14.696;20.117;0.0
UAV_1;473;7097.398;5347.154;118.935;14.594;24.029;0.0
UAV_1;474;7110.179;5353.95;119.261;14.48;28.0;0.0
UAV_1;475;7122.345;5361.563;119.594;14.355;32.037;0.0
UAV_1;476;7133.826;5369.95;119.933;14.222;36.148;0.0
UAV_1;477;7144.559;5379.064;120.277;14.085;40.338;0.0
UAV_1;478;7150.0;5388.855;120.627;11.206;60.938;0.0
UAV_1;479;7150.0;5399.267;120.981;10.418;90.0;0.0
UAV_1;480;7150.0;5410.243;121.34;10.981;90.0;0.0
UAV_1;481;7150.0;5421.72;121.702;11.483;90.0;0.0
UAV_1;482;7150.0;5433.636;122.067;11.921;90.0;0.0
UAV_1;483;7150.0;5445.922;122.436;12.292;90.0;0.0
UAV_1;484;7150.0;5458.511;122.806;12.594;90.0;0.0
UAV_1;485;7150.0;5471.332;123.178;12.826;90.0;0.0
UAV_1;486;7150.0;5484.313;123.551;12.987;90.0;0.0
UAV_1;487;7150.0;5497.382;123.925;13.074;90.0;0.0
UAV_1;488;7150.0;5510.466;124.299;13.089;90.0;0.0
UAV_1;489;7150.0;5523.491;124.673;13.03;90.0;0.0
UAV_1;490;7150.0;5536.385;125.045;12.899;90.0;0.0
UAV_1;491;7150.0;5549.075;125.416;12.696;90.0;0.0
UAV_1;492;7150.0;5561.491;125.786;12.421;90.0;0.0
UAV_1;493;7150.0;5573.563;126.152;12.077;90.0;0.0
UAV_1;494;7150.0;5585.223;126.516;11.666;90.0;0.0
UAV_1;495;7150.0;5596.407;126.876;11.19;90.0;0.0
UAV_1;496;7150.0;5607.052;127.232;10.651;90.0;0.0
UAV_1;497;7148.629;5617.098;127.584;10.145;97.771;0.0
UAV_1;498;7138.213;5626.489;127.93;14.029;137.963;0.0
UAV_1;499;7127.023;5635.173;128.271;14.168;142.186;0.0
UAV_1;500;7115.123;5643.101;128.606;14.303;146.327;0.0
UAV_1;501;7102.58;5650.229;128.935;14.431;150.393;0.0
UAV_1;502;7089.463;5656.516;129.257;14.55;154.39;0.0
UAV_1;503;7075.845;5661.928;129.571;14.657;158.325;0.0
UAV_1;504;7061.803;5666.435;129.878;14.75;162.206;0.0
UAV_1;505;7047.416;5670.011;130.176;14.828;166.042;0.0
UAV_1;506;7032.764;5672.636;130.466;14.889;169.843;0.0
UAV_1;507;7017.928;5674.296;130.747;14.931;173.617;0.0
UAV_1;508;7002.992;5674.98;131.018;14.954;177.374;0.0
UAV_1;509;6988.039;5674.687;131.279;14.958;181.125;0.0
UAV_1;510;6973.153;5673.416;131.531;14.942;184.879;0.0
UAV_1;511;6958.418;5671.176;131.771;14.907;188.645;0.0
UAV_1;512;6943.915;5667.978;132.001;14.853;192.434;0.0
UAV_1;513;6929.725;5663.841;132.22;14.782;196.254;0.0
UAV_1;514;6915.929;5658.788;132.427;14.694;200.117;0.0
UAV_1;515;6902.602;5652.846;132.623;14.592;204.029;0.0
UAV_1;516;6889.821;5646.05;132.806;14.477;208.0;0.0
UAV_1;517;6877.655;5638.437;132.977;14.352;212.037;0.0
UAV_1;518;6866.174;5630.05;133.135;14.219;216.148;0.0
UAV_1;519;6855.441;5620.936;133.281;14.081;220.338;0.0
UAV_1;520;6845.517;5611.145;133.414;13.942;224.611;0.0
UAV_1;521;6836.456;5600.733;133.533;13.803;228.971;0.0
UAV_1;522;6828.31;5589.757;133.64;13.669;233.418;0.0
UAV_1;523;6821.125;5578.28;133.732;13.542;237.951;0.0
UAV_1;524;6814.939;5566.364;133.811;13.425;242.566;0.0
UAV_1;525;6809.789;5554.078;133.877;13.322;247.257;0.0
UAV_1;526;6805.702;5541.489;133.928;13.236;252.015;0.0
UAV_1;527;6802.702;5528.668;133.966;13.167;256.83;0.0
UAV_1;528;6800.805;5515.687;133.99;13.119;261.687;0.0
UAV_1;529;6800.022;5502.618;134.0;13.092;266.572;0.0
UAV_1;530;6800.358;5489.534;133.996;13.088;271.469;0.0
UAV_1;531;6801.81;5476.509;133.977;13.106;276.361;0.0
UAV_1;532;6804.37;5463.615;133.945;13.146;281.232;0.0
UAV_1;533;6808.025;5450.925;133.899;13.206;286.065;0.0
UAV_1;534;6812.753;5438.509;133.839;13.286;290.847;0.0
UAV_1;535;6818.528;5426.437;133.766;13.382;295.567;0.0
UAV_1;536;6825.318;5414.777;133.678;13.494;300.213;0.0
UAV_1;537;6833.085;5403.593;133.578;13.617;304.779;0.0
UAV_1;538;6841.786;5392.948;133.463;13.749;309.261;0.0
UAV_1;539;6851.371;5382.902;133.336;13.886;313.655;0.0
UAV_1;540;6861.787;5373.511;133.195;14.026;317.963;0.0
UAV_1;541;6872.977;5364.827;133.042;14.165;322.186;0.0
UAV_1;542;6884.877;5356.899;132.876;14.3;326.327;0.0
UAV_1;543;6897.42;5349.771;132.697;14.428;330.393;0.0
UAV_1;544;6910.537;5343.484;132.507;14.548;334.39;0.0
UAV_1;545;6924.155;5338.072;132.304;14.655;338.325;0.0
UAV_1;546;6938.197;5333.565;132.09;14.749;342.206;0.0
UAV_1;547;6952.584;5329.989;131.865;14.827;346.042;0.0
UAV_1;548;6967.236;5327.364;131.628;14.888;349.843;0.0
UAV_1;549;6982.072;5325.704;131.381;14.93;353.617;0.0
UAV_1;550;6997.008;5325.02;131.124;14.954;357.374;0.0
UAV_1;551;7011.961;5325.313;130.856;14.958;1.125;0.0
UAV_1;552;7026.847;5326.584;130.579;14.943;4.879;0.0
UAV_1;553;7041.582;5328.824;130.293;14.908;8.645;0.0
UAV_1;554;7056.085;5332.022;129.998;14.854;12.434;0.0
UAV_1;555;7070.275;5336.159;129.695;14.783;16.254;0.0
UAV_1;556;7084.071;5341.212;129.384;14.696;20.117;0.0
UAV_1;557;7097.398;5347.154;129.065;14.594;24.029;0.0
UAV_1;558;7110.179;5353.95;128.739;14.48;28.0;0.0
UAV_1;559;7122.345;5361.563;128.406;14.355;32.037;0.0
UAV_1;560;7133.826;5369.95;128.067;14.222;36.148;0.0
UAV_1;561;7144.559;5379.064;127.723;14.085;40.338;0.0
UAV_1;562;7150.0;5388.855;127.373;11.206;60.938;0.0
UAV_1;563;7150.0;5399.267;127.019;10.418;90.0;0.0
UAV_1;564;7150.0;5410.243;126.66;10.981;90.0;0.0
UAV_1;565;7150.0;5421.72;126.298;11.483;90.0;0.0
UAV_1;566;7150.0;5433.636;125.933;11.921;90.0;0.0
UAV_1;567;7150.0;5445.922;125.564;12.292;90.0;0.0
UAV_1;568;7150.0;5458.511;125.194;12.594;90.0;0.0
UAV_1;569;7150.0;5471.332;124.822;12.826;90.0;0.0
UAV_1;570;7150.0;5484.313;124.449;12.987;90.0;0.0
UAV_1;571;7150.0;5497.382;124.075;13.074;90.0;0.0
UAV_1;572;7150.0;5510.466;123.701;13.089;90.0;0.0
UAV_1;573;7150.0;5523.491;123.327;13.03;90.0;0.0
UAV_1;574;7150.0;5536.385;122.955;12.899;90.0;0.0
UAV_1;575;7150.0;5549.075;122.584;12.696;90.0;0.0
UAV_1;576;7150.0;5561.491;122.214;12.421;90.0;0.0
UAV_1;577;7150.0;5573.563;121.848;12.077;90.0;0.0
UAV_1;578;7150.0;5585.223;121.484;11.666;90.0;0.0
UAV_1;579;7150.0;5596.407;121.124;11.19;90.0;0.0
UAV_1;580;7150.0;5607.052;120.768;10.651;90.0;0.0
UAV_1;581;7148.629;5617.098;120.416;10.145;97.771;0.0
UAV_1;582;7138.213;5626.489;120.07;14.029;137.963;0.0
UAV_1;583;7127.023;5635.173;119.729;14.168;142.186;0.0
UAV_1;584;7115.123;5643.101;119.394;14.303;146.327;0.0
UAV_1;585;7102.58;5650.229;119.065;14.431;150.393;0.0
UAV_1;586;7089.463;5656.516;118.743;14.55;154.39;0.0
UAV_1;587;7075.845;5661.928;118.429;14.657;158.325;0.0
UAV_1;588;7061.803;5666.435;118.122;14.75;162.206;0.0
UAV_1;589;7047.416;5670.011;117.824;14.828;166.042;0.0
UAV_1;590;7032.764;5672.636;117.534;14.889;169.843;0.0
UAV_1;591;7017.928;5674.296;117.253;14.931;173.617;0.0
UAV_1;592;7002.992;5674.98;116.982;14.954;177.374;0.0
UAV_1;593;6988.039;5674.687;116.721;14.958;181.125;0.0
UAV_1;594;6973.153;5673.416;116.469;14.942;184.879;0.0
UAV_1;595;6958.418;5671.176;116.229;14.907;188.645;0.0
UAV_1;596;6943.915;5667.978;115.999;14.853;192.434;0.0
UAV_1;597;6929.725;5663.841;115.78;14.782;196.254;0.0
UAV_1;598;6915.929;5658.788;115.573;14.694;200.117;0.0
UAV_1;599;6902.602;5652.846;115.377;14.592;204.029;0.0
UAV_1;600;6889.821;5646.05;115.194;14.477;208.0;0.0
UAV_2;0;5150.0;7211.679;137.511;22.0;234.0;0.0
UAV_2;1;5150.0;7200.429;137.615;11.251;270.0;0.0
UAV_2;2;5150.0;7188.667;137.707;11.762;270.0;0.0
UAV_2;3;5150.0;7176.453;137.786;12.214;270.0;0.0
UAV_2;4;5150.0;7163.849;137.854;12.604;270.0;0.0
UAV_2;5;5150.0;7150.921;137.908;12.929;270.0;0.0
UAV_2;6;5150.0;7137.732;137.95;13.188;270.0;0.0
UAV_2;7;5150.0;7124.352;137.979;13.381;270.0;0.0
UAV_2;8;5150.0;7110.847;137.996;13.505;270.0;0.0
UAV_2;9;5150.0;7097.287;138.0;13.56;270.0;0.0
UAV_2;10;5150.0;7083.741;137.991;13.546;270.0;0.0
UAV_2;11;5150.0;7070.277;137.969;13.463;270.0;0.0
UAV_2;12;5150.0;7056.966;137.935;13.312;270.0;0.0
UAV_2;13;5150.0;7043.873;137.888;13.093;270.0;0.0
UAV_2;14;5150.0;7031.067;137.828;12.807;270.0;0.0
UAV_2;15;5150.0;7018.611;137.756;12.455;270.0;0.0
UAV_2;16;5150.0;7006.571;137.671;12.041;270.0;0.0
UAV_2;17;5150.0;6995.006;137.575;11.565;270.0;0.0
UAV_2;18;5150.0;6983.977;137.465;11.03;270.0;0.0
UAV_2;19;5150.0;6973.539;137.344;10.439;270.0;0.0
UAV_2;20;5150.0;6963.745;137.211;9.795;270.0;0.0
UAV_2;21;5158.32;6954.646;137.066;12.33;312.436;0.0
UAV_2;22;5170.687;6946.287;136.91;14.928;325.947;0.0
UAV_2;23;5183.714;6938.711;136.742;15.07;329.821;0.0
UAV_2;24;5197.333;6931.958;136.563;15.203;333.624;0.0
UAV_2;25;5211.476;6926.06;136.374;15.324;337.364;0.0
UAV_2;26;5226.069;6921.05;136.173;15.431;341.049;0.0
UAV_2;27;5241.039;6916.951;135.962;15.523;344.687;0.0
UAV_2;28;5256.31;6913.784;135.741;15.597;348.286;0.0
UAV_2;29;5271.803;6911.567;135.511;15.653;351.855;0.0
UAV_2;30;5287.44;6910.31;135.27;15.689;355.404;0.0
UAV_2;31;5303.141;6910.019;135.02;15.706;358.94;0.0
UAV_2;32;5318.827;6910.697;134.762;15.702;2.474;0.0
UAV_2;33;5334.416;6912.339;134.494;15.678;6.014;0.0
UAV_2;34;5349.829;6914.938;134.219;15.634;9.569;0.0
UAV_2;35;5364.989;6918.479;133.935;15.571;13.149;0.0
UAV_2;36;5379.818;6922.946;133.644;15.489;16.763;0.0
UAV_2;37;5394.24;6928.315;133.346;15.392;20.419;0.0
UAV_2;38;5408.181;6934.558;133.041;15.279;24.125;0.0
UAV_2;39;5421.572;6941.645;132.73;15.153;27.889;0.0
UAV_2;40;5434.343;6949.539;132.412;15.017;31.72;0.0
UAV_2;41;5446.429;6958.199;132.089;14.872;35.623;0.0
UAV_2;42;5457.769;6967.582;131.761;14.722;39.605;0.0
UAV_2;43;5468.305;6977.64;131.428;14.57;43.669;0.0
UAV_2;44;5477.984;6988.321;131.09;14.418;47.819;0.0
UAV_2;45;5486.755;6999.571;130.749;14.27;52.057;0.0
UAV_2;46;5494.575;7011.333;130.404;14.129;56.382;0.0
UAV_2;47;5501.404;7023.547;130.056;13.997;60.792;0.0
UAV_2;48;5507.206;7036.151;129.705;13.879;65.281;0.0
UAV_2;49;5511.952;7049.079;129.352;13.777;69.842;0.0
UAV_2;50;5515.618;7062.268;128.998;13.693;74.465;0.0
UAV_2;51;5518.186;7075.648;128.642;13.629;79.138;0.0
UAV_2;52;5519.641;7089.153;128.286;13.588;83.848;0.0
UAV_2;53;5519.978;7102.713;127.929;13.569;88.579;0.0
UAV_2;54;5519.193;7116.259;127.572;13.574;93.315;0.0
UAV_2;55;5517.291;7129.723;127.215;13.602;98.039;0.0
UAV_2;56;5514.283;7143.034;126.86;13.652;102.736;0.0
UAV_2;57;5510.182;7156.127;126.506;13.724;107.391;0.0
UAV_2;58;5505.01;7168.933;126.154;13.816;111.991;0.0
UAV_2;59;5498.794;7181.389;125.805;13.925;116.524;0.0
UAV_2;60;5491.564;7193.429;125.458;14.048;120.982;0.0
UAV_2;61;5483.358;7204.994;125.114;14.184;125.358;0.0
UAV_2;62;5474.218;7216.023;124.774;14.328;129.648;0.0
UAV_2;63;5464.191;7226.461;124.439;14.478;133.851;0.0
UAV_2;64;5453.326;7236.255;124.107;14.631;137.967;0.0
UAV_2;65;5441.68;7245.354;123.781;14.783;141.998;0.0
UAV_2;66;5429.313;7253.713;123.46;14.931;145.947;0.0
UAV_2;67;5416.286;7261.289;123.145;15.073;149.821;0.0
UAV_2;68;5402.667;7268.042;122.836;15.205;153.624;0.0
UAV_2;69;5388.524;7273.94;122.534;15.326;157.364;0.0
UAV_2;70;5373.931;7278.95;122.238;15.433;161.049;0.0
UAV_2;71;5358.961;7283.049;121.95;15.524;164.687;0.0
UAV_2;72;5343.69;7286.216;121.67;15.598;168.286;0.0
UAV_2;73;5328.197;7288.433;121.398;15.654;171.855;0.0
UAV_2;74;5312.56;7289.69;121.134;15.69;175.404;0.0
UAV_2;75;5296.859;7289.981;120.879;15.706;178.94;0.0
UAV_2;76;5281.173;7289.303;120.633;15.702;182.474;0.0
UAV_2;77;5265.584;7287.661;120.396;15.677;186.014;0.0
UAV_2;78;5250.171;7285.062;120.169;15.633;189.569;0.0
UAV_2;79;5235.011;7281.521;119.952;15.569;193.149;0.0
UAV_2;80;5220.182;7277.054;119.745;15.488;196.763;0.0
UAV_2;81;5205.76;7271.685;119.549;15.39;200.419;0.0
UAV_2;82;5191.819;7265.442;119.364;15.277;204.125;0.0
UAV_2;83;5178.428;7258.355;119.189;15.151;207.889;0.0
UAV_2;84;5165.657;7250.461;119.026;15.014;211.72;0.0
UAV_2;85;5153.571;7241.801;118.874;14.87;215.623;0.0
UAV_2;86;5150.0;7232.418;118.734;10.041;249.163;0.0
UAV_2;87;5150.0;7222.36;118.606;10.059;270.0;0.0
UAV_2;88;5150.0;7211.679;118.489;10.682;270.0;0.0
UAV_2;89;5150.0;7200.429;118.385;11.251;270.0;0.0
UAV_2;90;5150.0;7188.667;118.293;11.762;270.0;0.0
UAV_2;91;5150.0;7176.453;118.214;12.214;270.0;0.0
UAV_2;92;5150.0;7163.849;118.146;12.604;270.0;0.0
UAV_2;93;5150.0;7150.921;118.092;12.929;270.0;0.0
UAV_2;94;5150.0;7137.732;118.05;13.188;270.0;0.0
UAV_2;95;5150.0;7124.352;118.021;13.381;270.0;0.0
UAV_2;96;5150.0;7110.847;118.004;13.505;270.0;0.0
UAV_2;97;5150.0;7097.287;118.0;13.56;270.0;0.0
UAV_2;98;5150.0;7083.741;118.009;13.546;270.0;0.0
UAV_2;99;5150.0;7070.277;118.031;13.463;270.0;0.0
UAV_2;100;5150.0;7056.966;118.065;13.312;270.0;0.0
UAV_2;101;5150.0;7043.873;118.112;13.093;270.0;0.0
UAV_2;102;5150.0;7031.067;118.172;12.807;270.0;0.0
UAV_2;103;5150.0;7018.611;118.244;12.455;270.0;0.0
UAV_2;104;5150.0;7006.571;118.329;12.041;270.0;0.0
UAV_2;105;5150.0;6995.006;118.425;11.565;270.0;0.0
UAV_2;106;5150.0;6983.977;118.535;11.03;270.0;0.0
UAV_2;107;5150.0;6973.539;118.656;10.439;270.0;0.0
UAV_2;108;5150.0;6963.745;118.789;9.795;270.0;0.0
UAV_2;109;5158.32;6954.646;118.934;12.33;312.436;0.0
UAV_2;110;5170.687;6946.287;119.09;14.928;325.947;0.0
UAV_2;111;5183.714;6938.711;119.258;15.07;329.821;0.0
UAV_2;112;5197.333;6931.958;119.437;15.203;333.624;0.0
UAV_2;113;5211.476;6926.06;119.626;15.324;337.364;0.0
UAV_2;114;5226.069;6921.05;119.827;15.431;341.049;0.0
UAV_2;115;5241.039;6916.951;120.038;15.523;344.687;0.0
UAV_2;116;5256.31;6913.784;120.259;15.597;348.286;0.0
UAV_2;117;5271.803;6911.567;120.489;15.653;351.855;0.0
UAV_2;118;5287.44;6910.31;120.73;15.689;355.404;0.0
UAV_2;119;5303.141;6910.019;120.98;15.706;358.94;0.0
UAV_2;120;5318.827;6910.697;121.238;15.702;2.474;0.0
UAV_2;121;5334.416;6912.339;121.506;15.678;6.014;0.0
UAV_2;122;5349.829;6914.938;121.781;15.634;9.569;0.0
UAV_2;123;5364.989;6918.479;122.065;15.571;13.149;0.0
UAV_2;124;5379.818;6922.946;122.356;15.489;16.763;0.0
UAV_2;125;5394.24;6928.315;122.654;15.392;20.419;0.0
UAV_2;126;5408.181;6934.558;122.959;15.279;24.125;0.0
UAV_2;127;5421.572;6941.645;123.27;15.153;27.889;0.0
UAV_2;128;5434.343;6949.539;123.588;15.017;31.72;0.0
UAV_2;129;5446.429;6958.199;123.911;14.872;35.623;0.0
UAV_2;130;5457.769;6967.582;124.239;14.722;39.605;0.0
UAV_2;131;5468.305;6977.64;124.572;14.57;43.669;0.0
UAV_2;132;5477.984;6988.321;124.91;14.418;47.819;0.0
UAV_2;133;5486.755;6999.571;125.251;14.27;52.057;0.0
UAV_2;134;5494.575;7011.333;125.596;14.129;56.382;0.0
UAV_2;135;5501.404;7023.547;125.944;13.997;60.792;0.0
UAV_2;136;5507.206;7036.151;126.295;13.879;65.281;0.0
UAV_2;137;5511.952;7049.079;126.648;13.777;69.842;0.0
UAV_2;138;5515.618;7062.268;127.002;13.693;74.465;0.0
UAV_2;139;5518.186;7075.648;127.358;13.629;79.138;0.0
UAV_2;140;5519.641;7089.153;127.714;13.588;83.848;0.0
UAV_2;141;5519.978;7102.713;128.071;13.569;88.579;0.0
UAV_2;142;5519.193;7116.259;128.428;13.574;93.315;0.0
UAV_2;143;5517.291;7129.723;128.785;13.602;98.039;0.0
UAV_2;144;5514.283;7143.034;129.14;13.652;102.736;0.0
UAV_2;145;5510.182;7156.127;129.494;13.724;107.391;0.0
UAV_2;146;5505.01;7168.933;129.846;13.816;111.991;0.0
UAV_2;147;5498.794;7181.389;130.195;13.925;116.524;0.0
UAV_2;148;5491.564;7193.429;130.542;14.048;120.982;0.0
UAV_2;149;5483.358;7204.994;130.886;14.184;125.358;0.0
UAV_2;150;5474.218;7216.023;131.226;14.328;129.648;0.0
UAV_2;151;5464.191;7226.461;131.561;14.478;133.851;0.0
UAV_2;152;5453.326;7236.255;131.893;14.631;137.967;0.0
UAV_2;153;5441.68;7245.354;132.219;14.783;141.998;0.0
UAV_2;154;5429.313;7253.713;132.54;14.931;145.947;0.0
UAV_2;155;5416.286;7261.289;132.855;15.073;149.821;0.0
UAV_2;156;5402.667;7268.042;133.164;15.205;153.624;0.0
UAV_2;157;5388.524;7273.94;133.466;15.326;157.364;0.0
UAV_2;158;5373.931;7278.95;133.762;15.433;161.049;0.0
UAV_2;159;5358.961;7283.049;134.05;15.524;164.687;0.0
UAV_2;160;5343.69;7286.216;134.33;15.598;168.286;0.0
UAV_2;161;5328.197;7288.433;134.602;15.654;171.855;0.0
UAV_2;162;5312.56;7289.69;134.866;15.69;175.404;0.0
UAV_2;163;5296.859;7289.981;135.121;15.706;178.94;0.0
UAV_2;164;5281.173;7289.303;135.367;15.702;182.474;0.0
UAV_2;165;5265.584;7287.661;135.604;15.677;186.014;0.0
UAV_2;166;5250.171;7285.062;135.831;15.633;189.569;0.0
UAV_2;167;5235.011;7281.521;136.048;15.569;193.149;0.0
UAV_2;168;5220.182;7277.054;136.255;15.488;196.763;0.0
UAV_2;169;5205.76;7271.685;136.451;15.39;200.419;0.0
UAV_2;170;5191.819;7265.442;136.636;15.277;204.125;0.0
UAV_2;171;5178.428;7258.355;136.811;15.151;207.889;0.0
UAV_2;172;5165.657;7250.461;136.974;15.014;211.72;0.0
UAV_2;173;5153.571;7241.801;137.126;14.87;215.623;0.0
UAV_2;174;5150.0;7232.418;137.266;10.041;249.163;0.0
UAV_2;175;5150.0;7222.36;137.394;10.059;270.0;0.0
UAV_2;176;5150.0;7211.679;137.511;10.682;270.0;0.0
UAV_2;177;5150.0;7200.429;137.615;11.251;270.0;0.0
UAV_2;178;5150.0;7188.667;137.707;11.762;270.0;0.0
UAV_2;179;5150.0;7176.453;137.786;12.214;270.0;0.0
UAV_2;180;5150.0;7163.849;137.854;12.604;270.0;0.0
UAV_2;181;5150.0;7150.921;137.908;12.929;270.0;0.0
UAV_2;182;5150.0;7137.732;137.95;13.188;270.0;0.0
UAV_2;183;5150.0;7124.352;137.979;13.381;270.0;0.0
UAV_2;184;5150.0;7110.847;137.996;13.505;270.0;0.0
UAV_2;185;5150.0;7097.287;138.0;13.56;270.0;0.0
UAV_2;186;5150.0;7083.741;137.991;13.546;270.0;0.0
UAV_2;187;5150.0;7070.277;137.969;13.463;270.0;0.0
UAV_2;188;5150.0;7056.966;137.935;13.312;270.0;0.0
UAV_2;189;5150.0;7043.873;137.888;13.093;270.0;0.0
UAV_2;190;5150.0;7031.067;137.828;12.807;270.0;0.0
UAV_2;191;5150.0;7018.611;137.756;12.455;270.0;0.0
UAV_2;192;5150.0;7006.571;137.671;12.041;270.0;0.0
UAV_2;193;5150.0;6995.006;137.575;11.565;270.0;0.0
UAV_2;194;5150.0;6983.977;137.465;11.03;270.0;0.0
UAV_2;195;5150.0;6973.539;137.344;10.439;270.0;0.0
UAV_2;196;5150.0;6963.745;137.211;9.795;270.0;0.0
UAV_2;197;5158.32;6954.646;137.066;12.33;312.436;0.0
UAV_2;198;5170.687;6946.287;136.91;14.928;325.947;0.0
UAV_2;199;5183.714;6938.711;136.742;15.07;329.821;0.0
UAV_2;200;5197.333;6931.958;136.563;15.203;333.624;0.0
UAV_2;201;5211.476;6926.06;136.374;15.324;337.364;0.0
UAV_2;202;5226.069;6921.05;136.173;15.431;341.049;0.0
UAV_2;203;5241.039;6916.951;135.962;15.523;344.687;0.0
UAV_2;204;5256.31;6913.784;135.741;15.597;348.286;0.0
UAV_2;205;5271.803;6911.567;135.511;15.653;351.855;0.0
UAV_2;206;5287.44;6910.31;135.27;15.689;355.404;0.0
UAV_2;207;5303.141;6910.019;135.02;15.706;358.94;0.0
UAV_2;208;5318.827;6910.697;134.762;15.702;2.474;0.0
UAV_2;209;5334.416;6912.339;134.494;15.678;6.014;0.0
UAV_2;210;5349.829;6914.938;134.219;15.634;9.569;0.0
UAV_2;211;5364.989;6918.479;133.935;15.571;13.149;0.0
UAV_2;212;5379.818;6922.946;133.644;15.489;16.763;0.0
UAV_2;213;5394.24;6928.315;133.346;15.392;20.419;0.0
UAV_2;214;5408.181;6934.558;133.041;15.279;24.125;0.0
UAV_2;215;5421.572;6941.645;132.73;15.153;27.889;0.0
UAV_2;216;5434.343;6949.539;132.412;15.017;31.72;0.0
UAV_2;217;5446.429;6958.199;132.089;14.872;35.623;0.0
UAV_2;218;5457.769;6967.582;131.761;14.722;39.605;0.0
UAV_2;219;5468.305;6977.64;131.428;14.57;43.669;0.0
UAV_2;220;5477.984;6988.321;131.09;14.418;47.819;0.0
UAV_2;221;5486.755;6999.571;130.749;14.27;52.057;0.0
UAV_2;222;5494.575;7011.333;130.404;14.129;56.382;0.0
UAV_2;223;5501.404;7023.547;130.056;13.997;60.792;0.0
UAV_2;224;5507.206;7036.151;129.705;13.879;65.281;0.0
UAV_2;225;5511.952;7049.079;129.352;13.777;69.842;0.0
UAV_2;226;5515.618;7062.268;128.998;13.693;74.465;0.0
UAV_2;227;5518.186;7075.648;128.642;13.629;79.138;0.0
UAV_2;228;5519.641;7089.153;128.286;13.588;83.848;0.0
UAV_2;229;5519.978;7102.713;127.929;13.569;88.579;0.0
UAV_2;230;5519.193;7116.259;127.572;13.574;93.315;0.0
UAV_2;231;5517.291;7129.723;127.215;13.602;98.039;0.0
UAV_2;232;5514.283;7143.034;126.86;13.652;102.736;0.0
UAV_2;233;5510.182;7156.127;126.506;13.724;107.391;0.0
UAV_2;234;5505.01;7168.933;126.154;13.816;111.991;0.0
UAV_2;235;5498.794;7181.389;125.805;13.925;116.524;0.0
UAV_2;236;5491.564;7193.429;125.458;14.048;120.982;0.0
UAV_2;237;5483.358;7204.994;125.114;14.184;125.358;0.0
UAV_2;238;5474.218;7216.023;124.774;14.328;129.648;0.0
UAV_2;239;5464.191;7226.461;124.439;14.478;133.851;0.0
UAV_2;240;5453.326;7236.255;124.107;14.631;137.967;0.0
UAV_2;241;5441.68;7245.354;123.781;14.783;141.998;0.0
UAV_2;242;5429.313;7253.713;123.46;14.931;145.947;0.0
UAV_2;243;5416.286;7261.289;123.145;15.073;149.821;0.0
UAV_2;244;5402.667;7268.042;122.836;15.205;153.624;0.0
UAV_2;245;5388.524;7273.94;122.534;15.326;157.364;0.0
UAV_2;246;5373.931;7278.95;122.238;15.433;161.049;0.0
UAV_2;247;5358.961;7283.049;121.95;15.524;164.687;0.0
UAV_2;248;5343.69;7286.216;121.67;15.598;168.286;0.0
UAV_2;249;5328.197;7288.433;121.398;15.654;171.855;0.0
UAV_2;250;5312.56;7289.69;121.134;15.69;175.404;0.0
UAV_2;251;5296.859;7289.981;120.879;15.706;178.94;0.0
UAV_2;252;5281.173;7289.303;120.633;15.702;182.474;0.0
UAV_2;253;5265.584;7287.661;120.396;15.677;186.014;0.0
UAV_2;254;5250.171;7285.062;120.169;15.633;189.569;0.0
UAV_2;255;5235.011;7281.521;119.952;15.569;193.149;0.0
UAV_2;256;5220.182;7277.054;119.745;15.488;196.763;0.0
UAV_2;257;5205.76;7271.685;119.549;15.39;200.419;0.0
UAV_2;258;5191.819;7265.442;119.364;15.277;204.125;0.0
UAV_2;259;5178.428;7258.355;119.189;15.151;207.889;0.0
UAV_2;260;5165.657;7250.461;119.026;15.014;211.72;0.0
UAV_2;261;5153.571;7241.801;118.874;14.87;215.623;0.0
UAV_2;262;5150.0;7232.418;118.734;10.041;249.163;0.0
UAV_2;263;5150.0;7222.36;118.606;10.059;270.0;0.0
UAV_2;264;5150.0;7211.679;118.489;10.682;270.0;0.0
UAV_2;265;5150.0;7200.429;118.385;11.251;270.0;0.0
UAV_2;266;5150.0;7188.667;118.293;11.762;270.0;0.0
UAV_2;267;5150.0;7176.453;118.214;12.214;270.0;0.0
UAV_2;268;5150.0;7163.849;118.146;12.604;270.0;0.0
UAV_2;269;5150.0;7150.921;118.092;12.929;270.0;0.0
UAV_2;270;5150.0;7137.732;118.05;13.188;270.0;0.0
UAV_2;271;5150.0;7124.352;118.021;13.381;270.0;0.0
UAV_2;272;5150.0;7110.847;118.004;13.505;270.0;0.0
UAV_2;273;5150.0;7097.287;118.0;13.56;270.0;0.0
UAV_2;274;5150.0;7083.741;118.009;13.546;270.0;0.0
UAV_2;275;5150.0;7070.277;118.031;13.463;270.0;0.0
UAV_2;276;5150.0;7056.966;118.065;13.312;270.0;0.0
UAV_2;277;5150.0;7043.873;118.112;13.093;270.0;0.0
UAV_2;278;5150.0;7031.067;118.172;12.807;270.0;0.0
UAV_2;279;5150.0;7018.611;118.244;12.455;270.0;0.0
UAV_2;280;5150.0;7006.571;118.329;12.041;270.0;0.0
UAV_2;281;5150.0;6995.006;118.425;11.565;270.0;0.0
UAV_2;282;5150.0;6983.977;118.535;11.03;270.0;0.0
UAV_2;283;5150.0;6973.539;118.656;10.439;270.0;0.0
UAV_2;284;5150.0;6963.745;118.789;9.795;270.0;0.0
UAV_2;285;5158.32;6954.646;118.934;12.33;312.436;0.0
UAV_2;286;5170.687;6946.287;119.09;14.928;325.947;0.0
UAV_2;287;5183.714;6938.711;119.258;15.07;329.821;0.0
UAV_2;288;5197.333;6931.958;119.437;15.203;333.624;0.0
UAV_2;289;5211.476;6926.06;119.626;15.324;337.364;0.0
UAV_2;290;5226.069;6921.05;119.827;15.431;341.049;0.0
UAV_2;291;5241.039;6916.951;120.038;15.523;344.687;0.0
UAV_2;292;5256.31;6913.784;120.259;15.597;348.286;0.0
UAV_2;293;5271.803;6911.567;120.489;15.653;351.855;0.0
UAV_2;294;5287.44;6910.31;120.73;15.689;355.404;0.0
UAV_2;295;5303.141;6910.019;120.98;15.706;358.94;0.0
UAV_2;296;5318.827;6910.697;121.238;15.702;2.474;0.0
UAV_2;297;5334.416;6912.339;121.506;15.678;6.014;0.0
UAV_2;298;5349.829;6914.938;121.781;15.634;9.569;0.0
UAV_2;299;5364.989;6918.479;122.065;15.571;13.149;0.0
UAV_2;300;5379.818;6922.946;122.356;15.489;16.763;0.0
UAV_2;301;5394.24;6928.315;122.654;15.392;20.419;0.0
UAV_2;302;5408.181;6934.558;122.959;15.279;24.125;0.0
UAV_2;303;5421.572;6941.645;123.27;15.153;27.889;0.0
UAV_2;304;5434.343;6949.539;123.588;15.017;31.72;0.0
UAV_2;305;5446.429;6958.199;123.911;14.872;35.623;0.0
UAV_2;306;5457.769;6967.582;124.239;14.722;39.605;0.0
UAV_2;307;5468.305;6977.64;124.572;14.57;43.669;0.0
UAV_2;308;5477.984;6988.321;124.91;14.418;47.819;0.0
UAV_2;309;5486.755;6999.571;125.251;14.27;52.057;0.0
UAV_2;310;5494.575;7011.333;125.596;14.129;56.382;0.0
UAV_2;311;5501.404;7023.547;125.944;13.997;60.792;0.0
UAV_2;312;5507.206;7036.151;126.295;13.879;65.281;0.0
UAV_2;313;5511.952;7049.079;126.648;13.777;69.842;0.0
UAV_2;314;5515.618;7062.268;127.002;13.693;74.465;0.0
UAV_2;315;5518.186;7075.648;127.358;13.629;79.138;0.0
UAV_2;316;5519.641;7089.153;127.714;13.588;83.848;0.0
UAV_2;317;5519.978;7102.713;128.071;13.569;88.579;0.0
UAV_2;318;5519.193;7116.259;128.428;13.574;93.315;0.0
UAV_2;319;5517.291;7129.723;128.785;13.602;98.039;0.0
UAV_2;320;5514.283;7143.034;129.14;13.652;102.736;0.0
UAV_2;321;5510.182;7156.127;129.494;13.724;107.391;0.0
UAV_2;322;5505.01;7168.933;129.846;13.816;111.991;0.0
UAV_2;323;5498.794;7181.389;130.195;13.925;116.524;0.0
UAV_2;324;5491.564;7193.429;130.542;14.048;120.982;0.0
UAV_2;325;5483.358;7204.994;130.886;14.184;125.358;0.0
UAV_2;326;5474.218;7216.023;131.226;14.328;129.648;0.0
UAV_2;327;5464.191;7226.461;131.561;14.478;133.851;0.0
UAV_2;328;5453.326;7236.255;131.893;14.631;137.967;0.0
UAV_2;329;5441.68;7245.354;132.219;14.783;141.998;0.0
UAV_2;330;5429.313;7253.713;132.54;14.931;145.947;0.0
UAV_2;331;5416.286;7261.289;132.855;15.073;149.821;0.0
UAV_2;332;5402.667;7268.042;133.164;15.205;153.624;0.0
UAV_2;333;5388.524;7273.94;133.466;15.326;157.364;0.0
UAV_2;334;5373.931;7278.95;133.762;15.433;161.049;0.0
UAV_2;335;5358.961;7283.049;134.05;15.524;164.687;0.0
UAV_2;336;5343.69;7286.216;134.33;15.598;168.286;0.0
UAV_2;337;5328.197;7288.433;134.602;15.654;171.855;0.0
UAV_2;338;5312.56;7289.69;134.866;15.69;175.404;0.0
UAV_2;339;5296.859;7289.981;135.121;15.706;178.94;0.0
UAV_2;340;5281.173;7289.303;135.367;15.702;182.474;0.0
UAV_2;341;5265.584;7287.661;135.604;15.677;186.014;0.0
UAV_2;342;5250.171;7285.062;135.831;15.633;189.569;0.0
UAV_2;343;5235.011;7281.521;136.048;15.569;193.149;0.0
UAV_2;344;5220.182;7277.054;136.255;15.488;196.763;0.0
UAV_2;345;5205.76;7271.685;136.451;15.39;200.419;0.0
UAV_2;346;5191.819;7265.442;136.636;15.277;204.125;0.0
UAV_2;347;5178.428;7258.355;136.811;15.151;207.889;0.0
UAV_2;348;5165.657;7250.461;136.974;15.014;211.72;0.0
UAV_2;349;5153.571;7241.801;137.126;14.87;215.623;0.0
UAV_2;350;5150.0;7232.418;137.266;10.041;249.163;0.0
UAV_2;351;5150.0;7222.36;137.394;10.059;270.0;0.0
UAV_2;352;5150.0;7211.679;137.511;10.682;270.0;0.0
UAV_2;353;5150.0;7200.429;137.615;11.251;270.0;0.0
UAV_2;354;5150.0;7188.667;137.707;11.762;270.0;0.0
UAV_2;355;5150.0;7176.453;137.786;12.214;270.0;0.0
UAV_2;356;5150.0;7163.849;137.854;12.604;270.0;0.0
UAV_2;357;5150.0;7150.921;137.908;12.929;270.0;0.0
UAV_2;358;5150.0;7137.732;137.95;13.188;270.0;0.0
UAV_2;359;5150.0;7124.352;137.979;13.381;270.0;0.0
UAV_2;360;5150.0;7110.847;137.996;13.505;270.0;0.0
UAV_2;361;5150.0;7097.287;138.0;13.56;270.0;0.0
UAV_2;362;5150.0;7083.741;137.991;13.546;270.0;0.0
UAV_2;363;5150.0;7070.277;137.969;13.463;270.0;0.0
UAV_2;364;5150.0;7056.966;137.935;13.312;270.0;0.0
UAV_2;365;5150.0;7043.873;137.888;13.093;270.0;0.0
UAV_2;366;5150.0;7031.067;137.828;12.807;270.0;0.0
UAV_2;367;5150.0;7018.611;137.756;12.455;270.0;0.0
UAV_2;368;5150.0;7006.571;137.671;12.041;270.0;0.0
UAV_2;369;5150.0;6995.006;137.575;11.565;270.0;0.0
UAV_2;370;5150.0;6983.977;137.465;11.03;270.0;0.0
UAV_2;371;5150.0;6973.539;137.344;10.439;270.0;0.0
UAV_2;372;5150.0;6963.745;137.211;9.795;270.0;0.0
UAV_2;373;5158.32;6954.646;137.066;12.33;312.436;0.0
UAV_2;374;5170.687;6946.287;136.91;14.928;325.947;0.0
UAV_2;375;5183.714;6938.711;136.742;15.07;329.821;0.0
UAV_2;376;5197.333;6931.958;136.563;15.203;333.624;0.0
UAV_2;377;5211.476;6926.06;136.374;15.324;337.364;0.0
UAV_2;378;5226.069;6921.05;136.173;15.431;341.049;0.0
UAV_2;379;5241.039;6916.951;135.962;15.523;344.687;0.0
UAV_2;380;5256.31;6913.784;135.741;15.597;348.286;0.0
UAV_2;381;5271.803;6911.567;135.511;15.653;351.855;0.0
UAV_2;382;5287.44;6910.31;135.27;15.689;355.404;0.0
UAV_2;383;5303.141;6910.019;135.02;15.706;358.94;0.0
UAV_2;384;5318.827;6910.697;134.762;15.702;2.474;0.0
UAV_2;385;5334.416;6912.339;134.494;15.678;6.014;0.0
UAV_2;386;5349.829;6914.938;134.219;15.634;9.569;0.0
UAV_2;387;5364.989;6918.479;133.935;15.571;13.149;0.0
UAV_2;388;5379.818;6922.946;133.644;15.489;16.763;0.0
UAV_2;389;5394.24;6928.315;133.346;15.392;20.419;0.0
UAV_2;390;5408.181;6934.558;133.041;15.279;24.125;0.0
UAV_2;391;5421.572;6941.645;132.73;15.153;27.889;0.0
UAV_2;392;5434.343;6949.539;132.412;15.017;31.72;0.0
UAV_2;393;5446.429;6958.199;132.089;14.872;35.623;0.0
UAV_2;394;5457.769;6967.582;131.761;14.722;39.605;0.0
UAV_2;395;5468.305;6977.64;131.428;14.57;43.669;0.0
UAV_2;396;5477.984;6988.321;131.09;14.418;47.819;0.0
UAV_2;397;5486.755;6999.571;130.749;14.27;52.057;0.0
UAV_2;398;5494.575;7011.333;130.404;14.129;56.382;0.0
UAV_2;399;5501.404;7023.547;130.056;13.997;60.792;0.0
UAV_2;400;5507.206;7036.151;129.705;13.879;65.281;0.0
UAV_2;401;5511.952;7049.079;129.352;13.777;69.842;0.0
UAV_2;402;5515.618;7062.268;128.998;13.693;74.465;0.0
UAV_2;403;5518.186;7075.648;128.642;13.629;79.138;0.0
UAV_2;404;5519.641;7089.153;128.286;13.588;83.848;0.0
UAV_2;405;5519.978;7102.713;127.929;13.569;88.579;0.0
UAV_2;406;5519.193;7116.259;127.572;13.574;93.315;0.0
UAV_2;407;5517.291;7129.723;127.215;13.602;98.039;0.0
UAV_2;408;5514.283;7143.034;126.86;13.652;102.736;0.0
UAV_2;409;5510.182;7156.127;126.506;13.724;107.391;0.0
UAV_2;410;5505.01;7168.933;126.154;13.816;111.991;0.0
UAV_2;411;5498.794;7181.389;125.805;13.925;116.524;0.0
UAV_2;412;5491.564;7193.429;125.458;14.048;120.982;0.0
UAV_2;413;5483.358;7204.994;125.114;14.184;125.358;0.0
UAV_2;414;5474.218;7216.023;124.774;14.328;129.648;0.0
UAV_2;415;5464.191;7226.461;124.439;14.478;133.851;0.0
UAV_2;416;5453.326;7236.255;124.107;14.631;137.967;0.0
UAV_2;417;5441.68;7245.354;123.781;14.783;141.998;0.0
UAV_2;418;5429.313;7253.713;123.46;14.931;145.947;0.0
UAV_2;419;5416.286;7261.289;123.145;15.073;149.821;0.0
UAV_2;420;5402.667;7268.042;122.836;15.205;153.624;0.0
UAV_2;421;5388.524;7273.94;122.534;15.326;157.364;0.0
UAV_2;422;5373.931;7278.95;122.238;15.433;161.049;0.0
UAV_2;423;5358.961;7283.049;121.95;15.524;164.687;0.0
UAV_2;424;5343.69;7286.216;121.67;15.598;168.286;0.0
UAV_2;425;5328.197;7288.433;121.398;15.654;171.855;0.0
UAV_2;426;5312.56;7289.69;121.134;15.69;175.404;0.0
UAV_2;427;5296.859;7289.981;120.879;15.706;178.94;0.0
UAV_2;428;5281.173;7289.303;120.633;15.702;182.474;0.0
UAV_2;429;5265.584;7287.661;120.396;15.677;186.014;0.0
UAV_2;430;5250.171;7285.062;120.169;15.633;189.569;0.0
UAV_2;431;5235.011;7281.521;119.952;15.569;193.149;0.0
UAV_2;432;5220.182;7277.054;119.745;15.488;196.763;0.0
UAV_2;433;5205.76;7271.685;119.549;15.39;200.419;0.0
UAV_2;434;5191.819;7265.442;119.364;15.277;204.125;0.0
UAV_2;435;5178.428;7258.355;119.189;15.151;207.889;0.0
UAV_2;436;5165.657;7250.461;119.026;15.014;211.72;0.0
UAV_2;437;5153.571;7241.801;118.874;14.87;215.623;0.0
UAV_2;438;5150.0;7232.418;118.734;10.041;249.163;0.0
UAV_2;439;5150.0;7222.36;118.606;10.059;270.0;0.0
UAV_2;440;5150.0;7211.679;118.489;10.682;270.0;0.0
UAV_2;441;5150.0;7200.429;118.385;11.251;270.0;0.0
UAV_2;442;5150.0;7188.667;118.293;11.762;270.0;0.0
UAV_2;443;5150.0;7176.453;118.214;12.214;270.0;0.0
UAV_2;444;5150.0;7163.849;118.146;12.604;270.0;0.0
UAV_2;445;5150.0;7150.921;118.092;12.929;270.0;0.0
UAV_2;446;5150.0;7137.732;118.05;13.188;270.0;0.0
UAV_2;447;5150.0;7124.352;118.021;13.381;270.0;0.0
UAV_2;448;5150.0;7110.847;118.004;13.505;270.0;0.0
UAV_2;449;5150.0;7097.287;118.0;13.56;270.0;0.0
UAV_2;450;5150.0;7083.741;118.009;13.546;270.0;0.0
UAV_2;451;5150.0;7070.277;118.031;13.463;270.0;0.0
UAV_2;452;5150.0;7056.966;118.065;13.312;270.0;0.0
UAV_2;453;5150.0;7043.873;118.112;13.093;270.0;0.0
UAV_2;454;5150.0;7031.067;118.172;12.807;270.0;0.0
UAV_2;455;5150.0;7018.611;118.244;12.455;270.0;0.0
UAV_2;456;5150.0;7006.571;118.329;12.041;270.0;0.0
UAV_2;457;5150.0;6995.006;118.425;11.565;270.0;0.0
UAV_2;458;5150.0;6983.977;118.535;11.03;270.0;0.0
UAV_2;459;5150.0;6973.539;118.656;10.439;270.0;0.0
UAV_2;460;5150.0;6963.745;118.789;9.795;270.0;0.0
UAV_2;461;5158.32;6954.646;118.934;12.33;312.436;0.0
UAV_2;462;5170.687;6946.287;119.09;14.928;325.947;0.0
UAV_2;463;5183.714;6938.711;119.258;15.07;329.821;0.0
UAV_2;464;5197.333;6931.958;119.437;15.203;333.624;0.0
UAV_2;465;5211.476;6926.06;119.626;15.324;337.364;0.0
UAV_2;466;5226.069;6921.05;119.827;15.431;341.049;0.0
UAV_2;467;5241.039;6916.951;120.038;15.523;344.687;0.0
UAV_2;468;5256.31;6913.784;120.259;15.597;348.286;0.0
UAV_2;469;5271.803;6911.567;120.489;15.653;351.855;0.0
UAV_2;470;5287.44;6910.31;120.73;15.689;355.404;0.0
UAV_2;471;5303.141;6910.019;120.98;15.706;358.94;0.0
UAV_2;472;5318.827;6910.697;121.238;15.702;2.474;0.0
UAV_2;473;5334.416;6912.339;121.506;15.678;6.014;0.0
UAV_2;474;5349.829;6914.938;121.781;15.634;9.569;0.0
UAV_2;475;5364.989;6918.479;122.065;15.571;13.149;0.0
UAV_2;476;5379.818;6922.946;122.356;15.489;16.763;0.0
UAV_2;477;5394.24;6928.315;122.654;15.392;20.419;0.0
UAV_2;478;5408.181;6934.558;122.959;15.279;24.125;0.0
UAV_2;479;5421.572;6941.645;123.27;15.153;27.889;0.0
UAV_2;480;5434.343;6949.539;123.588;15.017;31.72;0.0
UAV_2;481;5446.429;6958.199;123.911;14.872;35.623;0.0
UAV_2;482;5457.769;6967.582;124.239;14.722;39.605;0.0
UAV_2;483;5468.305;6977.64;124.572;14.57;43.669;0.0
UAV_2;484;5477.984;6988.321;124.91;14.418;47.819;0.0
UAV_2;485;5486.755;6999.571;125.251;14.27;52.057;0.0
UAV_2;486;5494.575;7011.333;125.596;14.129;56.382;0.0
UAV_2;487;5501.404;7023.547;125.944;13.997;60.792;0.0
UAV_2;488;5507.206;7036.151;126.295;13.879;65.281;0.0
UAV_2;489;5511.952;7049.079;126.648;13.777;69.842;0.0
UAV_2;490;5515.618;7062.268;127.002;13.693;74.465;0.0
UAV_2;491;5518.186;7075.648;127.358;13.629;79.138;0.0
UAV_2;492;5519.641;7089.153;127.714;13.588;83.848;0.0
UAV_2;493;5519.978;7102.713;128.071;13.569;88.579;0.0
UAV_2;494;5519.193;7116.259;128.428;13.574;93.315;0.0
UAV_2;495;5517.291;7129.723;128.785;13.602;98.039;0.0
UAV_2;496;5514.283;7143.034;129.14;13.652;102.736;0.0
UAV_2;497;5510.182;7156.127;129.494;13.724;107.391;0.0
UAV_2;498;5505.01;7168.933;129.846;13.816;111.991;0.0
UAV_2;499;5498.794;7181.389;130.195;13.925;116.524;0.0
UAV_2;500;5491.564;7193.429;130.542;14.048;120.982;0.0
UAV_2;501;5483.358;7204.994;130.886;14.184;125.358;0.0
UAV_2;502;5474.218;7216.023;131.226;14.328;129.648;0.0
UAV_2;503;5464.191;7226.461;131.561;14.478;133.851;0.0
UAV_2;504;5453.326;7236.255;131.893;14.631;137.967;0.0
UAV_2;505;5441.68;7245.354;132.219;14.783;141.998;0.0
UAV_2;506;5429.313;7253.713;132.54;14.931;145.947;0.0
UAV_2;507;5416.286;7261.289;132.855;15.073;149.821;0.0
UAV_2;508;5402.667;7268.042;133.164;15.205;153.624;0.0
UAV_2;509;5388.524;7273.94;133.466;15.326;157.364;0.0
UAV_2;510;5373.931;7278.95;133.762;15.433;161.049;0.0
UAV_2;511;5358.961;7283.049;134.05;15.524;164.687;0.0
UAV_2;512;5343.69;7286.216;134.33;15.598;168.286;0.0
UAV_2;513;5328.197;7288.433;134.602;15.654;171.855;0.0
UAV_2;514;5312.56;7289.69;134.866;15.69;175.404;0.0
UAV_2;515;5296.859;7289.981;135.121;15.706;178.94;0.0
UAV_2;516;5281.173;7289.303;135.367;15.702;182.474;0.0
UAV_2;517;5265.584;7287.661;135.604;15.677;186.014;0.0
UAV_2;518;5250.171;7285.062;135.831;15.633;189.569;0.0
UAV_2;519;5235.011;7281.521;136.048;15.569;193.149;0.0
UAV_2;520;5220.182;7277.054;136.255;15.488;196.763;0.0
UAV_2;521;5205.76;7271.685;136.451;15.39;200.419;0.0
UAV_2;522;5191.819;7265.442;136.636;15.277;204.125;0.0
UAV_2;523;5178.428;7258.355;136.811;15.151;207.889;0.0
UAV_2;524;5165.657;7250.461;136.974;15.014;211.72;0.0
UAV_2;525;5153.571;7241.801;137.126;14.87;215.623;0.0
UAV_2;526;5150.0;7232.418;137.266;10.041;249.163;0.0
UAV_2;527;5150.0;7222.36;137.394;10.059;270.0;0.0
UAV_2;528;5150.0;7211.679;137.511;10.682;270.0;0.0
UAV_2;529;5150.0;7200.429;137.615;11.251;270.0;0.0
UAV_2;530;5150.0;7188.667;137.707;11.762;270.0;0.0
UAV_2;531;5150.0;7176.453;137.786;12.214;270.0;0.0
UAV_2;532;5150.0;7163.849;137.854;12.604;270.0;0.0
UAV_2;533;5150.0;7150.921;137.908;12.929;270.0;0.0
UAV_2;534;5150.0;7137.732;137.95;13.188;270.0;0.0
UAV_2;535;5150.0;7124.352;137.979;13.381;270.0;0.0
UAV_2;536;5150.0;7110.847;137.996;13.505;270.0;0.0
UAV_2;537;5150.0;7097.287;138.0;13.56;270.0;0.0
UAV_2;538;5150.0;7083.741;137.991;13.546;270.0;0.0
UAV_2;539;5150.0;7070.277;137.969;13.463;270.0;0.0
UAV_2;540;5150.0;7056.966;137.935;13.312;270.0;0.0
UAV_2;541;5150.0;7043.873;137.888;13.093;270.0;0.0
UAV_2;542;5150.0;7031.067;137.828;12.807;270.0;0.0
UAV_2;543;5150.0;7018.611;137.756;12.455;270.0;0.0
UAV_2;544;5150.0;7006.571;137.671;12.041;270.0;0.0
UAV_2;545;5150.0;6995.006;137.575;11.565;270.0;0.0
UAV_2;546;5150.0;6983.977;137.465;11.03;270.0;0.0
UAV_2;547;5150.0;6973.539;137.344;10.439;270.0;0.0
UAV_2;548;5150.0;6963.745;137.211;9.795;270.0;0.0
UAV_2;549;5158.32;6954.646;137.066;12.33;312.436;0.0
UAV_2;550;5170.687;6946.287;136.91;14.928;325.947;0.0
UAV_2;551;5183.714;6938.711;136.742;15.07;329.821;0.0
UAV_2;552;5197.333;6931.958;136.563;15.203;333.624;0.0
UAV_2;553;5211.476;6926.06;136.374;15.324;337.364;0.0
UAV_2;554;5226.069;6921.05;136.173;15.431;341.049;0.0
UAV_2;555;5241.039;6916.951;135.962;15.523;344.687;0.0
UAV_2;556;5256.31;6913.784;135.741;15.597;348.286;0.0
UAV_2;557;5271.803;6911.567;135.511;15.653;351.855;0.0
UAV_2;558;5287.44;6910.31;135.27;15.689;355.404;0.0
UAV_2;559;5303.141;6910.019;135.02;15.706;358.94;0.0
UAV_2;560;5318.827;6910.697;134.762;15.702;2.474;0.0
UAV_2;561;5334.416;6912.339;134.494;15.678;6.014;0.0
UAV_2;562;5349.829;6914.938;134.219;15.634;9.569;0.0
UAV_2;563;5364.989;6918.479;133.935;15.571;13.149;0.0
UAV_2;564;5379.818;6922.946;133.644;15.489;16.763;0.0
UAV_2;565;5394.24;6928.315;133.346;15.392;20.419;0.0
UAV_2;566;5408.181;6934.558;133.041;15.279;24.125;0.0
UAV_2;567;5421.572;6941.645;132.73;15.153;27.889;0.0
UAV_2;568;5434.343;6949.539;132.412;15.017;31.72;0.0
UAV_2;569;5446.429;6958.199;132.089;14.872;35.623;0.0
UAV_2;570;5457.769;6967.582;131.761;14.722;39.605;0.0
UAV_2;571;5468.305;6977.64;131.428;14.57;43.669;0.0
UAV_2;572;5477.984;6988.321;131.09;14.418;47.819;0.0
UAV_2;573;5486.755;6999.571;130.749;14.27;52.057;0.0
UAV_2;574;5494.575;7011.333;130.404;14.129;56.382;0.0
UAV_2;575;5501.404;7023.547;130.056;13.997;60.792;0.0
UAV_2;576;5507.206;7036.151;129.705;13.879;65.281;0.0
UAV_2;577;5511.952;7049.079;129.352;13.777;69.842;0.0
UAV_2;578;5515.618;7062.268;128.998;13.693;74.465;0.0
UAV_2;579;5518.186;7075.648;128.642;13.629;79.138;0.0
UAV_2;580;5519.641;7089.153;128.286;13.588;83.848;0.0
UAV_2;581;5519.978;7102.713;127.929;13.569;88.579;0.0
UAV_2;582;5519.193;7116.259;127.572;13.574;93.315;0.0
UAV_2;583;5517.291;7129.723;127.215;13.602;98.039;0.0
UAV_2;584;5514.283;7143.034;126.86;13.652;102.736;0.0
UAV_2;585;5510.182;7156.127;126.506;13.724;107.391;0.0
UAV_2;586;5505.01;7168.933;126.154;13.816;111.991;0.0
UAV_2;587;5498.794;7181.389;125.805;13.925;116.524;0.0
UAV_2;588;5491.564;7193.429;125.458;14.048;120.982;0.0
UAV_2;589;5483.358;7204.994;125.114;14.184;125.358;0.0
UAV_2;590;5474.218;7216.023;124.774;14.328;129.648;0.0
UAV_2;591;5464.191;7226.461;124.439;14.478;133.851;0.0
UAV_2;592;5453.326;7236.255;124.107;14.631;137.967;0.0
UAV_2;593;5441.68;7245.354;123.781;14.783;141.998;0.0
UAV_2;594;5429.313;7253.713;123.46;14.931;145.947;0.0
UAV_2;595;5416.286;7261.289;123.145;15.073;149.821;0.0
UAV_2;596;5402.667;7268.042;122.836;15.205;153.624;0.0
UAV_2;597;5388.524;7273.94;122.534;15.326;157.364;0.0
UAV_2;598;5373.931;7278.95;122.238;15.433;161.049;0.0
UAV_2;599;5358.961;7283.049;121.95;15.524;164.687;0.0
UAV_2;600;5343.69;7286.216;121.67;15.598;168.286;0.0
UAV_3;0;6805.836;6979.504;141.511;23.0;306.0;0.0
UAV_3;1;6815.915;6968.467;141.4;14.947;312.404;0.0
UAV_3;2;6826.853;6958.043;141.278;15.11;316.379;0.0
UAV_3;3;6838.598;6948.281;141.145;15.273;320.268;0.0
UAV_3;4;6851.096;6939.227;141.001;15.434;324.077;0.0
UAV_3;5;6864.288;6930.922;140.847;15.589;327.808;0.0
UAV_3;6;6878.112;6923.406;140.683;15.737;331.467;0.0
UAV_3;7;6892.505;6916.712;140.509;15.874;335.06;0.0
UAV_3;8;6907.399;6910.874;140.324;15.999;338.594;0.0
UAV_3;9;6922.725;6905.917;140.13;16.109;342.077;0.0
UAV_3;10;6938.411;6901.865;139.927;16.202;345.516;0.0
UAV_3;11;6954.385;6898.737;139.714;16.278;348.92;0.0
UAV_3;12;6970.571;6896.547;139.492;16.335;352.295;0.0
UAV_3;13;6986.894;6895.306;139.262;16.372;355.652;0.0
UAV_3;14;7003.278;6895.019;139.023;16.389;358.997;0.0
UAV_3;15;7019.647;6895.688;138.775;16.385;2.34;0.0
UAV_3;16;7035.924;6897.31;138.52;16.36;5.689;0.0
UAV_3;17;7052.034;6899.876;138.258;16.315;9.052;0.0
UAV_3;18;7067.902;6903.376;137.988;16.251;12.438;0.0
UAV_3;19;7083.452;6907.792;137.711;16.168;15.855;0.0
UAV_3;20;7098.614;6913.105;137.427;16.068;19.31;0.0
UAV_3;21;7113.316;6919.289;137.137;15.952;22.813;0.0
UAV_3;22;7127.489;6926.315;136.841;15.822;26.37;0.0
UAV_3;23;7141.068;6934.152;136.54;15.681;29.989;0.0
UAV_3;24;7150.0;6942.761;136.233;12.409;43.948;0.0
UAV_3;25;7150.0;6952.104;135.921;9.348;90.0;0.0
UAV_3;26;7150.0;6962.136;135.605;10.037;90.0;0.0
UAV_3;27;7150.0;6972.811;135.284;10.68;90.0;0.0
UAV_3;28;7150.0;6984.079;134.96;11.273;90.0;0.0
UAV_3;29;7150.0;6995.888;134.632;11.813;90.0;0.0
UAV_3;30;7150.0;7008.182;134.301;12.298;90.0;0.0
UAV_3;31;7150.0;7020.904;133.968;12.726;90.0;0.0
UAV_3;32;7150.0;7033.994;133.632;13.095;90.0;0.0
UAV_3;33;7150.0;7047.393;133.294;13.403;90.0;0.0
UAV_3;34;7150.0;7061.037;132.955;13.648;90.0;0.0
UAV_3;35;7150.0;7074.862;132.614;13.83;90.0;0.0
UAV_3;36;7150.0;7088.805;132.273;13.947;90.0;0.0
UAV_3;37;7150.0;7102.8;131.932;13.999;90.0;0.0
UAV_3;38;7150.0;7116.782;131.59;13.986;90.0;0.0
UAV_3;39;7150.0;7130.686;131.249;13.908;90.0;0.0
UAV_3;40;7150.0;7144.446;130.909;13.765;90.0;0.0
UAV_3;41;7150.0;7157.999;130.571;13.558;90.0;0.0
UAV_3;42;7150.0;7171.282;130.234;13.287;90.0;0.0
UAV_3;43;7150.0;7184.233;129.899;12.955;90.0;0.0
UAV_3;44;7150.0;7196.791;129.566;12.562;90.0;0.0
UAV_3;45;7150.0;7208.897;129.236;12.111;90.0;0.0
UAV_3;46;7150.0;7220.496;128.91;11.603;90.0;0.0
UAV_3;47;7150.0;7231.533;128.587;11.042;90.0;0.0
UAV_3;48;7150.0;7241.957;128.268;10.429;90.0;0.0
UAV_3;49;7150.0;7251.719;127.953;9.767;90.0;0.0
UAV_3;50;7148.904;7260.773;127.644;9.126;96.901;0.0
UAV_3;51;7135.712;7269.078;127.339;15.591;147.808;0.0
UAV_3;52;7121.888;7276.594;127.039;15.739;151.467;0.0
UAV_3;53;7107.495;7283.288;126.746;15.876;155.06;0.0
UAV_3;54;7092.601;7289.126;126.459;16.0;158.594;0.0
UAV_3;55;7077.275;7294.083;126.178;16.11;162.077;0.0
UAV_3;56;7061.589;7298.135;125.903;16.203;165.516;0.0
UAV_3;57;7045.615;7300.0;125.636;16.084;173.341;0.0
UAV_3;58;7029.429;7300.0;125.377;16.188;180.0;0.0
UAV_3;59;7013.106;7300.0;125.125;16.325;180.0;0.0
UAV_3;60;6996.722;7300.0;124.881;16.386;180.0;0.0
UAV_3;61;6980.353;7300.0;124.645;16.371;180.0;0.0
UAV_3;62;6964.076;7300.0;124.418;16.279;180.0;0.0
UAV_3;63;6947.966;7300.0;124.2;16.111;180.0;0.0
UAV_3;64;6932.098;7296.624;123.991;16.224;192.011;0.0
UAV_3;65;6916.548;7292.208;123.791;16.167;195.855;0.0
UAV_3;66;6901.386;7286.895;123.601;16.067;199.31;0.0
UAV_3;67;6886.684;7280.711;123.421;15.95;202.813;0.0
UAV_3;68;6872.511;7273.685;123.25;15.821;206.37;0.0
UAV_3;69;6858.932;7265.848;123.09;15.679;209.989;0.0
UAV_3;70;6846.01;7257.239;122.94;15.528;213.676;0.0
UAV_3;71;6833.807;7247.896;122.801;15.37;217.437;0.0
UAV_3;72;6822.378;7237.864;122.672;15.208;221.277;0.0
UAV_3;73;6811.778;7227.189;122.555;15.045;225.201;0.0
UAV_3;74;6802.055;7215.921;122.448;14.883;229.21;0.0
UAV_3;75;6793.255;7204.112;122.353;14.727;233.306;0.0
UAV_3;76;6785.419;7191.818;122.268;14.579;237.487;0.0
UAV_3;77;6778.584;7179.096;122.195;14.442;241.751;0.0
UAV_3;78;6772.781;7166.006;122.134;14.32;246.092;0.0
UAV_3;79;6768.037;7152.607;122.084;14.214;250.504;0.0
UAV_3;80;6764.375;7138.963;122.046;14.127;254.975;0.0
UAV_3;81;6761.811;7125.138;122.019;14.061;259.495;0.0
UAV_3;82;6760.358;7111.195;122.004;14.018;264.05;0.0
UAV_3;83;6760.022;7097.2;122.0;13.999;268.626;0.0
UAV_3;84;6760.806;7083.218;122.008;14.004;273.206;0.0
UAV_3;85;6762.704;7069.314;122.028;14.033;277.775;0.0
UAV_3;86;6765.709;7055.554;122.06;14.085;282.318;0.0
UAV_3;87;6769.806;7042.001;122.103;14.159;286.82;0.0
UAV_3;88;6774.976;7028.718;122.157;14.254;291.269;0.0
UAV_3;89;6781.196;7015.767;122.223;14.367;295.653;0.0
UAV_3;90;6788.436;7003.209;122.301;14.495;299.964;0.0
UAV_3;91;6796.662;6991.103;122.389;14.637;304.195;0.0
UAV_3;92;6805.836;6979.504;122.489;14.789;308.343;0.0
UAV_3;93;6815.915;6968.467;122.6;14.947;312.404;0.0
UAV_3;94;6826.853;6958.043;122.722;15.11;316.379;0.0
UAV_3;95;6838.598;6948.281;122.855;15.273;320.268;0.0
UAV_3;96;6851.096;6939.227;122.999;15.434;324.077;0.0
UAV_3;97;6864.288;6930.922;123.153;15.589;327.808;0.0
UAV_3;98;6878.112;6923.406;123.317;15.737;331.467;0.0
UAV_3;99;6892.505;6916.712;123.491;15.874;335.06;0.0
UAV_3;100;6907.399;6910.874;123.676;15.999;338.594;0.0
UAV_3;101;6922.725;6905.917;123.87;16.109;342.077;0.0
UAV_3;102;6938.411;6901.865;124.073;16.202;345.516;0.0
UAV_3;103;6954.385;6898.737;124.286;16.278;348.92;0.0
UAV_3;104;6970.571;6896.547;124.508;16.335;352.295;0.0
UAV_3;105;6986.894;6895.306;124.738;16.372;355.652;0.0
UAV_3;106;7003.278;6895.019;124.977;16.389;358.997;0.0
UAV_3;107;7019.647;6895.688;125.225;16.385;2.34;0.0
UAV_3;108;7035.924;6897.31;125.48;16.36;5.689;0.0
UAV_3;109;7052.034;6899.876;125.742;16.315;9.052;0.0
UAV_3;110;7067.902;6903.376;126.012;16.251;12.438;0.0
UAV_3;111;7083.452;6907.792;126.289;16.168;15.855;0.0
UAV_3;112;7098.614;6913.105;126.573;16.068;19.31;0.0
UAV_3;113;7113.316;6919.289;126.863;15.952;22.813;0.0
UAV_3;114;7127.489;6926.315;127.159;15.822;26.37;0.0
UAV_3;115;7141.068;6934.152;127.46;15.681;29.989;0.0
UAV_3;116;7150.0;6942.761;127.767;12.409;43.948;0.0
UAV_3;117;7150.0;6952.104;128.079;9.348;90.0;0.0
UAV_3;118;7150.0;6962.136;128.395;10.037;90.0;0.0
UAV_3;119;7150.0;6972.811;128.716;10.68;90.0;0.0
UAV_3;120;7150.0;6984.079;129.04;11.273;90.0;0.0
UAV_3;121;7150.0;6995.888;129.368;11.813;90.0;0.0
UAV_3;122;7150.0;7008.182;129.699;12.298;90.0;0.0
UAV_3;123;7150.0;7020.904;130.032;12.726;90.0;0.0
UAV_3;124;7150.0;7033.994;130.368;13.095;90.0;0.0
UAV_3;125;7150.0;7047.393;130.706;13.403;90.0;0.0
UAV_3;126;7150.0;7061.037;131.045;13.648;90.0;0.0
UAV_3;127;7150.0;7074.862;131.386;13.83;90.0;0.0
UAV_3;128;7150.0;7088.805;131.727;13.947;90.0;0.0
UAV_3;129;7150.0;7102.8;132.068;13.999;90.0;0.0
UAV_3;130;7150.0;7116.782;132.41;13.986;90.0;0.0
UAV_3;131;7150.0;7130.686;132.751;13.908;90.0;0.0
UAV_3;132;7150.0;7144.446;133.091;13.765;90.0;0.0
UAV_3;133;7150.0;7157.999;133.429;13.558;90.0;0.0
UAV_3;134;7150.0;7171.282;133.766;13.287;90.0;0.0
UAV_3;135;7150.0;7184.233;134.101;12.955;90.0;0.0
UAV_3;136;7150.0;7196.791;134.434;12.562;90.0;0.0
UAV_3;137;7150.0;7208.897;134.764;12.111;90.0;0.0
UAV_3;138;7150.0;7220.496;135.09;11.603;90.0;0.0
UAV_3;139;7150.0;7231.533;135.413;11.042;90.0;0.0
UAV_3;140;7150.0;7241.957;135.732;10.429;90.0;0.0
UAV_3;141;7150.0;7251.719;136.047;9.767;90.0;0.0
UAV_3;142;7148.904;7260.773;136.356;9.126;96.901;0.0
UAV_3;143;7135.712;7269.078;136.661;15.591;147.808;0.0
UAV_3;144;7121.888;7276.594;136.961;15.739;151.467;0.0
UAV_3;145;7107.495;7283.288;137.254;15.876;155.06;0.0
UAV_3;146;7092.601;7289.126;137.541;16.0;158.594;0.0
UAV_3;147;7077.275;7294.083;137.822;16.11;162.077;0.0
UAV_3;148;7061.589;7298.135;138.097;16.203;165.516;0.0
UAV_3;149;7045.615;7300.0;138.364;16.084;173.341;0.0
UAV_3;150;7029.429;7300.0;138.623;16.188;180.0;0.0
UAV_3;151;7013.106;7300.0;138.875;16.325;180.0;0.0
UAV_3;152;6996.722;7300.0;139.119;16.386;180.0;0.0
UAV_3;153;6980.353;7300.0;139.355;16.371;180.0;0.0
UAV_3;154;6964.076;7300.0;139.582;16.279;180.0;0.0
UAV_3;155;6947.966;7300.0;139.8;16.111;180.0;0.0
UAV_3;156;6932.098;7296.624;140.009;16.224;192.011;0.0
UAV_3;157;6916.548;7292.208;140.209;16.167;195.855;0.0
UAV_3;158;6901.386;7286.895;140.399;16.067;199.31;0.0
UAV_3;159;6886.684;7280.711;140.579;15.95;202.813;0.0
UAV_3;160;6872.511;7273.685;140.75;15.821;206.37;0.0
UAV_3;161;6858.932;7265.848;140.91;15.679;209.989;0.0
UAV_3;162;6846.01;7257.239;141.06;15.528;213.676;0.0
UAV_3;163;6833.807;7247.896;141.199;15.37;217.437;0.0
UAV_3;164;6822.378;7237.864;141.328;15.208;221.277;0.0
UAV_3;165;6811.778;7227.189;141.445;15.045;225.201;0.0
UAV_3;166;6802.055;7215.921;141.552;14.883;229.21;0.0
UAV_3;167;6793.255;7204.112;141.647;14.727;233.306;0.0
UAV_3;168;6785.419;7191.818;141.732;14.579;237.487;0.0
UAV_3;169;6778.584;7179.096;141.805;14.442;241.751;0.0
UAV_3;170;6772.781;7166.006;141.866;14.32;246.092;0.0
UAV_3;171;6768.037;7152.607;141.916;14.214;250.504;0.0
UAV_3;172;6764.375;7138.963;141.954;14.127;254.975;0.0
UAV_3;173;6761.811;7125.138;141.981;14.061;259.495;0.0
UAV_3;174;6760.358;7111.195;141.996;14.018;264.05;0.0
UAV_3;175;6760.022;7097.2;142.0;13.999;268.626;0.0
UAV_3;176;6760.806;7083.218;141.992;14.004;273.206;0.0
UAV_3;177;6762.704;7069.314;141.972;14.033;277.775;0.0
UAV_3;178;6765.709;7055.554;141.94;14.085;282.318;0.0
UAV_3;179;6769.806;7042.001;141.897;14.159;286.82;0.0
UAV_3;180;6774.976;7028.718;141.843;14.254;291.269;0.0
UAV_3;181;6781.196;7015.767;141.777;14.367;295.653;0.0
UAV_3;182;6788.436;7003.209;141.699;14.495;299.964;0.0
UAV_3;183;6796.662;6991.103;141.611;14.637;304.195;0.0
UAV_3;184;6805.836;6979.504;141.511;14.789;308.343;0.0
UAV_3;185;6815.915;6968.467;141.4;14.947;312.404;0.0
UAV_3;186;6826.853;6958.043;141.278;15.11;316.379;0.0
UAV_3;187;6838.598;6948.281;141.145;15.273;320.268;0.0
UAV_3;188;6851.096;6939.227;141.001;15.434;324.077;0.0
UAV_3;189;6864.288;6930.922;140.847;15.589;327.808;0.0
UAV_3;190;6878.112;6923.406;140.683;15.737;331.467;0.0
UAV_3;191;6892.505;6916.712;140.509;15.874;335.06;0.0
UAV_3;192;6907.399;6910.874;140.324;15.999;338.594;0.0
UAV_3;193;6922.725;6905.917;140.13;16.109;342.077;0.0
UAV_3;194;6938.411;6901.865;139.927;16.202;345.516;0.0
UAV_3;195;6954.385;6898.737;139.714;16.278;348.92;0.0
UAV_3;196;6970.571;6896.547;139.492;16.335;352.295;0.0
UAV_3;197;6986.894;6895.306;139.262;16.372;355.652;0.0
UAV_3;198;7003.278;6895.019;139.023;16.389;358.997;0.0
UAV_3;199;7019.647;6895.688;138.775;16.385;2.34;0.0
UAV_3;200;7035.924;6897.31;138.52;16.36;5.689;0.0
UAV_3;201;7052.034;6899.876;138.258;16.315;9.052;0.0
UAV_3;202;7067.902;6903.376;137.988;16.251;12.438;0.0
UAV_3;203;7083.452;6907.792;137.711;16.168;15.855;0.0
UAV_3;204;7098.614;6913.105;137.427;16.068;19.31;0.0
UAV_3;205;7113.316;6919.289;137.137;15.952;22.813;0.0
UAV_3;206;7127.489;6926.315;136.841;15.822;26.37;0.0
UAV_3;207;7141.068;6934.152;136.54;15.681;29.989;0.0
UAV_3;208;7150.0;6942.761;136.233;12.409;43.948;0.0
UAV_3;209;7150.0;6952.104;135.921;9.348;90.0;0.0
UAV_3;210;7150.0;6962.136;135.605;10.037;90.0;0.0
UAV_3;211;7150.0;6972.811;135.284;10.68;90.0;0.0
UAV_3;212;7150.0;6984.079;134.96;11.273;90.0;0.0
UAV_3;213;7150.0;6995.888;134.632;11.813;90.0;0.0
UAV_3;214;7150.0;7008.182;134.301;12.298;90.0;0.0
UAV_3;215;7150.0;7020.904;133.968;12.726;90.0;0.0
UAV_3;216;7150.0;7033.994;133.632;13.095;90.0;0.0
UAV_3;217;7150.0;7047.393;133.294;13.403;90.0;0.0
UAV_3;218;7150.0;7061.037;132.955;13.648;90.0;0.0
UAV_3;219;7150.0;7074.862;132.614;13.83;90.0;0.0
UAV_3;220;7150.0;7088.805;132.273;13.947;90.0;0.0
UAV_3;221;7150.0;7102.8;131.932;13.999;90.0;0.0
UAV_3;222;7150.0;7116.782;131.59;13.986;90.0;0.0
UAV_3;223;7150.0;7130.686;131.249;13.908;90.0;0.0
UAV_3;224;7150.0;7144.446;130.909;13.765;90.0;0.0
UAV_3;225;7150.0;7157.999;130.571;13.558;90.0;0.0
UAV_3;226;7150.0;7171.282;130.234;13.287;90.0;0.0
UAV_3;227;7150.0;7184.233;129.899;12.955;90.0;0.0
UAV_3;228;7150.0;7196.791;129.566;12.562;90.0;0.0
UAV_3;229;7150.0;7208.897;129.236;12.111;90.0;0.0
UAV_3;230;7150.0;7220.496;128.91;11.603;90.0;0.0
UAV_3;231;7150.0;7231.533;128.587;11.042;90.0;0.0
UAV_3;232;7150.0;7241.957;128.268;10.429;90.0;0.0
UAV_3;233;7150.0;7251.719;127.953;9.767;90.0;0.0
UAV_3;234;7148.904;7260.773;127.644;9.126;96.901;0.0
UAV_3;235;7135.712;7269.078;127.339;15.591;147.808;0.0
UAV_3;236;7121.888;7276.594;127.039;15.739;151.467;0.0
UAV_3;237;7107.495;7283.288;126.746;15.876;155.06;0.0
UAV_3;238;7092.601;7289.126;126.459;16.0;158.594;0.0
UAV_3;239;7077.275;7294.083;126.178;16.11;162.077;0.0
UAV_3;240;7061.589;7298.135;125.903;16.203;165.516;0.0
UAV_3;241;7045.615;7300.0;125.636;16.084;173.341;0.0
UAV_3;242;7029.429;7300.0;125.377;16.188;180.0;0.0
UAV_3;243;7013.106;7300.0;125.125;16.325;180.0;0.0
UAV_3;244;6996.722;7300.0;124.881;16.386;180.0;0.0
UAV_3;245;6980.353;7300.0;124.645;16.371;180.0;0.0
UAV_3;246;6964.076;7300.0;124.418;16.279;180.0;0.0
UAV_3;247;6947.966;7300.0;124.2;16.111;180.0;0.0
UAV_3;248;6932.098;7296.624;123.991;16.224;192.011;0.0
UAV_3;249;6916.548;7292.208;123.791;16.167;195.855;0.0
UAV_3;250;6901.386;7286.895;123.601;16.067;199.31;0.0
UAV_3;251;6886.684;7280.711;123.421;15.95;202.813;0.0
UAV_3;252;6872.511;7273.685;123.25;15.821;206.37;0.0
UAV_3;253;6858.932;7265.848;123.09;15.679;209.989;0.0
UAV_3;254;6846.01;7257.239;122.94;15.528;213.676;0.0
UAV_3;255;6833.807;7247.896;122.801;15.37;217.437;0.0
UAV_3;256;6822.378;7237.864;122.672;15.208;221.277;0.0
UAV_3;257;6811.778;7227.189;122.555;15.045;225.201;0.0
UAV_3;258;6802.055;7215.921;122.448;14.883;229.21;0.0
UAV_3;259;6793.255;7204.112;122.353;14.727;233.306;0.0
UAV_3;260;6785.419;7191.818;122.268;14.579;237.487;0.0
UAV_3;261;6778.584;7179.096;122.195;14.442;241.751;0.0
UAV_3;262;6772.781;7166.006;122.134;14.32;246.092;0.0
UAV_3;263;6768.037;7152.607;122.084;14.214;250.504;0.0
UAV_3;264;6764.375;7138.963;122.046;14.127;254.975;0.0
UAV_3;265;6761.811;7125.138;122.019;14.061;259.495;0.0
UAV_3;266;6760.358;7111.195;122.004;14.018;264.05;0.0
UAV_3;267;6760.022;7097.2;122.0;13.999;268.626;0.0
UAV_3;268;6760.806;7083.218;122.008;14.004;273.206;0.0
UAV_3;269;6762.704;7069.314;122.028;14.033;277.775;0.0
UAV_3;270;6765.709;7055.554;122.06;14.085;282.318;0.0
UAV_3;271;6769.806;7042.001;122.103;14.159;286.82;0.0
UAV_3;272;6774.976;7028.718;122.157;14.254;291.269;0.0
UAV_3;273;6781.196;7015.767;122.223;14.367;295.653;0.0
UAV_3;274;6788.436;7003.209;122.301;14.495;299.964;0.0
UAV_3;275;6796.662;6991.103;122.389;14.637;304.195;0.0
UAV_3;276;6805.836;6979.504;122.489;14.789;308.343;0.0
UAV_3;277;6815.915;6968.467;122.6;14.947;312.404;0.0
UAV_3;278;6826.853;6958.043;122.722;15.11;316.379;0.0
UAV_3;279;6838.598;6948.281;122.855;15.273;320.268;0.0
UAV_3;280;6851.096;6939.227;122.999;15.434;324.077;0.0
UAV_3;281;6864.288;6930.922;123.153;15.589;327.808;0.0
UAV_3;282;6878.112;6923.406;123.317;15.737;331.467;0.0
UAV_3;283;6892.505;6916.712;123.491;15.874;335.06;0.0
UAV_3;284;6907.399;6910.874;123.676;15.999;338.594;0.0
UAV_3;285;6922.725;6905.917;123.87;16.109;342.077;0.0
UAV_3;286;6938.411;6901.865;124.073;16.202;345.516;0.0
UAV_3;287;6954.385;6898.737;124.286;16.278;348.92;0.0
UAV_3;288;6970.571;6896.547;124.508;16.335;352.295;0.0
UAV_3;289;6986.894;6895.306;124.738;16.372;355.652;0.0
UAV_3;290;7003.278;6895.019;124.977;16.389;358.997;0.0
UAV_3;291;7019.647;6895.688;125.225;16.385;2.34;0.0
UAV_3;292;7035.924;6897.31;125.48;16.36;5.689;0.0
UAV_3;293;7052.034;6899.876;125.742;16.315;9.052;0.0
UAV_3;294;7067.902;6903.376;126.012;16.251;12.438;0.0
UAV_3;295;7083.452;6907.792;126.289;16.168;15.855;0.0
UAV_3;296;7098.614;6913.105;126.573;16.068;19.31;0.0
UAV_3;297;7113.316;6919.289;126.863;15.952;22.813;0.0
UAV_3;298;7127.489;6926.315;127.159;15.822;26.37;0.0
UAV_3;299;7141.068;6934.152;127.46;15.681;29.989;0.0
UAV_3;300;7150.0;6942.761;127.767;12.409;43.948;0.0
UAV_3;301;7150.0;6952.104;128.079;9.348;90.0;0.0
UAV_3;302;7150.0;6962.136;128.395;10.037;90.0;0.0
UAV_3;303;7150.0;6972.811;128.716;10.68;90.0;0.0
UAV_3;304;7150.0;6984.079;129.04;11.273;90.0;0.0
UAV_3;305;7150.0;6995.888;129.368;11.813;90.0;0.0
UAV_3;306;7150.0;7008.182;129.699;12.298;90.0;0.0
UAV_3;307;7150.0;7020.904;130.032;12.726;90.0;0.0
UAV_3;308;7150.0;7033.994;130.368;13.095;90.0;0.0
UAV_3;309;7150.0;7047.393;130.706;13.403;90.0;0.0
UAV_3;310;7150.0;7061.037;131.045;13.648;90.0;0.0
UAV_3;311;7150.0;7074.862;131.386;13.83;90.0;0.0
UAV_3;312;7150.0;7088.805;131.727;13.947;90.0;0.0
UAV_3;313;7150.0;7102.8;132.068;13.999;90.0;0.0
UAV_3;314;7150.0;7116.782;132.41;13.986;90.0;0.0
UAV_3;315;7150.0;7130.686;132.751;13.908;90.0;0.0
UAV_3;316;7150.0;7144.446;133.091;13.765;90.0;0.0
UAV_3;317;7150.0;7157.999;133.429;13.558;90.0;0.0
UAV_3;318;7150.0;7171.282;133.766;13.287;90.0;0.0
UAV_3;319;7150.0;7184.233;134.101;12.955;90.0;0.0
UAV_3;320;7150.0;7196.791;134.434;12.562;90.0;0.0
UAV_3;321;7150.0;7208.897;134.764;12.111;90.0;0.0
UAV_3;322;7150.0;7220.496;135.09;11.603;90.0;0.0
UAV_3;323;7150.0;7231.533;135.413;11.042;90.0;0.0
UAV_3;324;7150.0;7241.957;135.732;10.429;90.0;0.0
UAV_3;325;7150.0;7251.719;136.047;9.767;90.0;0.0
UAV_3;326;7148.904;7260.773;136.356;9.126;96.901;0.0
UAV_3;327;7135.712;7269.078;136.661;15.591;147.808;0.0
UAV_3;328;7121.888;7276.594;136.961;15.739;151.467;0.0
UAV_3;329;7107.495;7283.288;137.254;15.876;155.06;0.0
UAV_3;330;7092.601;7289.126;137.541;16.0;158.594;0.0
UAV_3;331;7077.275;7294.083;137.822;16.11;162.077;0.0
UAV_3;332;7061.589;7298.135;138.097;16.203;165.516;0.0
UAV_3;333;7045.615;7300.0;138.364;16.084;173.341;0.0
UAV_3;334;7029.429;7300.0;138.623;16.188;180.0;0.0
UAV_3;335;7013.106;7300.0;138.875;16.325;180.0;0.0
UAV_3;336;6996.722;7300.0;139.119;16.386;180.0;0.0
UAV_3;337;6980.353;7300.0;139.355;16.371;180.0;0.0
UAV_3;338;6964.076;7300.0;139.582;16.279;180.0;0.0
UAV_3;339;6947.966;7300.0;139.8;16.111;180.0;0.0
UAV_3;340;6932.098;7296.624;140.009;16.224;192.011;0.0
UAV_3;341;6916.548;7292.208;140.209;16.167;195.855;0.0
UAV_3;342;6901.386;7286.895;140.399;16.067;199.31;0.0
UAV_3;343;6886.684;7280.711;140.579;15.95;202.813;0.0
UAV_3;344;6872.511;7273.685;140.75;15.821;206.37;0.0
UAV_3;345;6858.932;7265.848;140.91;15.679;209.989;0.0
UAV_3;346;6846.01;7257.239;141.06;15.528;213.676;0.0
UAV_3;347;6833.807;7247.896;141.199;15.37;217.437;0.0
UAV_3;348;6822.378;7237.864;141.328;15.208;221.277;0.0
UAV_3;349;6811.778;7227.189;141.445;15.045;225.201;0.0
UAV_3;350;6802.055;7215.921;141.552;14.883;229.21;0.0
UAV_3;351;6793.255;7204.112;141.647;14.727;233.306;0.0
UAV_3;352;6785.419;7191.818;141.732;14.579;237.487;0.0
UAV_3;353;6778.584;7179.096;141.805;14.442;241.751;0.0
UAV_3;354;6772.781;7166.006;141.866;14.32;246.092;0.0
UAV_3;355;6768.037;7152.607;141.916;14.214;250.504;0.0
UAV_3;356;6764.375;7138.963;141.954;14.127;254.975;0.0
UAV_3;357;6761.811;7125.138;141.981;14.061;259.495;0.0
UAV_3;358;6760.358;7111.195;141.996;14.018;264.05;0.0
UAV_3;359;6760.022;7097.2;142.0;13.999;268.626;0.0
UAV_3;360;6760.806;7083.218;141.992;14.004;273.206;0.0
UAV_3;361;6762.704;7069.314;141.972;14.033;277.775;0.0
UAV_3;362;6765.709;7055.554;141.94;14.085;282.318;0.0
UAV_3;363;6769.806;7042.001;141.897;14.159;286.82;0.0
UAV_3;364;6774.976;7028.718;141.843;14.254;291.269;0.0
UAV_3;365;6781.196;7015.767;141.777;14.367;295.653;0.0
UAV_3;366;6788.436;7003.209;141.699;14.495;299.964;0.0
UAV_3;367;6796.662;6991.103;141.611;14.637;304.195;0.0
UAV_3;368;6805.836;6979.504;141.511;14.789;308.343;0.0
UAV_3;369;6815.915;6968.467;141.4;14.947;312.404;0.0
UAV_3;370;6826.853;6958.043;141.278;15.11;316.379;0.0
UAV_3;371;6838.598;6948.281;141.145;15.273;320.268;0.0
UAV_3;372;6851.096;6939.227;141.001;15.434;324.077;0.0
UAV_3;373;6864.288;6930.922;140.847;15.589;327.808;0.0
UAV_3;374;6878.112;6923.406;140.683;15.737;331.467;0.0
UAV_3;375;6892.505;6916.712;140.509;15.874;335.06;0.0
UAV_3;376;6907.399;6910.874;140.324;15.999;338.594;0.0
UAV_3;377;6922.725;6905.917;140.13;16.109;342.077;0.0
UAV_3;378;6938.411;6901.865;139.927;16.202;345.516;0.0
UAV_3;379;6954.385;6898.737;139.714;16.278;348.92;0.0
UAV_3;380;6970.571;6896.547;139.492;16.335;352.295;0.0
UAV_3;381;6986.894;6895.306;139.262;16.372;355.652;0.0
UAV_3;382;7003.278;6895.019;139.023;16.389;358.997;0.0
UAV_3;383;7019.647;6895.688;138.775;16.385;2.34;0.0
UAV_3;384;7035.924;6897.31;138.52;16.36;5.689;0.0
UAV_3;385;7052.034;6899.876;138.258;16.315;9.052;0.0
UAV_3;386;7067.902;6903.376;137.988;16.251;12.438;0.0
UAV_3;387;7083.452;6907.792;137.711;16.168;15.855;0.0
UAV_3;388;7098.614;6913.105;137.427;16.068;19.31;0.0
UAV_3;389;7113.316;6919.289;137.137;15.952;22.813;0.0
UAV_3;390;7127.489;6926.315;136.841;15.822;26.37;0.0
UAV_3;391;7141.068;6934.152;136.54;15.681;29.989;0.0
UAV_3;392;7150.0;6942.761;136.233;12.409;43.948;0.0
UAV_3;393;7150.0;6952.104;135.921;9.348;90.0;0.0
UAV_3;394;7150.0;6962.136;135.605;10.037;90.0;0.0
UAV_3;395;7150.0;6972.811;135.284;10.68;90.0;0.0
UAV_3;396;7150.0;6984.079;134.96;11.273;90.0;0.0
UAV_3;397;7150.0;6995.888;134.632;11.813;90.0;0.0
UAV_3;398;7150.0;7008.182;134.301;12.298;90.0;0.0
UAV_3;399;7150.0;7020.904;133.968;12.726;90.0;0.0
UAV_3;400;7150.0;7033.994;133.632;13.095;90.0;0.0
UAV_3;401;7150.0;7047.393;133.294;13.403;90.0;0.0
UAV_3;402;7150.0;7061.037;132.955;13.648;90.0;0.0
UAV_3;403;7150.0;7074.862;132.614;13.83;90.0;0.0
UAV_3;404;7150.0;7088.805;132.273;13.947;90.0;0.0
UAV_3;405;7150.0;7102.8;131.932;13.999;90.0;0.0
UAV_3;406;7150.0;7116.782;131.59;13.986;90.0;0.0
UAV_3;407;7150.0;7130.686;131.249;13.908;90.0;0.0
UAV_3;408;7150.0;7144.446;130.909;13.765;90.0;0.0
UAV_3;409;7150.0;7157.999;130.571;13.558;90.0;0.0
UAV_3;410;7150.0;7171.282;130.234;13.287;90.0;0.0
UAV_3;411;7150.0;7184.233;129.899;12.955;90.0;0.0
UAV_3;412;7150.0;7196.791;129.566;12.562;90.0;0.0
UAV_3;413;7150.0;7208.897;129.236;12.111;90.0;0.0
UAV_3;414;7150.0;7220.496;128.91;11.603;90.0;0.0
UAV_3;415;7150.0;7231.533;128.587;11.042;90.0;0.0
UAV_3;416;7150.0;7241.957;128.268;10.429;90.0;0.0
UAV_3;417;7150.0;7251.719;127.953;9.767;90.0;0.0
UAV_3;418;7148.904;7260.773;127.644;9.126;96.901;0.0
UAV_3;419;7135.712;7269.078;127.339;15.591;147.808;0.0
UAV_3;420;7121.888;7276.594;127.039;15.739;151.467;0.0
UAV_3;421;7107.495;7283.288;126.746;15.876;155.06;0.0
UAV_3;422;7092.601;7289.126;126.459;16.0;158.594;0.0
UAV_3;423;7077.275;7294.083;126.178;16.11;162.077;0.0
UAV_3;424;7061.589;7298.135;125.903;16.203;165.516;0.0
UAV_3;425;7045.615;7300.0;125.636;16.084;173.341;0.0
UAV_3;426;7029.429;7300.0;125.377;16.188;180.0;0.0
UAV_3;427;7013.106;7300.0;125.125;16.325;180.0;0.0
UAV_3;428;6996.722;7300.0;124.881;16.386;180.0;0.0
UAV_3;429;6980.353;7300.0;124.645;16.371;180.0;0.0
UAV_3;430;6964.076;7300.0;124.418;16.279;180.0;0.0
UAV_3;431;6947.966;7300.0;124.2;16.111;180.0;0.0
UAV_3;432;6932.098;7296.624;123.991;16.224;192.011;0.0
UAV_3;433;6916.548;7292.208;123.791;16.167;195.855;0.0
UAV_3;434;6901.386;7286.895;123.601;16.067;199.31;0.0
UAV_3;435;6886.684;7280.711;123.421;15.95;202.813;0.0
UAV_3;436;6872.511;7273.685;123.25;15.821;206.37;0.0
UAV_3;437;6858.932;7265.848;123.09;15.679;209.989;0.0
UAV_3;438;6846.01;7257.239;122.94;15.528;213.676;0.0
UAV_3;439;6833.807;7247.896;122.801;15.37;217.437;0.0
UAV_3;440;6822.378;7237.864;122.672;15.208;221.277;0.0
UAV_3;441;6811.778;7227.189;122.555;15.045;225.201;0.0
UAV_3;442;6802.055;7215.921;122.448;14.883;229.21;0.0
UAV_3;443;6793.255;7204.112;122.353;14.727;233.306;0.0
UAV_3;444;6785.419;7191.818;122.268;14.579;237.487;0.0
UAV_3;445;6778.584;7179.096;122.195;14.442;241.751;0.0
UAV_3;446;6772.781;7166.006;122.134;14.32;246.092;0.0
UAV_3;447;6768.037;7152.607;122.084;14.214;250.504;0.0
UAV_3;448;6764.375;7138.963;122.046;14.127;254.975;0.0
UAV_3;449;6761.811;7125.138;122.019;14.061;259.495;0.0
UAV_3;450;6760.358;7111.195;122.004;14.018;264.05;0.0
UAV_3;451;6760.022;7097.2;122.0;13.999;268.626;0.0
UAV_3;452;6760.806;7083.218;122.008;14.004;273.206;0.0
UAV_3;453;6762.704;7069.314;122.028;14.033;277.775;0.0
UAV_3;454;6765.709;7055.554;122.06;14.085;282.318;0.0
UAV_3;455;6769.806;7042.001;122.103;14.159;286.82;0.0
UAV_3;456;6774.976;7028.718;122.157;14.254;291.269;0.0
UAV_3;457;6781.196;7015.767;122.223;14.367;295.653;0.0
UAV_3;458;6788.436;7003.209;122.301;14.495;299.964;0.0
UAV_3;459;6796.662;6991.103;122.389;14.637;304.195;0.0
UAV_3;460;6805.836;6979.504;122.489;14.789;308.343;0.0
UAV_3;461;6815.915;6968.467;122.6;14.947;312.404;0.0
UAV_3;462;6826.853;6958.043;122.722;15.11;316.379;0.0
UAV_3;463;6838.598;6948.281;122.855;15.273;320.268;0.0
UAV_3;464;6851.096;6939.227;122.999;15.434;324.077;0.0
UAV_3;465;6864.288;6930.922;123.153;15.589;327.808;0.0
UAV_3;466;6878.112;6923.406;123.317;15.737;331.467;0.0
UAV_3;467;6892.505;6916.712;123.491;15.874;335.06;0.0
UAV_3;468;6907.399;6910.874;123.676;15.999;338.594;0.0
UAV_3;469;6922.725;6905.917;123.87;16.109;342.077;0.0
UAV_3;470;6938.411;6901.865;124.073;16.202;345.516;0.0
UAV_3;471;6954.385;6898.737;124.286;16.278;348.92;0.0
UAV_3;472;6970.571;6896.547;124.508;16.335;352.295;0.0
UAV_3;473;6986.894;6895.306;124.738;16.372;355.652;0.0
UAV_3;474;7003.278;6895.019;124.977;16.389;358.997;0.0
UAV_3;475;7019.647;6895.688;125.225;16.385;2.34;0.0
UAV_3;476;7035.924;6897.31;125.48;16.36;5.689;0.0
UAV_3;477;7052.034;6899.876;125.742;16.315;9.052;0.0
UAV_3;478;7067.902;6903.376;126.012;16.251;12.438;0.0
UAV_3;479;7083.452;6907.792;126.289;16.168;15.855;0.0
UAV_3;480;7098.614;6913.105;126.573;16.068;19.31;0.0
UAV_3;481;7113.316;6919.289;126.863;15.952;22.813;0.0
UAV_3;482;7127.489;6926.315;127.159;15.822;26.37;0.0
UAV_3;483;7141.068;6934.152;127.46;15.681;29.989;0.0
UAV_3;484;7150.0;6942.761;127.767;12.409;43.948;0.0
UAV_3;485;7150.0;6952.104;128.079;9.348;90.0;0.0
UAV_3;486;7150.0;6962.136;128.395;10.037;90.0;0.0
UAV_3;487;7150.0;6972.811;128.716;10.68;90.0;0.0
UAV_3;488;7150.0;6984.079;129.04;11.273;90.0;0.0
UAV_3;489;7150.0;6995.888;129.368;11.813;90.0;0.0
UAV_3;490;7150.0;7008.182;129.699;12.298;90.0;0.0
UAV_3;491;7150.0;7020.904;130.032;12.726;90.0;0.0
UAV_3;492;7150.0;7033.994;130.368;13.095;90.0;0.0
UAV_3;493;7150.0;7047.393;130.706;13.403;90.0;0.0
UAV_3;494;7150.0;7061.037;131.045;13.648;90.0;0.0
UAV_3;495;7150.0;7074.862;131.386;13.83;90.0;0.0
UAV_3;496;7150.0;7088.805;131.727;13.947;90.0;0.0
UAV_3;497;7150.0;7102.8;132.068;13.999;90.0;0.0
UAV_3;498;7150.0;7116.782;132.41;13.986;90.0;0.0
UAV_3;499;7150.0;7130.686;132.751;13.908;90.0;0.0
UAV_3;500;7150.0;7144.446;133.091;13.765;90.0;0.0
UAV_3;501;7150.0;7157.999;133.429;13.558;90.0;0.0
UAV_3;502;7150.0;7171.282;133.766;13.287;90.0;0.0
UAV_3;503;7150.0;7184.233;134.101;12.955;90.0;0.0
UAV_3;504;7150.0;7196.791;134.434;12.562;90.0;0.0
UAV_3;505;7150.0;7208.897;134.764;12.111;90.0;0.0
UAV_3;506;7150.0;7220.496;135.09;11.603;90.0;0.0
UAV_3;507;7150.0;7231.533;135.413;11.042;90.0;0.0
UAV_3;508;7150.0;7241.957;135.732;10.429;90.0;0.0
UAV_3;509;7150.0;7251.719;136.047;9.767;90.0;0.0
UAV_3;510;7148.904;7260.773;136.356;9.126;96.901;0.0
UAV_3;511;7135.712;7269.078;136.661;15.591;147.808;0.0
UAV_3;512;7121.888;7276.594;136.961;15.739;151.467;0.0
UAV_3;513;7107.495;7283.288;137.254;15.876;155.06;0.0
UAV_3;514;7092.601;7289.126;137.541;16.0;158.594;0.0
UAV_3;515;7077.275;7294.083;137.822;16.11;162.077;0.0
UAV_3;516;7061.589;7298.135;138.097;16.203;165.516;0.0
UAV_3;517;7045.615;7300.0;138.364;16.084;173.341;0.0
UAV_3;518;7029.429;7300.0;138.623;16.188;180.0;0.0
UAV_3;519;7013.106;7300.0;138.875;16.325;180.0;0.0
UAV_3;520;6996.722;7300.0;139.119;16.386;180.0;0.0
UAV_3;521;6980.353;7300.0;139.355;16.371;180.0;0.0
UAV_3;522;6964.076;7300.0;139.582;16.279;180.0;0.0
UAV_3;523;6947.966;7300.0;139.8;16.111;180.0;0.0
UAV_3;524;6932.098;7296.624;140.009;16.224;192.011;0.0
UAV_3;525;6916.548;7292.208;140.209;16.167;195.855;0.0
UAV_3;526;6901.386;7286.895;140.399;16.067;199.31;0.0
UAV_3;527;6886.684;7280.711;140.579;15.95;202.813;0.0
UAV_3;528;6872.511;7273.685;140.75;15.821;206.37;0.0
UAV_3;529;6858.932;7265.848;140.91;15.679;209.989;0.0
UAV_3;530;6846.01;7257.239;141.06;15.528;213.676;0.0
UAV_3;531;6833.807;7247.896;141.199;15.37;217.437;0.0
UAV_3;532;6822.378;7237.864;141.328;15.208;221.277;0.0
UAV_3;533;6811.778;7227.189;141.445;15.045;225.201;0.0
UAV_3;534;6802.055;7215.921;141.552;14.883;229.21;0.0
UAV_3;535;6793.255;7204.112;141.647;14.727;233.306;0.0
UAV_3;536;6785.419;7191.818;141.732;14.579;237.487;0.0
UAV_3;537;6778.584;7179.096;141.805;14.442;241.751;0.0
UAV_3;538;6772.781;7166.006;141.866;14.32;246.092;0.0
UAV_3;539;6768.037;7152.607;141.916;14.214;250.504;0.0
UAV_3;540;6764.375;7138.963;141.954;14.127;254.975;0.0
UAV_3;541;6761.811;7125.138;141.981;14.061;259.495;0.0
UAV_3;542;6760.358;7111.195;141.996;14.018;264.05;0.0
UAV_3;543;6760.022;7097.2;142.0;13.999;268.626;0.0
UAV_3;544;6760.806;7083.218;141.992;14.004;273.206;0.0
UAV_3;545;6762.704;7069.314;141.972;14.033;277.775;0.0
UAV_3;546;6765.709;7055.554;141.94;14.085;282.318;0.0
UAV_3;547;6769.806;7042.001;141.897;14.159;286.82;0.0
UAV_3;548;6774.976;7028.718;141.843;14.254;291.269;0.0
UAV_3;549;6781.196;7015.767;141.777;14.367;295.653;0.0
UAV_3;550;6788.436;7003.209;141.699;14.495;299.964;0.0
UAV_3;551;6796.662;6991.103;141.611;14.637;304.195;0.0
UAV_3;552;6805.836;6979.504;141.511;14.789;308.343;0.0
UAV_3;553;6815.915;6968.467;141.4;14.947;312.404;0.0
UAV_3;554;6826.853;6958.043;141.278;15.11;316.379;0.0
UAV_3;555;6838.598;6948.281;141.145;15.273;320.268;0.0
UAV_3;556;6851.096;6939.227;141.001;15.434;324.077;0.0
UAV_3;557;6864.288;6930.922;140.847;15.589;327.808;0.0
UAV_3;558;6878.112;6923.406;140.683;15.737;331.467;0.0
UAV_3;559;6892.505;6916.712;140.509;15.874;335.06;0.0
UAV_3;560;6907.399;6910.874;140.324;15.999;338.594;0.0
UAV_3;561;6922.725;6905.917;140.13;16.109;342.077;0.0
UAV_3;562;6938.411;6901.865;139.927;16.202;345.516;0.0
UAV_3;563;6954.385;6898.737;139.714;16.278;348.92;0.0
UAV_3;564;6970.571;6896.547;139.492;16.335;352.295;0.0
UAV_3;565;6986.894;6895.306;139.262;16.372;355.652;0.0
UAV_3;566;7003.278;6895.019;139.023;16.389;358.997;0.0
UAV_3;567;7019.647;6895.688;138.775;16.385;2.34;0.0
UAV_3;568;7035.924;6897.31;138.52;16.36;5.689;0.0
UAV_3;569;7052.034;6899.876;138.258;16.315;9.052;0.0
UAV_3;570;7067.902;6903.376;137.988;16.251;12.438;0.0
UAV_3;571;7083.452;6907.792;137.711;16.168;15.855;0.0
UAV_3;572;7098.614;6913.105;137.427;16.068;19.31;0.0
UAV_3;573;7113.316;6919.289;137.137;15.952;22.813;0.0
UAV_3;574;7127.489;6926.315;136.841;15.822;26.37;0.0
UAV_3;575;7141.068;6934.152;136.54;15.681;29.989;0.0
UAV_3;576;7150.0;6942.761;136.233;12.409;43.948;0.0
UAV_3;577;7150.0;6952.104;135.921;9.348;90.0;0.0
UAV_3;578;7150.0;6962.136;135.605;10.037;90.0;0.0
UAV_3;579;7150.0;6972.811;135.284;10.68;90.0;0.0
UAV_3;580;7150.0;6984.079;134.96;11.273;90.0;0.0
UAV_3;581;7150.0;6995.888;134.632;11.813;90.0;0.0
UAV_3;582;7150.0;7008.182;134.301;12.298;90.0;0.0
UAV_3;583;7150.0;7020.904;133.968;12.726;90.0;0.0
UAV_3;584;7150.0;7033.994;133.632;13.095;90.0;0.0
UAV_3;585;7150.0;7047.393;133.294;13.403;90.0;0.0
UAV_3;586;7150.0;7061.037;132.955;13.648;90.0;0.0
UAV_3;587;7150.0;7074.862;132.614;13.83;90.0;0.0
UAV_3;588;7150.0;7088.805;132.273;13.947;90.0;0.0
UAV_3;589;7150.0;7102.8;131.932;13.999;90.0;0.0
UAV_3;590;7150.0;7116.782;131.59;13.986;90.0;0.0
UAV_3;591;7150.0;7130.686;131.249;13.908;90.0;0.0
UAV_3;592;7150.0;7144.446;130.909;13.765;90.0;0.0
UAV_3;593;7150.0;7157.999;130.571;13.558;90.0;0.0
UAV_3;594;7150.0;7171.282;130.234;13.287;90.0;0.0
UAV_3;595;7150.0;7184.233;129.899;12.955;90.0;0.0
UAV_3;596;7150.0;7196.791;129.566;12.562;90.0;0.0
UAV_3;597;7150.0;7208.897;129.236;12.111;90.0;0.0
UAV_3;598;7150.0;7220.496;128.91;11.603;90.0;0.0
UAV_3;599;7150.0;7231.533;128.587;11.042;90.0;0.0
UAV_3;600;7150.0;7241.957;128.268;10.429;90.0;0.0
UAV_4;0;5380.344;5347.831;141.878;24.0;18.0;0.0
UAV_4;1;5396.345;5351.39;141.61;16.394;12.542;0.0
UAV_4;2;5411.933;5355.586;141.336;16.145;15.065;0.0
UAV_4;3;5427.042;5360.401;141.057;15.86;17.674;0.0
UAV_4;4;5441.606;5365.813;140.772;15.54;20.385;0.0
UAV_4;5;5455.564;5371.799;140.481;15.191;23.214;0.0
UAV_4;6;5468.856;5378.335;140.187;14.815;26.183;0.0
UAV_4;7;5481.426;5385.392;139.887;14.418;29.311;0.0
UAV_4;8;5493.218;5392.939;139.584;14.004;32.621;0.0
UAV_4;9;5504.182;5400.945;139.276;13.58;36.135;0.0
UAV_4;10;5514.273;5409.375;138.965;13.152;39.877;0.0
UAV_4;11;5523.446;5418.193;138.651;12.728;43.87;0.0
UAV_4;12;5531.662;5427.362;138.334;12.315;48.136;0.0
UAV_4;13;5538.886;5436.841;138.015;11.923;52.69;0.0
UAV_4;14;5545.087;5446.591;137.693;11.559;57.543;0.0
UAV_4;15;5550.238;5456.57;137.37;11.235;62.694;0.0
UAV_4;16;5554.318;5466.734;137.045;10.958;68.13;0.0
UAV_4;17;5557.309;5477.041;136.719;10.737;73.818;0.0
UAV_4;18;5559.199;5487.447;136.393;10.581;79.71;0.0
UAV_4;19;5559.978;5497.906;136.065;10.493;85.739;0.0
UAV_4;20;5559.644;5508.374;135.738;10.479;91.828;0.0
UAV_4;21;5558.198;5518.806;135.411;10.537;97.891;0.0
UAV_4;22;5555.646;5529.158;135.085;10.667;103.846;0.0
UAV_4;23;5552.0;5539.385;134.76;10.862;109.623;0.0
UAV_4;24;5547.275;5549.443;134.436;11.118;115.164;0.0
UAV_4;25;5541.49;5559.289;134.113;11.424;120.432;0.0
UAV_4;26;5534.672;5568.882;133.793;11.773;125.405;0.0
UAV_4;27;5526.849;5578.179;133.475;12.155;130.078;0.0
UAV_4;28;5518.054;5587.142;133.16;12.561;134.457;0.0
UAV_4;29;5508.326;5595.732;132.848;12.982;138.557;0.0
UAV_4;30;5497.706;5603.912;132.539;13.409;142.397;0.0
UAV_4;31;5486.239;5611.646;132.234;13.835;145.999;0.0
UAV_4;32;5473.974;5618.903;131.933;14.254;149.388;0.0
UAV_4;33;5460.964;5625.651;131.636;14.658;152.586;0.0
UAV_4;34;5447.266;5631.86;131.344;15.043;155.616;0.0
UAV_4;35;5432.936;5637.505;131.057;15.404;158.499;0.0
UAV_4;36;5418.038;5642.561;130.775;15.736;161.255;0.0
UAV_4;37;5402.633;5647.007;130.499;16.035;163.902;0.0
UAV_4;38;5386.79;5650.823;130.229;16.299;166.458;0.0
UAV_4;39;5370.575;5653.993;129.964;16.524;168.938;0.0
UAV_4;40;5354.057;5656.504;129.707;16.709;171.357;0.0
UAV_4;41;5337.308;5658.344;129.456;16.852;173.729;0.0
UAV_4;42;5320.399;5659.507;129.212;16.95;176.067;0.0
UAV_4;43;5303.403;5659.986;128.975;17.004;178.384;0.0
UAV_4;44;5286.393;5659.781;128.746;17.013;180.692;0.0
UAV_4;45;5269.44;5658.891;128.525;16.977;183.005;0.0
UAV_4;46;5252.619;5657.321;128.312;16.896;185.333;0.0
UAV_4;47;5236.0;5655.077;128.106;16.771;187.69;0.0
UAV_4;48;5219.656;5652.169;127.91;16.602;190.088;0.0
UAV_4;49;5203.655;5648.61;127.722;16.393;192.542;0.0
UAV_4;50;5188.067;5644.414;127.543;16.144;195.065;0.0
UAV_4;51;5172.958;5639.599;127.373;15.858;197.674;0.0
UAV_4;52;5158.394;5634.187;127.212;15.538;200.385;0.0
UAV_4;53;5150.0;5628.201;127.06;10.311;215.497;0.0
UAV_4;54;5150.0;5621.665;126.919;6.537;270.0;0.0
UAV_4;55;5150.0;5614.608;126.786;7.058;270.0;0.0
UAV_4;56;5150.0;5607.061;126.664;7.548;270.0;0.0
UAV_4;57;5150.0;5599.055;126.552;8.007;270.0;0.0
UAV_4;58;5150.0;5590.625;126.45;8.431;270.0;0.0
UAV_4;59;5150.0;5581.807;126.358;8.819;270.0;0.0
UAV_4;60;5150.0;5572.638;126.276;9.169;270.0;0.0
UAV_4;61;5150.0;5563.159;126.205;9.48;270.0;0.0
UAV_4;62;5150.0;5553.409;126.144;9.75;270.0;0.0
UAV_4;63;5150.0;5543.43;126.094;9.979;270.0;0.0
UAV_4;64;5150.0;5533.266;126.055;10.165;270.0;0.0
UAV_4;65;5150.0;5522.959;126.026;10.307;270.0;0.0
UAV_4;66;5150.0;5512.553;126.008;10.405;270.0;0.0
UAV_4;67;5150.0;5502.094;126.0;10.459;270.0;0.0
UAV_4;68;5150.0;5491.626;126.003;10.468;270.0;0.0
UAV_4;69;5150.0;5481.194;126.017;10.432;270.0;0.0
UAV_4;70;5150.0;5470.842;126.042;10.352;270.0;0.0
UAV_4;71;5150.0;5460.615;126.077;10.227;270.0;0.0
UAV_4;72;5150.0;5450.557;126.123;10.058;270.0;0.0
UAV_4;73;5150.0;5440.711;126.18;9.847;270.0;0.0
UAV_4;74;5150.0;5431.118;126.247;9.593;270.0;0.0
UAV_4;75;5150.0;5421.821;126.324;9.298;270.0;0.0
UAV_4;76;5150.0;5412.858;126.412;8.963;270.0;0.0
UAV_4;77;5150.0;5404.268;126.51;8.59;270.0;0.0
UAV_4;78;5150.0;5396.088;126.618;8.18;270.0;0.0
UAV_4;79;5150.0;5388.354;126.736;7.736;270.0;0.0
UAV_4;80;5150.0;5381.097;126.865;7.258;270.0;0.0
UAV_4;81;5150.0;5374.349;127.003;6.749;270.0;0.0
UAV_4;82;5152.734;5368.14;127.15;6.786;293.767;0.0
UAV_4;83;5167.064;5362.495;127.307;15.402;338.499;0.0
UAV_4;84;5181.962;5357.439;127.474;15.734;341.255;0.0
UAV_4;85;5197.367;5352.993;127.649;16.034;343.902;0.0
UAV_4;86;5213.21;5349.177;127.834;16.298;346.458;0.0
UAV_4;87;5229.425;5346.007;128.027;16.523;348.938;0.0
UAV_4;88;5245.943;5343.496;128.229;16.708;351.357;0.0
UAV_4;89;5262.692;5341.656;128.439;16.851;353.729;0.0
UAV_4;90;5279.601;5340.493;128.657;16.95;356.067;0.0
UAV_4;91;5296.597;5340.014;128.883;17.004;358.384;0.0
UAV_4;92;5313.607;5340.219;129.116;17.013;0.692;0.0
UAV_4;93;5330.56;5341.109;129.357;16.977;3.005;0.0
UAV_4;94;5347.381;5342.679;129.606;16.896;5.333;0.0
UAV_4;95;5364.0;5344.923;129.861;16.771;7.69;0.0
UAV_4;96;5380.344;5347.831;130.122;16.603;10.088;0.0
UAV_4;97;5396.345;5351.39;130.39;16.394;12.542;0.0
UAV_4;98;5411.933;5355.586;130.664;16.145;15.065;0.0
UAV_4;99;5427.042;5360.401;130.943;15.86;17.674;0.0
UAV_4;100;5441.606;5365.813;131.228;15.54;20.385;0.0
UAV_4;101;5455.564;5371.799;131.519;15.191;23.214;0.0
UAV_4;102;5468.856;5378.335;131.813;14.815;26.183;0.0
UAV_4;103;5481.426;5385.392;132.113;14.418;29.311;0.0
UAV_4;104;5493.218;5392.939;132.416;14.004;32.621;0.0
UAV_4;105;5504.182;5400.945;132.724;13.58;36.135;0.0
UAV_4;106;5514.273;5409.375;133.035;13.152;39.877;0.0
UAV_4;107;5523.446;5418.193;133.349;12.728;43.87;0.0
UAV_4;108;5531.662;5427.362;133.666;12.315;48.136;0.0
UAV_4;109;5538.886;5436.841;133.985;11.923;52.69;0.0
UAV_4;110;5545.087;5446.591;134.307;11.559;57.543;0.0
UAV_4;111;5550.238;5456.57;134.63;11.235;62.694;0.0
UAV_4;112;5554.318;5466.734;134.955;10.958;68.13;0.0
UAV_4;113;5557.309;5477.041;135.281;10.737;73.818;0.0
UAV_4;114;5559.199;5487.447;135.607;10.581;79.71;0.0
UAV_4;115;5559.978;5497.906;135.935;10.493;85.739;0.0
UAV_4;116;5559.644;5508.374;136.262;10.479;91.828;0.0
UAV_4;117;5558.198;5518.806;136.589;10.537;97.891;0.0
UAV_4;118;5555.646;5529.158;136.915;10.667;103.846;0.0
UAV_4;119;5552.0;5539.385;137.24;10.862;109.623;0.0
UAV_4;120;5547.275;5549.443;137.564;11.118;115.164;0.0
UAV_4;121;5541.49;5559.289;137.887;11.424;120.432;0.0
UAV_4;122;5534.672;5568.882;138.207;11.773;125.405;0.0
UAV_4;123;5526.849;5578.179;138.525;12.155;130.078;0.0
UAV_4;124;5518.054;5587.142;138.84;12.561;134.457;0.0
UAV_4;125;5508.326;5595.732;139.152;12.982;138.557;0.0
UAV_4;126;5497.706;5603.912;139.461;13.409;142.397;0.0
UAV_4;127;5486.239;5611.646;139.766;13.835;145.999;0.0
UAV_4;128;5473.974;5618.903;140.067;14.254;149.388;0.0
UAV_4;129;5460.964;5625.651;140.364;14.658;152.586;0.0
UAV_4;130;5447.266;5631.86;140.656;15.043;155.616;0.0
UAV_4;131;5432.936;5637.505;140.943;15.404;158.499;0.0
UAV_4;132;5418.038;5642.561;141.225;15.736;161.255;0.0
UAV_4;133;5402.633;5647.007;141.501;16.035;163.902;0.0
UAV_4;134;5386.79;5650.823;141.771;16.299;166.458;0.0
UAV_4;135;5370.575;5653.993;142.036;16.524;168.938;0.0
UAV_4;136;5354.057;5656.504;142.293;16.709;171.357;0.0
UAV_4;137;5337.308;5658.344;142.544;16.852;173.729;0.0
UAV_4;138;5320.399;5659.507;142.788;16.95;176.067;0.0
UAV_4;139;5303.403;5659.986;143.025;17.004;178.384;0.0
UAV_4;140;5286.393;5659.781;143.254;17.013;180.692;0.0
UAV_4;141;5269.44;5658.891;143.475;16.977;183.005;0.0
UAV_4;142;5252.619;5657.321;143.688;16.896;185.333;0.0
UAV_4;143;5236.0;5655.077;143.894;16.771;187.69;0.0
UAV_4;144;5219.656;5652.169;144.09;16.602;190.088;0.0
UAV_4;145;5203.655;5648.61;144.278;16.393;192.542;0.0
UAV_4;146;5188.067;5644.414;144.457;16.144;195.065;0.0
UAV_4;147;5172.958;5639.599;144.627;15.858;197.674;0.0
UAV_4;148;5158.394;5634.187;144.788;15.538;200.385;0.0
UAV_4;149;5150.0;5628.201;144.94;10.311;215.497;0.0
UAV_4;150;5150.0;5621.665;145.081;6.537;270.0;0.0
UAV_4;151;5150.0;5614.608;145.214;7.058;270.0;0.0
UAV_4;152;5150.0;5607.061;145.336;7.548;270.0;0.0
UAV_4;153;5150.0;5599.055;145.448;8.007;270.0;0.0
UAV_4;154;5150.0;5590.625;145.55;8.431;270.0;0.0
UAV_4;155;5150.0;5581.807;145.642;8.819;270.0;0.0
UAV_4;156;5150.0;5572.638;145.724;9.169;270.0;0.0
UAV_4;157;5150.0;5563.159;145.795;9.48;270.0;0.0
UAV_4;158;5150.0;5553.409;145.856;9.75;270.0;0.0
UAV_4;159;5150.0;5543.43;145.906;9.979;270.0;0.0
UAV_4;160;5150.0;5533.266;145.945;10.165;270.0;0.0
UAV_4;161;5150.0;5522.959;145.974;10.307;270.0;0.0
UAV_4;162;5150.0;5512.553;145.992;10.405;270.0;0.0
UAV_4;163;5150.0;5502.094;146.0;10.459;270.0;0.0
UAV_4;164;5150.0;5491.626;145.997;10.468;270.0;0.0
UAV_4;165;5150.0;5481.194;145.983;10.432;270.0;0.0
UAV_4;166;5150.0;5470.842;145.958;10.352;270.0;0.0
UAV_4;167;5150.0;5460.615;145.923;10.227;270.0;0.0
UAV_4;168;5150.0;5450.557;145.877;10.058;270.0;0.0
UAV_4;169;5150.0;5440.711;145.82;9.847;270.0;0.0
UAV_4;170;5150.0;5431.118;145.753;9.593;270.0;0.0
UAV_4;171;5150.0;5421.821;145.676;9.298;270.0;0.0
UAV_4;172;5150.0;5412.858;145.588;8.963;270.0;0.0
UAV_4;173;5150.0;5404.268;145.49;8.59;270.0;0.0
UAV_4;174;5150.0;5396.088;145.382;8.18;270.0;0.0
UAV_4;175;5150.0;5388.354;145.264;7.736;270.0;0.0
UAV_4;176;5150.0;5381.097;145.135;7.258;270.0;0.0
UAV_4;177;5150.0;5374.349;144.997;6.749;270.0;0.0
UAV_4;178;5152.734;5368.14;144.85;6.786;293.767;0.0
UAV_4;179;5167.064;5362.495;144.693;15.402;338.499;0.0
UAV_4;180;5181.962;5357.439;144.526;15.734;341.255;0.0
UAV_4;181;5197.367;5352.993;144.351;16.034;343.902;0.0
UAV_4;182;5213.21;5349.177;144.166;16.298;346.458;0.0
UAV_4;183;5229.425;5346.007;143.973;16.523;348.938;0.0
UAV_4;184;5245.943;5343.496;143.771;16.708;351.357;0.0
UAV_4;185;5262.692;5341.656;143.561;16.851;353.729;0.0
UAV_4;186;5279.601;5340.493;143.343;16.95;356.067;0.0
UAV_4;187;5296.597;5340.014;143.117;17.004;358.384;0.0
UAV_4;188;5313.607;5340.219;142.884;17.013;0.692;0.0
UAV_4;189;5330.56;5341.109;142.643;16.977;3.005;0.0
UAV_4;190;5347.381;5342.679;142.394;16.896;5.333;0.0
UAV_4;191;5364.0;5344.923;142.139;16.771;7.69;0.0
UAV_4;192;5380.344;5347.831;141.878;16.603;10.088;0.0
UAV_4;193;5396.345;5351.39;141.61;16.394;12.542;0.0
UAV_4;194;5411.933;5355.586;141.336;16.145;15.065;0.0
UAV_4;195;5427.042;5360.401;141.057;15.86;17.674;0.0
UAV_4;196;5441.606;5365.813;140.772;15.54;20.385;0.0
UAV_4;197;5455.564;5371.799;140.481;15.191;23.214;0.0
UAV_4;198;5468.856;5378.335;140.187;14.815;26.183;0.0
UAV_4;199;5481.426;5385.392;139.887;14.418;29.311;0.0
UAV_4;200;5493.218;5392.939;139.584;14.004;32.621;0.0
UAV_4;201;5504.182;5400.945;139.276;13.58;36.135;0.0
UAV_4;202;5514.273;5409.375;138.965;13.152;39.877;0.0
UAV_4;203;5523.446;5418.193;138.651;12.728;43.87;0.0
UAV_4;204;5531.662;5427.362;138.334;12.315;48.136;0.0
UAV_4;205;5538.886;5436.841;138.015;11.923;52.69;0.0
UAV_4;206;5545.087;5446.591;137.693;11.559;57.543;0.0
UAV_4;207;5550.238;5456.57;137.37;11.235;62.694;0.0
UAV_4;208;5554.318;5466.734;137.045;10.958;68.13;0.0
UAV_4;209;5557.309;5477.041;136.719;10.737;73.818;0.0
UAV_4;210;5559.199;5487.447;136.393;10.581;79.71;0.0
UAV_4;211;5559.978;5497.906;136.065;10.493;85.739;0.0
UAV_4;212;5559.644;5508.374;135.738;10.479;91.828;0.0
UAV_4;213;5558.198;5518.806;135.411;10.537;97.891;0.0
UAV_4;214;5555.646;5529.158;135.085;10.667;103.846;0.0
UAV_4;215;5552.0;5539.385;134.76;10.862;109.623;0.0
UAV_4;216;5547.275;5549.443;134.436;11.118;115.164;0.0
UAV_4;217;5541.49;5559.289;134.113;11.424;120.432;0.0
UAV_4;218;5534.672;5568.882;133.793;11.773;125.405;0.0
UAV_4;219;5526.849;5578.179;133.475;12.155;130.078;0.0
UAV_4;220;5518.054;5587.142;133.16;12.561;134.457;0.0
UAV_4;221;5508.326;5595.732;132.848;12.982;138.557;0.0
UAV_4;222;5497.706;5603.912;132.539;13.409;142.397;0.0
UAV_4;223;5486.239;5611.646;132.234;13.835;145.999;0.0
UAV_4;224;5473.974;5618.903;131.933;14.254;149.388;0.0
UAV_4;225;5460.964;5625.651;131.636;14.658;152.586;0.0
UAV_4;226;5447.266;5631.86;131.344;15.043;155.616;0.0
UAV_4;227;5432.936;5637.505;131.057;15.404;158.499;0.0
UAV_4;228;5418.038;5642.561;130.775;15.736;161.255;0.0
UAV_4;229;5402.633;5647.007;130.499;16.035;163.902;0.0
UAV_4;230;5386.79;5650.823;130.229;16.299;166.458;0.0
UAV_4;231;5370.575;5653.993;129.964;16.524;168.938;0.0
UAV_4;232;5354.057;5656.504;129.707;16.709;171.357;0.0
UAV_4;233;5337.308;5658.344;129.456;16.852;173.729;0.0
UAV_4;234;5320.399;5659.507;129.212;16.95;176.067;0.0
UAV_4;235;5303.403;5659.986;128.975;17.004;178.384;0.0
UAV_4;236;5286.393;5659.781;128.746;17.013;180.692;0.0
UAV_4;237;5269.44;5658.891;128.525;16.977;183.005;0.0
UAV_4;238;5252.619;5657.321;128.312;16.896;185.333;0.0
UAV_4;239;5236.0;5655.077;128.106;16.771;187.69;0.0
UAV_4;240;5219.656;5652.169;127.91;16.602;190.088;0.0
UAV_4;241;5203.655;5648.61;127.722;16.393;192.542;0.0
UAV_4;242;5188.067;5644.414;127.543;16.144;195.065;0.0
UAV_4;243;5172.958;5639.599;127.373;15.858;197.674;0.0
UAV_4;244;5158.394;5634.187;127.212;15.538;200.385;0.0
UAV_4;245;5150.0;5628.201;127.06;10.311;215.497;0.0
UAV_4;246;5150.0;5621.665;126.919;6.537;270.0;0.0
UAV_4;247;5150.0;5614.608;126.786;7.058;270.0;0.0
UAV_4;248;5150.0;5607.061;126.664;7.548;270.0;0.0
UAV_4;249;5150.0;5599.055;126.552;8.007;270.0;0.0
UAV_4;250;5150.0;5590.625;126.45;8.431;270.0;0.0
UAV_4;251;5150.0;5581.807;126.358;8.819;270.0;0.0
UAV_4;252;5150.0;5572.638;126.276;9.169;270.0;0.0
UAV_4;253;5150.0;5563.159;126.205;9.48;270.0;0.0
UAV_4;254;5150.0;5553.409;126.144;9.75;270.0;0.0
UAV_4;255;5150.0;5543.43;126.094;9.979;270.0;0.0
UAV_4;256;5150.0;5533.266;126.055;10.165;270.0;0.0
UAV_4;257;5150.0;5522.959;126.026;10.307;270.0;0.0
UAV_4;258;5150.0;5512.553;126.008;10.405;270.0;0.0
UAV_4;259;5150.0;5502.094;126.0;10.459;270.0;0.0
UAV_4;260;5150.0;5491.626;126.003;10.468;270.0;0.0
UAV_4;261;5150.0;5481.194;126.017;10.432;270.0;0.0
UAV_4;262;5150.0;5470.842;126.042;10.352;270.0;0.0
UAV_4;263;5150.0;5460.615;126.077;10.227;270.0;0.0
UAV_4;264;5150.0;5450.557;126.123;10.058;270.0;0.0
UAV_4;265;5150.0;5440.711;126.18;9.847;270.0;0.0
UAV_4;266;5150.0;5431.118;126.247;9.593;270.0;0.0
UAV_4;267;5150.0;5421.821;126.324;9.298;270.0;0.0
UAV_4;268;5150.0;5412.858;126.412;8.963;270.0;0.0
UAV_4;269;5150.0;5404.268;126.51;8.59;270.0;0.0
UAV_4;270;5150.0;5396.088;126.618;8.18;270.0;0.0
UAV_4;271;5150.0;5388.354;126.736;7.736;270.0;0.0
UAV_4;272;5150.0;5381.097;126.865;7.258;270.0;0.0
UAV_4;273;5150.0;5374.349;127.003;6.749;270.0;0.0
UAV_4;274;5152.734;5368.14;127.15;6.786;293.767;0.0
UAV_4;275;5167.064;5362.495;127.307;15.402;338.499;0.0
UAV_4;276;5181.962;5357.439;127.474;15.734;341.255;0.0
UAV_4;277;5197.367;5352.993;127.649;16.034;343.902;0.0
UAV_4;278;5213.21;5349.177;127.834;16.298;346.458;0.0
UAV_4;279;5229.425;5346.007;128.027;16.523;348.938;0.0
UAV_4;280;5245.943;5343.496;128.229;16.708;351.357;0.0
UAV_4;281;5262.692;5341.656;128.439;16.851;353.729;0.0
UAV_4;282;5279.601;5340.493;128.657;16.95;356.067;0.0
UAV_4;283;5296.597;5340.014;128.883;17.004;358.384;0.0
UAV_4;284;5313.607;5340.219;129.116;17.013;0.692;0.0
UAV_4;285;5330.56;5341.109;129.357;16.977;3.005;0.0
UAV_4;286;5347.381;5342.679;129.606;16.896;5.333;0.0
UAV_4;287;5364.0;5344.923;129.861;16.771;7.69;0.0
UAV_4;288;5380.344;5347.831;130.122;16.603;10.088;0.0
UAV_4;289;5396.345;5351.39;130.39;16.394;12.542;0.0
UAV_4;290;5411.933;5355.586;130.664;16.145;15.065;0.0
UAV_4;291;5427.042;5360.401;130.943;15.86;17.674;0.0
UAV_4;292;5441.606;5365.813;131.228;15.54;20.385;0.0
UAV_4;293;5455.564;5371.799;131.519;15.191;23.214;0.0
UAV_4;294;5468.856;5378.335;131.813;14.815;26.183;0.0
UAV_4;295;5481.426;5385.392;132.113;14.418;29.311;0.0
UAV_4;296;5493.218;5392.939;132.416;14.004;32.621;0.0
UAV_4;297;5504.182;5400.945;132.724;13.58;36.135;0.0
UAV_4;298;5514.273;5409.375;133.035;13.152;39.877;0.0
UAV_4;299;5523.446;5418.193;133.349;12.728;43.87;0.0
UAV_4;300;5531.662;5427.362;133.666;12.315;48.136;0.0
UAV_4;301;5538.886;5436.841;133.985;11.923;52.69;0.0
UAV_4;302;5545.087;5446.591;134.307;11.559;57.543;0.0
UAV_4;303;5550.238;5456.57;134.63;11.235;62.694;0.0
UAV_4;304;5554.318;5466.734;134.955;10.958;68.13;0.0
UAV_4;305;5557.309;5477.041;135.281;10.737;73.818;0.0
UAV_4;306;5559.199;5487.447;135.607;10.581;79.71;0.0
UAV_4;307;5559.978;5497.906;135.935;10.493;85.739;0.0
UAV_4;308;5559.644;5508.374;136.262;10.479;91.828;0.0
UAV_4;309;5558.198;5518.806;136.589;10.537;97.891;0.0
UAV_4;310;5555.646;5529.158;136.915;10.667;103.846;0.0
UAV_4;311;5552.0;5539.385;137.24;10.862;109.623;0.0
UAV_4;312;5547.275;5549.443;137.564;11.118;115.164;0.0
UAV_4;313;5541.49;5559.289;137.887;11.424;120.432;0.0
UAV_4;314;5534.672;5568.882;138.207;11.773;125.405;0.0
UAV_4;315;5526.849;5578.179;138.525;12.155;130.078;0.0
UAV_4;316;5518.054;5587.142;138.84;12.561;134.457;0.0
UAV_4;317;5508.326;5595.732;139.152;12.982;138.557;0.0
UAV_4;318;5497.706;5603.912;139.461;13.409;142.397;0.0
UAV_4;319;5486.239;5611.646;139.766;13.835;145.999;0.0
UAV_4;320;5473.974;5618.903;140.067;14.254;149.388;0.0
UAV_4;321;5460.964;5625.651;140.364;14.658;152.586;0.0
UAV_4;322;5447.266;5631.86;140.656;15.043;155.616;0.0
UAV_4;323;5432.936;5637.505;140.943;15.404;158.499;0.0
UAV_4;324;5418.038;5642.561;141.225;15.736;161.255;0.0
UAV_4;325;5402.633;5647.007;141.501;16.035;163.902;0.0
UAV_4;326;5386.79;5650.823;141.771;16.299;166.458;0.0
UAV_4;327;5370.575;5653.993;142.036;16.524;168.938;0.0
UAV_4;328;5354.057;5656.504;142.293;16.709;171.357;0.0
UAV_4;329;5337.308;5658.344;142.544;16.852;173.729;0.0
UAV_4;330;5320.399;5659.507;142.788;16.95;176.067;0.0
UAV_4;331;5303.403;5659.986;143.025;17.004;178.384;0.0
UAV_4;332;5286.393;5659.781;143.254;17.013;180.692;0.0
UAV_4;333;5269.44;5658.891;143.475;16.977;183.005;0.0
UAV_4;334;5252.619;5657.321;143.688;16.896;185.333;0.0
UAV_4;335;5236.0;5655.077;143.894;16.771;187.69;0.0
UAV_4;336;5219.656;5652.169;144.09;16.602;190.088;0.0
UAV_4;337;5203.655;5648.61;144.278;16.393;192.542;0.0
UAV_4;338;5188.067;5644.414;144.457;16.144;195.065;0.0
UAV_4;339;5172.958;5639.599;144.627;15.858;197.674;0.0
UAV_4;340;5158.394;5634.187;144.788;15.538;200.385;0.0
UAV_4;341;5150.0;5628.201;144.94;10.311;215.497;0.0
UAV_4;342;5150.0;5621.665;145.081;6.537;270.0;0.0
UAV_4;343;5150.0;5614.608;145.214;7.058;270.0;0.0
UAV_4;344;5150.0;5607.061;145.336;7.548;270.0;0.0
UAV_4;345;5150.0;5599.055;145.448;8.007;270.0;0.0
UAV_4;346;5150.0;5590.625;145.55;8.431;270.0;0.0
UAV_4;347;5150.0;5581.807;145.642;8.819;270.0;0.0
UAV_4;348;5150.0;5572.638;145.724;9.169;270.0;0.0
UAV_4;349;5150.0;5563.159;145.795;9.48;270.0;0.0
UAV_4;350;5150.0;5553.409;145.856;9.75;270.0;0.0
UAV_4;351;5150.0;5543.43;145.906;9.979;270.0;0.0
UAV_4;352;5150.0;5533.266;145.945;10.165;270.0;0.0
UAV_4;353;5150.0;5522.959;145.974;10.307;270.0;0.0
UAV_4;354;5150.0;5512.553;145.992;10.405;270.0;0.0
UAV_4;355;5150.0;5502.094;146.0;10.459;270.0;0.0
UAV_4;356;5150.0;5491.626;145.997;10.468;270.0;0.0
UAV_4;357;5150.0;5481.194;145.983;10.432;270.0;0.0
UAV_4;358;5150.0;5470.842;145.958;10.352;270.0;0.0
UAV_4;359;5150.0;5460.615;145.923;10.227;270.0;0.0
UAV_4;360;5150.0;5450.557;145.877;10.058;270.0;0.0
UAV_4;361;5150.0;5440.711;145.82;9.847;270.0;0.0
UAV_4;362;5150.0;5431.118;145.753;9.593;270.0;0.0
UAV_4;363;5150.0;5421.821;145.676;9.298;270.0;0.0
UAV_4;364;5150.0;5412.858;145.588;8.963;270.0;0.0
UAV_4;365;5150.0;5404.268;145.49;8.59;270.0;0.0
UAV_4;366;5150.0;5396.088;145.382;8.18;270.0;0.0
UAV_4;367;5150.0;5388.354;145.264;7.736;270.0;0.0
UAV_4;368;5150.0;5381.097;145.135;7.258;270.0;0.0
UAV_4;369;5150.0;5374.349;144.997;6.749;270.0;0.0
UAV_4;370;5152.734;5368.14;144.85;6.786;293.767;0.0
UAV_4;371;5167.064;5362.495;144.693;15.402;338.499;0.0
UAV_4;372;5181.962;5357.439;144.526;15.734;341.255;0.0
UAV_4;373;5197.367;5352.993;144.351;16.034;343.902;0.0
UAV_4;374;5213.21;5349.177;144.166;16.298;346.458;0.0
UAV_4;375;5229.425;5346.007;143.973;16.523;348.938;0.0
UAV_4;376;5245.943;5343.496;143.771;16.708;351.357;0.0
UAV_4;377;5262.692;5341.656;143.561;16.851;353.729;0.0
UAV_4;378;5279.601;5340.493;143.343;16.95;356.067;0.0
UAV_4;379;5296.597;5340.014;143.117;17.004;358.384;0.0
UAV_4;380;5313.607;5340.219;142.884;17.013;0.692;0.0
UAV_4;381;5330.56;5341.109;142.643;16.977;3.005;0.0
UAV_4;382;5347.381;5342.679;142.394;16.896;5.333;0.0
UAV_4;383;5364.0;5344.923;142.139;16.771;7.69;0.0
UAV_4;384;5380.344;5347.831;141.878;16.603;10.088;0.0
UAV_4;385;5396.345;5351.39;141.61;16.394;12.542;0.0
UAV_4;386;5411.933;5355.586;141.336;16.145;15.065;0.0
UAV_4;387;5427.042;5360.401;141.057;15.86;17.674;0.0
UAV_4;388;5441.606;5365.813;140.772;15.54;20.385;0.0
UAV_4;389;5455.564;5371.799;140.481;15.191;23.214;0.0
UAV_4;390;5468.856;5378.335;140.187;14.815;26.183;0.0
UAV_4;391;5481.426;5385.392;139.887;14.418;29.311;0.0
UAV_4;392;5493.218;5392.939;139.584;14.004;32.621;0.0
UAV_4;393;5504.182;5400.945;139.276;13.58;36.135;0.0
UAV_4;394;5514.273;5409.375;138.965;13.152;39.877;0.0
UAV_4;395;5523.446;5418.193;138.651;12.728;43.87;0.0
UAV_4;396;5531.662;5427.362;138.334;12.315;48.136;0.0
UAV_4;397;5538.886;5436.841;138.015;11.923;52.69;0.0
UAV_4;398;5545.087;5446.591;137.693;11.559;57.543;0.0
UAV_4;399;5550.238;5456.57;137.37;11.235;62.694;0.0
UAV_4;400;5554.318;5466.734;137.045;10.958;68.13;0.0
UAV_4;401;5557.309;5477.041;136.719;10.737;73.818;0.0
UAV_4;402;5559.199;5487.447;136.393;10.581;79.71;0.0
UAV_4;403;5559.978;5497.906;136.065;10.493;85.739;0.0
UAV_4;404;5559.644;5508.374;135.738;10.479;91.828;0.0
UAV_4;405;5558.198;5518.806;135.411;10.537;97.891;0.0
UAV_4;406;5555.646;5529.158;135.085;10.667;103.846;0.0
UAV_4;407;5552.0;5539.385;134.76;10.862;109.623;0.0
UAV_4;408;5547.275;5549.443;134.436;11.118;115.164;0.0
UAV_4;409;5541.49;5559.289;134.113;11.424;120.432;0.0
UAV_4;410;5534.672;5568.882;133.793;11.773;125.405;0.0
UAV_4;411;5526.849;5578.179;133.475;12.155;130.078;0.0
UAV_4;412;5518.054;5587.142;133.16;12.561;134.457;0.0
UAV_4;413;5508.326;5595.732;132.848;12.982;138.557;0.0
UAV_4;414;5497.706;5603.912;132.539;13.409;142.397;0.0
UAV_4;415;5486.239;5611.646;132.234;13.835;145.999;0.0
UAV_4;416;5473.974;5618.903;131.933;14.254;149.388;0.0
UAV_4;417;5460.964;5625.651;131.636;14.658;152.586;0.0
UAV_4;418;5447.266;5631.86;131.344;15.043;155.616;0.0
UAV_4;419;5432.936;5637.505;131.057;15.404;158.499;0.0
UAV_4;420;5418.038;5642.561;130.775;15.736;161.255;0.0
UAV_4;421;5402.633;5647.007;130.499;16.035;163.902;0.0
UAV_4;422;5386.79;5650.823;130.229;16.299;166.458;0.0
UAV_4;423;5370.575;5653.993;129.964;16.524;168.938;0.0
UAV_4;424;5354.057;5656.504;129.707;16.709;171.357;0.0
UAV_4;425;5337.308;5658.344;129.456;16.852;173.729;0.0
UAV_4;426;5320.399;5659.507;129.212;16.95;176.067;0.0
UAV_4;427;5303.403;5659.986;128.975;17.004;178.384;0.0
UAV_4;428;5286.393;5659.781;128.746;17.013;180.692;0.0
UAV_4;429;5269.44;5658.891;128.525;16.977;183.005;0.0
UAV_4;430;5252.619;5657.321;128.312;16.896;185.333;0.0
UAV_4;431;5236.0;5655.077;128.106;16.771;187.69;0.0
UAV_4;432;5219.656;5652.169;127.91;16.602;190.088;0.0
UAV_4;433;5203.655;5648.61;127.722;16.393;192.542;0.0
UAV_4;434;5188.067;5644.414;127.543;16.144;195.065;0.0
UAV_4;435;5172.958;5639.599;127.373;15.858;197.674;0.0
UAV_4;436;5158.394;5634.187;127.212;15.538;200.385;0.0
UAV_4;437;5150.0;5628.201;127.06;10.311;215.497;0.0
UAV_4;438;5150.0;5621.665;126.919;6.537;270.0;0.0
UAV_4;439;5150.0;5614.608;126.786;7.058;270.0;0.0
UAV_4;440;5150.0;5607.061;126.664;7.548;270.0;0.0
UAV_4;441;5150.0;5599.055;126.552;8.007;270.0;0.0
UAV_4;442;5150.0;5590.625;126.45;8.431;270.0;0.0
UAV_4;443;5150.0;5581.807;126.358;8.819;270.0;0.0
UAV_4;444;5150.0;5572.638;126.276;9.169;270.0;0.0
UAV_4;445;5150.0;5563.159;126.205;9.48;270.0;0.0
UAV_4;446;5150.0;5553.409;126.144;9.75;270.0;0.0
UAV_4;447;5150.0;5543.43;126.094;9.979;270.0;0.0
UAV_4;448;5150.0;5533.266;126.055;10.165;270.0;0.0
UAV_4;449;5150.0;5522.959;126.026;10.307;270.0;0.0
UAV_4;450;5150.0;5512.553;126.008;10.405;270.0;0.0
UAV_4;451;5150.0;5502.094;126.0;10.459;270.0;0.0
UAV_4;452;5150.0;5491.626;126.003;10.468;270.0;0.0
UAV_4;453;5150.0;5481.194;126.017;10.432;270.0;0.0
UAV_4;454;5150.0;5470.842;126.042;10.352;270.0;0.0
UAV_4;455;5150.0;5460.615;126.077;10.227;270.0;0.0
UAV_4;456;5150.0;5450.557;126.123;10.058;270.0;0.0
UAV_4;457;5150.0;5440.711;126.18;9.847;270.0;0.0
UAV_4;458;5150.0;5431.118;126.247;9.593;270.0;0.0
UAV_4;459;5150.0;5421.821;126.324;9.298;270.0;0.0
UAV_4;460;5150.0;5412.858;126.412;8.963;270.0;0.0
UAV_4;461;5150.0;5404.268;126.51;8.59;270.0;0.0
UAV_4;462;5150.0;5396.088;126.618;8.18;270.0;0.0
UAV_4;463;5150.0;5388.354;126.736;7.736;270.0;0.0
UAV_4;464;5150.0;5381.097;126.865;7.258;270.0;0.0
UAV_4;465;5150.0;5374.349;127.003;6.749;270.0;0.0
UAV_4;466;5152.734;5368.14;127.15;6.786;293.767;0.0
UAV_4;467;5167.064;5362.495;127.307;15.402;338.499;0.0
UAV_4;468;5181.962;5357.439;127.474;15.734;341.255;0.0
UAV_4;469;5197.367;5352.993;127.649;16.034;343.902;0.0
UAV_4;470;5213.21;5349.177;127.834;16.298;346.458;0.0
UAV_4;471;5229.425;5346.007;128.027;16.523;348.938;0.0
UAV_4;472;5245.943;5343.496;128.229;16.708;351.357;0.0
UAV_4;473;5262.692;5341.656;128.439;16.851;353.729;0.0
UAV_4;474;5279.601;5340.493;128.657;16.95;356.067;0.0
UAV_4;475;5296.597;5340.014;128.883;17.004;358.384;0.0
UAV_4;476;5313.607;5340.219;129.116;17.013;0.692;0.0
UAV_4;477;5330.56;5341.109;129.357;16.977;3.005;0.0
UAV_4;478;5347.381;5342.679;129.606;16.896;5.333;0.0
UAV_4;479;5364.0;5344.923;129.861;16.771;7.69;0.0
UAV_4;480;5380.344;5347.831;130.122;16.603;10.088;0.0
UAV_4;481;5396.345;5351.39;130.39;16.394;12.542;0.0
UAV_4;482;5411.933;5355.586;130.664;16.145;15.065;0.0
UAV_4;483;5427.042;5360.401;130.943;15.86;17.674;0.0
UAV_4;484;5441.606;5365.813;131.228;15.54;20.385;0.0
UAV_4;485;5455.564;5371.799;131.519;15.191;23.214;0.0
UAV_4;486;5468.856;5378.335;131.813;14.815;26.183;0.0
UAV_4;487;5481.426;5385.392;132.113;14.418;29.311;0.0
UAV_4;488;5493.218;5392.939;132.416;14.004;32.621;0.0
UAV_4;489;5504.182;5400.945;132.724;13.58;36.135;0.0
UAV_4;490;5514.273;5409.375;133.035;13.152;39.877;0.0
UAV_4;491;5523.446;5418.193;133.349;12.728;43.87;0.0
UAV_4;492;5531.662;5427.362;133.666;12.315;48.136;0.0
UAV_4;493;5538.886;5436.841;133.985;11.923;52.69;0.0
UAV_4;494;5545.087;5446.591;134.307;11.559;57.543;0.0
UAV_4;495;5550.238;5456.57;134.63;11.235;62.694;0.0
UAV_4;496;5554.318;5466.734;134.955;10.958;68.13;0.0
UAV_4;497;5557.309;5477.041;135.281;10.737;73.818;0.0
UAV_4;498;5559.199;5487.447;135.607;10.581;79.71;0.0
UAV_4;499;5559.978;5497.906;135.935;10.493;85.739;0.0
UAV_4;500;5559.644;5508.374;136.262;10.479;91.828;0.0
UAV_4;501;5558.198;5518.806;136.589;10.537;97.891;0.0
UAV_4;502;5555.646;5529.158;136.915;10.667;103.846;0.0
UAV_4;503;5552.0;5539.385;137.24;10.862;109.623;0.0
UAV_4;504;5547.275;5549.443;137.564;11.118;115.164;0.0
UAV_4;505;5541.49;5559.289;137.887;11.424;120.432;0.0
UAV_4;506;5534.672;5568.882;138.207;11.773;125.405;0.0
UAV_4;507;5526.849;5578.179;138.525;12.155;130.078;0.0
UAV_4;508;5518.054;5587.142;138.84;12.561;134.457;0.0
UAV_4;509;5508.326;5595.732;139.152;12.982;138.557;0.0
UAV_4;510;5497.706;5603.912;139.461;13.409;142.397;0.0
UAV_4;511;5486.239;5611.646;139.766;13.835;145.999;0.0
UAV_4;512;5473.974;5618.903;140.067;14.254;149.388;0.0
UAV_4;513;5460.964;5625.651;140.364;14.658;152.586;0.0
UAV_4;514;5447.266;5631.86;140.656;15.043;155.616;0.0
UAV_4;515;5432.936;5637.505;140.943;15.404;158.499;0.0
UAV_4;516;5418.038;5642.561;141.225;15.736;161.255;0.0
UAV_4;517;5402.633;5647.007;141.501;16.035;163.902;0.0
UAV_4;518;5386.79;5650.823;141.771;16.299;166.458;0.0
UAV_4;519;5370.575;5653.993;142.036;16.524;168.938;0.0
UAV_4;520;5354.057;5656.504;142.293;16.709;171.357;0.0
UAV_4;521;5337.308;5658.344;142.544;16.852;173.729;0.0
UAV_4;522;5320.399;5659.507;142.788;16.95;176.067;0.0
UAV_4;523;5303.403;5659.986;143.025;17.004;178.384;0.0
UAV_4;524;5286.393;5659.781;143.254;17.013;180.692;0.0
UAV_4;525;5269.44;5658.891;143.475;16.977;183.005;0.0
UAV_4;526;5252.619;5657.321;143.688;16.896;185.333;0.0
UAV_4;527;5236.0;5655.077;143.894;16.771;187.69;0.0
UAV_4;528;5219.656;5652.169;144.09;16.602;190.088;0.0
UAV_4;529;5203.655;5648.61;144.278;16.393;192.542;0.0
UAV_4;530;5188.067;5644.414;144.457;16.144;195.065;0.0
UAV_4;531;5172.958;5639.599;144.627;15.858;197.674;0.0
UAV_4;532;5158.394;5634.187;144.788;15.538;200.385;0.0
UAV_4;533;5150.0;5628.201;144.94;10.311;215.497;0.0
UAV_4;534;5150.0;5621.665;145.081;6.537;270.0;0.0
UAV_4;535;5150.0;5614.608;145.214;7.058;270.0;0.0
UAV_4;536;5150.0;5607.061;145.336;7.548;270.0;0.0
UAV_4;537;5150.0;5599.055;145.448;8.007;270.0;0.0
UAV_4;538;5150.0;5590.625;145.55;8.431;270.0;0.0
UAV_4;539;5150.0;5581.807;145.642;8.819;270.0;0.0
UAV_4;540;5150.0;5572.638;145.724;9.169;270.0;0.0
UAV_4;541;5150.0;5563.159;145.795;9.48;270.0;0.0
UAV_4;542;5150.0;5553.409;145.856;9.75;270.0;0.0
UAV_4;543;5150.0;5543.43;145.906;9.979;270.0;0.0
UAV_4;544;5150.0;5533.266;145.945;10.165;270.0;0.0
UAV_4;545;5150.0;5522.959;145.974;10.307;270.0;0.0
UAV_4;546;5150.0;5512.553;145.992;10.405;270.0;0.0
UAV_4;547;5150.0;5502.094;146.0;10.459;270.0;0.0
UAV_4;548;5150.0;5491.626;145.997;10.468;270.0;0.0
UAV_4;549;5150.0;5481.194;145.983;10.432;270.0;0.0
UAV_4;550;5150.0;5470.842;145.958;10.352;270.0;0.0
UAV_4;551;5150.0;5460.615;145.923;10.227;270.0;0.0
UAV_4;552;5150.0;5450.557;145.877;10.058;270.0;0.0
UAV_4;553;5150.0;5440.711;145.82;9.847;270.0;0.0
UAV_4;554;5150.0;5431.118;145.753;9.593;270.0;0.0
UAV_4;555;5150.0;5421.821;145.676;9.298;270.0;0.0
UAV_4;556;5150.0;5412.858;145.588;8.963;270.0;0.0
UAV_4;557;5150.0;5404.268;145.49;8.59;270.0;0.0
UAV_4;558;5150.0;5396.088;145.382;8.18;270.0;0.0
UAV_4;559;5150.0;5388.354;145.264;7.736;270.0;0.0
UAV_4;560;5150.0;5381.097;145.135;7.258;270.0;0.0
UAV_4;561;5150.0;5374.349;144.997;6.749;270.0;0.0
UAV_4;562;5152.734;5368.14;144.85;6.786;293.767;0.0
UAV_4;563;5167.064;5362.495;144.693;15.402;338.499;0.0
UAV_4;564;5181.962;5357.439;144.526;15.734;341.255;0.0
UAV_4;565;5197.367;5352.993;144.351;16.034;343.902;0.0
UAV_4;566;5213.21;5349.177;144.166;16.298;346.458;0.0
UAV_4;567;5229.425;5346.007;143.973;16.523;348.938;0.0
UAV_4;568;5245.943;5343.496;143.771;16.708;351.357;0.0
UAV_4;569;5262.692;5341.656;143.561;16.851;353.729;0.0
UAV_4;570;5279.601;5340.493;143.343;16.95;356.067;0.0
UAV_4;571;5296.597;5340.014;143.117;17.004;358.384;0.0
UAV_4;572;5313.607;5340.219;142.884;17.013;0.692;0.0
UAV_4;573;5330.56;5341.109;142.643;16.977;3.005;0.0
UAV_4;574;5347.381;5342.679;142.394;16.896;5.333;0.0
UAV_4;575;5364.0;5344.923;142.139;16.771;7.69;0.0
UAV_4;576;5380.344;5347.831;141.878;16.603;10.088;0.0
UAV_4;577;5396.345;5351.39;141.61;16.394;12.542;0.0
UAV_4;578;5411.933;5355.586;141.336;16.145;15.065;0.0
UAV_4;579;5427.042;5360.401;141.057;15.86;17.674;0.0
UAV_4;580;5441.606;5365.813;140.772;15.54;20.385;0.0
UAV_4;581;5455.564;5371.799;140.481;15.191;23.214;0.0
UAV_4;582;5468.856;5378.335;140.187;14.815;26.183;0.0
UAV_4;583;5481.426;5385.392;139.887;14.418;29.311;0.0
UAV_4;584;5493.218;5392.939;139.584;14.004;32.621;0.0
UAV_4;585;5504.182;5400.945;139.276;13.58;36.135;0.0
UAV_4;586;5514.273;5409.375;138.965;13.152;39.877;0.0
UAV_4;587;5523.446;5418.193;138.651;12.728;43.87;0.0
UAV_4;588;5531.662;5427.362;138.334;12.315;48.136;0.0
UAV_4;589;5538.886;5436.841;138.015;11.923;52.69;0.0
UAV_4;590;5545.087;5446.591;137.693;11.559;57.543;0.0
UAV_4;591;5550.238;5456.57;137.37;11.235;62.694;0.0
UAV_4;592;5554.318;5466.734;137.045;10.958;68.13;0.0
UAV_4;593;5557.309;5477.041;136.719;10.737;73.818;0.0
UAV_4;594;5559.199;5487.447;136.393;10.581;79.71;0.0
UAV_4;595;5559.978;5497.906;136.065;10.493;85.739;0.0
UAV_4;596;5559.644;5508.374;135.738;10.479;91.828;0.0
UAV_4;597;5558.198;5518.806;135.411;10.537;97.891;0.0
UAV_4;598;5555.646;5529.158;135.085;10.667;103.846;0.0
UAV_4;599;5552.0;5539.385;134.76;10.862;109.623;0.0
UAV_4;600;5547.275;5549.443;134.436;11.118;115.164;0.0
UAV_5;0;7150.0;5500.0;140.0;25.0;90.0;0.0
UAV_5;1;7150.0;5510.988;140.314;10.993;90.0;0.0
UAV_5;2;7150.0;5521.933;140.628;10.949;90.0;0.0
UAV_5;3;7150.0;5532.792;140.941;10.863;90.0;0.0
UAV_5;4;7150.0;5543.521;141.253;10.734;90.0;0.0
UAV_5;5;7150.0;5554.078;141.564;10.562;90.0;0.0
UAV_5;6;7150.0;5564.422;141.874;10.348;90.0;0.0
UAV_5;7;7150.0;5574.511;142.181;10.094;90.0;0.0
UAV_5;8;7150.0;5584.307;142.487;9.8;90.0;0.0
UAV_5;9;7150.0;5593.77;142.79;9.468;90.0;0.0
UAV_5;10;7145.623;5602.862;143.09;10.096;115.705;0.0
UAV_5;11;7138.692;5611.549;143.387;11.117;128.584;0.0
UAV_5;12;7131.214;5619.796;143.681;11.136;132.202;0.0
UAV_5;13;7123.218;5627.57;143.971;11.156;135.807;0.0
UAV_5;14;7114.736;5634.84;144.258;11.175;139.399;0.0
UAV_5;15;7105.801;5641.578;144.54;11.194;142.979;0.0
UAV_5;16;7096.449;5647.757;144.818;11.213;146.546;0.0
UAV_5;17;7086.716;5653.354;145.09;11.231;150.102;0.0
UAV_5;18;7076.64;5658.345;145.358;11.247;153.647;0.0
UAV_5;19;7066.262;5662.711;145.621;11.262;157.183;0.0
UAV_5;20;7055.623;5666.435;145.878;11.275;160.709;0.0
UAV_5;21;7044.764;5669.502;146.129;11.287;164.227;0.0
UAV_5;22;7033.729;5671.9;146.374;11.296;167.739;0.0
UAV_5;23;7022.56;5673.62;146.613;11.303;171.246;0.0
UAV_5;24;7011.302;5674.655;146.845;11.308;174.749;0.0
UAV_5;25;7000.0;5675.0;147.071;11.31;178.25;0.0
UAV_5;26;6988.698;5674.655;147.29;11.31;181.75;0.0
UAV_5;27;6977.44;5673.62;147.501;11.307;185.251;0.0
UAV_5;28;6966.271;5671.9;147.705;11.302;188.754;0.0
UAV_5;29;6955.236;5669.502;147.902;11.295;192.261;0.0
UAV_5;30;6944.377;5666.435;148.09;11.285;195.773;0.0
UAV_5;31;6933.738;5662.711;148.271;11.274;199.291;0.0
UAV_5;32;6923.36;5658.345;148.443;11.26;202.817;0.0
UAV_5;33;6913.284;5653.354;148.607;11.245;206.353;0.0
UAV_5;34;6903.551;5647.757;148.763;11.228;209.898;0.0
UAV_5;35;6894.199;5641.578;148.91;11.211;213.454;0.0
UAV_5;36;6885.264;5634.84;149.048;11.192;217.021;0.0
UAV_5;37;6876.782;5627.57;149.178;11.172;220.601;0.0
UAV_5;38;6868.786;5619.796;149.298;11.153;224.193;0.0
UAV_5;39;6861.308;5611.549;149.409;11.133;227.798;0.0
UAV_5;40;6854.377;5602.862;149.511;11.113;231.416;0.0
UAV_5;41;6848.021;5593.77;149.603;11.094;235.046;0.0
UAV_5;42;6842.265;5584.307;149.686;11.076;238.688;0.0
UAV_5;43;6837.131;5574.511;149.759;11.059;242.342;0.0
UAV_5;44;6832.64;5564.422;149.823;11.044;246.006;0.0
UAV_5;45;6828.81;5554.078;149.877;11.03;249.68;0.0
UAV_5;46;6825.655;5543.521;149.921;11.019;253.362;0.0
UAV_5;47;6823.188;5532.792;149.956;11.009;257.052;0.0
UAV_5;48;6821.419;5521.933;149.98;11.002;260.747;0.0
UAV_5;49;6820.355;5510.988;149.995;10.997;264.447;0.0
UAV_5;50;6820.0;5500.0;150.0;10.994;268.149;0.0
UAV_5;51;6820.355;5489.012;149.995;10.994;271.851;0.0
UAV_5;52;6821.419;5478.067;149.98;10.997;275.553;0.0
UAV_5;53;6823.188;5467.208;149.956;11.002;279.253;0.0
UAV_5;54;6825.655;5456.479;149.921;11.009;282.948;0.0
UAV_5;55;6828.81;5445.922;149.877;11.019;286.638;0.0
UAV_5;56;6832.64;5435.578;149.823;11.03;290.32;0.0
UAV_5;57;6837.131;5425.489;149.759;11.044;293.994;0.0
UAV_5;58;6842.265;5415.693;149.686;11.059;297.658;0.0
UAV_5;59;6848.021;5406.23;149.603;11.076;301.312;0.0
UAV_5;60;6854.377;5397.138;149.511;11.094;304.954;0.0
UAV_5;61;6861.308;5388.451;149.409;11.113;308.584;0.0
UAV_5;62;6868.786;5380.204;149.298;11.133;312.202;0.0
UAV_5;63;6876.782;5372.43;149.178;11.153;315.807;0.0
UAV_5;64;6885.264;5365.16;149.048;11.172;319.399;0.0
UAV_5;65;6894.199;5358.422;148.91;11.192;322.979;0.0
UAV_5;66;6903.551;5352.243;148.763;11.211;326.546;0.0
UAV_5;67;6913.284;5346.646;148.607;11.228;330.102;0.0
UAV_5;68;6923.36;5341.655;148.443;11.245;333.647;0.0
UAV_5;69;6933.738;5337.289;148.271;11.26;337.183;0.0
UAV_5;70;6944.377;5333.565;148.09;11.274;340.709;0.0
UAV_5;71;6955.236;5330.498;147.902;11.285;344.227;0.0
UAV_5;72;6966.271;5328.1;147.705;11.295;347.739;0.0
UAV_5;73;6977.44;5326.38;147.501;11.302;351.246;0.0
UAV_5;74;6988.698;5325.345;147.29;11.307;354.749;0.0
UAV_5;75;7000.0;5325.0;147.071;11.31;358.25;0.0
UAV_5;76;7011.302;5325.345;146.845;11.31;1.75;0.0
UAV_5;77;7022.56;5326.38;146.613;11.308;5.251;0.0
UAV_5;78;7033.729;5328.1;146.374;11.303;8.754;0.0
UAV_5;79;7044.764;5330.498;146.129;11.296;12.261;0.0
UAV_5;80;7055.623;5333.565;145.878;11.287;15.773;0.0
UAV_5;81;7066.262;5337.289;145.621;11.275;19.291;0.0
UAV_5;82;7076.64;5341.655;145.358;11.262;22.817;0.0
UAV_5;83;7086.716;5346.646;145.09;11.247;26.353;0.0
UAV_5;84;7096.449;5352.243;144.818;11.231;29.898;0.0
UAV_5;85;7105.801;5358.422;144.54;11.213;33.454;0.0
UAV_5;86;7114.736;5365.16;144.258;11.194;37.021;0.0
UAV_5;87;7123.218;5372.43;143.971;11.175;40.601;0.0
UAV_5;88;7131.214;5380.204;143.681;11.156;44.193;0.0
UAV_5;89;7138.692;5388.451;143.387;11.136;47.798;0.0
UAV_5;90;7145.623;5397.138;143.09;11.117;51.416;0.0
UAV_5;91;7150.0;5406.23;142.79;10.096;64.295;0.0
UAV_5;92;7150.0;5415.693;142.487;9.468;90.0;0.0
UAV_5;93;7150.0;5425.489;142.181;9.8;90.0;0.0
UAV_5;94;7150.0;5435.578;141.874;10.094;90.0;0.0
UAV_5;95;7150.0;5445.922;141.564;10.348;90.0;0.0
UAV_5;96;7150.0;5456.479;141.253;10.562;90.0;0.0
UAV_5;97;7150.0;5467.208;140.941;10.734;90.0;0.0
UAV_5;98;7150.0;5478.067;140.628;10.863;90.0;0.0
UAV_5;99;7150.0;5489.012;140.314;10.949;90.0;0.0
UAV_5;100;7150.0;5500.0;140.0;10.993;90.0;0.0
UAV_5;101;7150.0;5510.988;139.686;10.993;90.0;0.0
UAV_5;102;7150.0;5521.933;139.372;10.949;90.0;0.0
UAV_5;103;7150.0;5532.792;139.059;10.863;90.0;0.0
UAV_5;104;7150.0;5543.521;138.747;10.734;90.0;0.0
UAV_5;105;7150.0;5554.078;138.436;10.562;90.0;0.0
UAV_5;106;7150.0;5564.422;138.126;10.348;90.0;0.0
UAV_5;107;7150.0;5574.511;137.819;10.094;90.0;0.0
UAV_5;108;7150.0;5584.307;137.513;9.8;90.0;0.0
UAV_5;109;7150.0;5593.77;137.21;9.468;90.0;0.0
UAV_5;110;7145.623;5602.862;136.91;10.096;115.705;0.0
UAV_5;111;7138.692;5611.549;136.613;11.117;128.584;0.0
UAV_5;112;7131.214;5619.796;136.319;11.136;132.202;0.0
UAV_5;113;7123.218;5627.57;136.029;11.156;135.807;0.0
UAV_5;114;7114.736;5634.84;135.742;11.175;139.399;0.0
UAV_5;115;7105.801;5641.578;135.46;11.194;142.979;0.0
UAV_5;116;7096.449;5647.757;135.182;11.213;146.546;0.0
UAV_5;117;7086.716;5653.354;134.91;11.231;150.102;0.0
UAV_5;118;7076.64;5658.345;134.642;11.247;153.647;0.0
UAV_5;119;7066.262;5662.711;134.379;11.262;157.183;0.0
UAV_5;120;7055.623;5666.435;134.122;11.275;160.709;0.0
UAV_5;121;7044.764;5669.502;133.871;11.287;164.227;0.0
UAV_5;122;7033.729;5671.9;133.626;11.296;167.739;0.0
UAV_5;123;7022.56;5673.62;133.387;11.303;171.246;0.0
UAV_5;124;7011.302;5674.655;133.155;11.308;174.749;0.0
UAV_5;125;7000.0;5675.0;132.929;11.31;178.25;0.0
UAV_5;126;6988.698;5674.655;132.71;11.31;181.75;0.0
UAV_5;127;6977.44;5673.62;132.499;11.307;185.251;0.0
UAV_5;128;6966.271;5671.9;132.295;11.302;188.754;0.0
UAV_5;129;6955.236;5669.502;132.098;11.295;192.261;0.0
UAV_5;130;6944.377;5666.435;131.91;11.285;195.773;0.0
UAV_5;131;6933.738;5662.711;131.729;11.274;199.291;0.0
UAV_5;132;6923.36;5658.345;131.557;11.26;202.817;0.0
UAV_5;133;6913.284;5653.354;131.393;11.245;206.353;0.0
UAV_5;134;6903.551;5647.757;131.237;11.228;209.898;0.0
UAV_5;135;6894.199;5641.578;131.09;11.211;213.454;0.0
UAV_5;136;6885.264;5634.84;130.952;11.192;217.021;0.0
UAV_5;137;6876.782;5627.57;130.822;11.172;220.601;0.0
UAV_5;138;6868.786;5619.796;130.702;11.153;224.193;0.0
UAV_5;139;6861.308;5611.549;130.591;11.133;227.798;0.0
UAV_5;140;6854.377;5602.862;130.489;11.113;231.416;0.0
UAV_5;141;6848.021;5593.77;130.397;11.094;235.046;0.0
UAV_5;142;6842.265;5584.307;130.314;11.076;238.688;0.0
UAV_5;143;6837.131;5574.511;130.241;11.059;242.342;0.0
UAV_5;144;6832.64;5564.422;130.177;11.044;246.006;0.0
UAV_5;145;6828.81;5554.078;130.123;11.03;249.68;0.0
UAV_5;146;6825.655;5543.521;130.079;11.019;253.362;0.0
UAV_5;147;6823.188;5532.792;130.044;11.009;257.052;0.0
UAV_5;148;6821.419;5521.933;130.02;11.002;260.747;0.0
UAV_5;149;6820.355;5510.988;130.005;10.997;264.447;0.0
UAV_5;150;6820.0;5500.0;130.0;10.994;268.149;0.0
UAV_5;151;6820.355;5489.012;130.005;10.994;271.851;0.0
UAV_5;152;6821.419;5478.067;130.02;10.997;275.553;0.0
UAV_5;153;6823.188;5467.208;130.044;11.002;279.253;0.0
UAV_5;154;6825.655;5456.479;130.079;11.009;282.948;0.0
UAV_5;155;6828.81;5445.922;130.123;11.019;286.638;0.0
UAV_5;156;6832.64;5435.578;130.177;11.03;290.32;0.0
UAV_5;157;6837.131;5425.489;130.241;11.044;293.994;0.0
UAV_5;158;6842.265;5415.693;130.314;11.059;297.658;0.0
UAV_5;159;6848.021;5406.23;130.397;11.076;301.312;0.0
UAV_5;160;6854.377;5397.138;130.489;11.094;304.954;0.0
UAV_5;161;6861.308;5388.451;130.591;11.113;308.584;0.0
UAV_5;162;6868.786;5380.204;130.702;11.133;312.202;0.0
UAV_5;163;6876.782;5372.43;130.822;11.153;315.807;0.0
UAV_5;164;6885.264;5365.16;130.952;11.172;319.399;0.0
UAV_5;165;6894.199;5358.422;131.09;11.192;322.979;0.0
UAV_5;166;6903.551;5352.243;131.237;11.211;326.546;0.0
UAV_5;167;6913.284;5346.646;131.393;11.228;330.102;0.0
UAV_5;168;6923.36;5341.655;131.557;11.245;333.647;0.0
UAV_5;169;6933.738;5337.289;131.729;11.26;337.183;0.0
UAV_5;170;6944.377;5333.565;131.91;11.274;340.709;0.0
UAV_5;171;6955.236;5330.498;132.098;11.285;344.227;0.0
UAV_5;172;6966.271;5328.1;132.295;11.295;347.739;0.0
UAV_5;173;6977.44;5326.38;132.499;11.302;351.246;0.0
UAV_5;174;6988.698;5325.345;132.71;11.307;354.749;0.0
UAV_5;175;7000.0;5325.0;132.929;11.31;358.25;0.0
UAV_5;176;7011.302;5325.345;133.155;11.31;1.75;0.0
UAV_5;177;7022.56;5326.38;133.387;11.308;5.251;0.0
UAV_5;178;7033.729;5328.1;133.626;11.303;8.754;0.0
UAV_5;179;7044.764;5330.498;133.871;11.296;12.261;0.0
UAV_5;180;7055.623;5333.565;134.122;11.287;15.773;0.0
UAV_5;181;7066.262;5337.289;134.379;11.275;19.291;0.0
UAV_5;182;7076.64;5341.655;134.642;11.262;22.817;0.0
UAV_5;183;7086.716;5346.646;134.91;11.247;26.353;0.0
UAV_5;184;7096.449;5352.243;135.182;11.231;29.898;0.0
UAV_5;185;7105.801;5358.422;135.46;11.213;33.454;0.0
UAV_5;186;7114.736;5365.16;135.742;11.194;37.021;0.0
UAV_5;187;7123.218;5372.43;136.029;11.175;40.601;0.0
UAV_5;188;7131.214;5380.204;136.319;11.156;44.193;0.0
UAV_5;189;7138.692;5388.451;136.613;11.136;47.798;0.0
UAV_5;190;7145.623;5397.138;136.91;11.117;51.416;0.0
UAV_5;191;7150.0;5406.23;137.21;10.096;64.295;0.0
UAV_5;192;7150.0;5415.693;137.513;9.468;90.0;0.0
UAV_5;193;7150.0;5425.489;137.819;9.8;90.0;0.0
UAV_5;194;7150.0;5435.578;138.126;10.094;90.0;0.0
UAV_5;195;7150.0;5445.922;138.436;10.348;90.0;0.0
UAV_5;196;7150.0;5456.479;138.747;10.562;90.0;0.0
UAV_5;197;7150.0;5467.208;139.059;10.734;90.0;0.0
UAV_5;198;7150.0;5478.067;139.372;10.863;90.0;0.0
UAV_5;199;7150.0;5489.012;139.686;10.949;90.0;0.0
UAV_5;200;7150.0;5500.0;140.0;10.993;90.0;0.0
UAV_5;201;7150.0;5510.988;140.314;10.993;90.0;0.0
UAV_5;202;7150.0;5521.933;140.628;10.949;90.0;0.0
UAV_5;203;7150.0;5532.792;140.941;10.863;90.0;0.0
UAV_5;204;7150.0;5543.521;141.253;10.734;90.0;0.0
UAV_5;205;7150.0;5554.078;141.564;10.562;90.0;0.0
UAV_5;206;7150.0;5564.422;141.874;10.348;90.0;0.0
UAV_5;207;7150.0;5574.511;142.181;10.094;90.0;0.0
UAV_5;208;7150.0;5584.307;142.487;9.8;90.0;0.0
UAV_5;209;7150.0;5593.77;142.79;9.468;90.0;0.0
UAV_5;210;7145.623;5602.862;143.09;10.096;115.705;0.0
UAV_5;211;7138.692;5611.549;143.387;11.117;128.584;0.0
UAV_5;212;7131.214;5619.796;143.681;11.136;132.202;0.0
UAV_5;213;7123.218;5627.57;143.971;11.156;135.807;0.0
UAV_5;214;7114.736;5634.84;144.258;11.175;139.399;0.0
UAV_5;215;7105.801;5641.578;144.54;11.194;142.979;0.0
UAV_5;216;7096.449;5647.757;144.818;11.213;146.546;0.0
UAV_5;217;7086.716;5653.354;145.09;11.231;150.102;0.0
UAV_5;218;7076.64;5658.345;145.358;11.247;153.647;0.0
UAV_5;219;7066.262;5662.711;145.621;11.262;157.183;0.0
UAV_5;220;7055.623;5666.435;145.878;11.275;160.709;0.0
UAV_5;221;7044.764;5669.502;146.129;11.287;164.227;0.0
UAV_5;222;7033.729;5671.9;146.374;11.296;167.739;0.0
UAV_5;223;7022.56;5673.62;146.613;11.303;171.246;0.0
UAV_5;224;7011.302;5674.655;146.845;11.308;174.749;0.0
UAV_5;225;7000.0;5675.0;147.071;11.31;178.25;0.0
UAV_5;226;6988.698;5674.655;147.29;11.31;181.75;0.0
UAV_5;227;6977.44;5673.62;147.501;11.307;185.251;0.0
UAV_5;228;6966.271;5671.9;147.705;11.302;188.754;0.0
UAV_5;229;6955.236;5669.502;147.902;11.295;192.261;0.0
UAV_5;230;6944.377;5666.435;148.09;11.285;195.773;0.0
UAV_5;231;6933.738;5662.711;148.271;11.274;199.291;0.0
UAV_5;232;6923.36;5658.345;148.443;11.26;202.817;0.0
UAV_5;233;6913.284;5653.354;148.607;11.245;206.353;0.0
UAV_5;234;6903.551;5647.757;148.763;11.228;209.898;0.0
UAV_5;235;6894.199;5641.578;148.91;11.211;213.454;0.0
UAV_5;236;6885.264;5634.84;149.048;11.192;217.021;0.0
UAV_5;237;6876.782;5627.57;149.178;11.172;220.601;0.0
UAV_5;238;6868.786;5619.796;149.298;11.153;224.193;0.0
UAV_5;239;6861.308;5611.549;149.409;11.133;227.798;0.0
UAV_5;240;6854.377;5602.862;149.511;11.113;231.416;0.0
UAV_5;241;6848.021;5593.77;149.603;11.094;235.046;0.0
UAV_5;242;6842.265;5584.307;149.686;11.076;238.688;0.0
UAV_5;243;6837.131;5574.511;149.759;11.059;242.342;0.0
UAV_5;244;6832.64;5564.422;149.823;11.044;246.006;0.0
UAV_5;245;6828.81;5554.078;149.877;11.03;249.68;0.0
UAV_5;246;6825.655;5543.521;149.921;11.019;253.362;0.0
UAV_5;247;6823.188;5532.792;149.956;11.009;257.052;0.0
UAV_5;248;6821.419;5521.933;149.98;11.002;260.747;0.0
UAV_5;249;6820.355;5510.988;149.995;10.997;264.447;0.0
UAV_5;250;6820.0;5500.0;150.0;10.994;268.149;0.0
UAV_5;251;6820.355;5489.012;149.995;10.994;271.851;0.0
UAV_5;252;6821.419;5478.067;149.98;10.997;275.553;0.0
UAV_5;253;6823.188;5467.208;149.956;11.002;279.253;0.0
UAV_5;254;6825.655;5456.479;149.921;11.009;282.948;0.0
UAV_5;255;6828.81;5445.922;149.877;11.019;286.638;0.0
UAV_5;256;6832.64;5435.578;149.823;11.03;290.32;0.0
UAV_5;257;6837.131;5425.489;149.759;11.044;293.994;0.0
UAV_5;258;6842.265;5415.693;149.686;11.059;297.658;0.0
UAV_5;259;6848.021;5406.23;149.603;11.076;301.312;0.0
UAV_5;260;6854.377;5397.138;149.511;11.094;304.954;0.0
UAV_5;261;6861.308;5388.451;149.409;11.113;308.584;0.0
UAV_5;262;6868.786;5380.204;149.298;11.133;312.202;0.0
UAV_5;263;6876.782;5372.43;149.178;11.153;315.807;0.0
UAV_5;264;6885.264;5365.16;149.048;11.172;319.399;0.0
UAV_5;265;6894.199;5358.422;148.91;11.192;322.979;0.0
UAV_5;266;6903.551;5352.243;148.763;11.211;326.546;0.0
UAV_5;267;6913.284;5346.646;148.607;11.228;330.102;0.0
UAV_5;268;6923.36;5341.655;148.443;11.245;333.647;0.0
UAV_5;269;6933.738;5337.289;148.271;11.26;337.183;0.0
UAV_5;270;6944.377;5333.565;148.09;11.274;340.709;0.0
UAV_5;271;6955.236;5330.498;147.902;11.285;344.227;0.0
UAV_5;272;6966.271;5328.1;147.705;11.295;347.739;0.0
UAV_5;273;6977.44;5326.38;147.501;11.302;351.246;0.0
UAV_5;274;6988.698;5325.345;147.29;11.307;354.749;0.0
UAV_5;275;7000.0;5325.0;147.071;11.31;358.25;0.0
UAV_5;276;7011.302;5325.345;146.845;11.31;1.75;0.0
UAV_5;277;7022.56;5326.38;146.613;11.308;5.251;0.0
UAV_5;278;7033.729;5328.1;146.374;11.303;8.754;0.0
UAV_5;279;7044.764;5330.498;146.129;11.296;12.261;0.0
UAV_5;280;7055.623;5333.565;145.878;11.287;15.773;0.0
UAV_5;281;7066.262;5337.289;145.621;11.275;19.291;0.0
UAV_5;282;7076.64;5341.655;145.358;11.262;22.817;0.0
UAV_5;283;7086.716;5346.646;145.09;11.247;26.353;0.0
UAV_5;284;7096.449;5352.243;144.818;11.231;29.898;0.0
UAV_5;285;7105.801;5358.422;144.54;11.213;33.454;0.0
UAV_5;286;7114.736;5365.16;144.258;11.194;37.021;0.0
UAV_5;287;7123.218;5372.43;143.971;11.175;40.601;0.0
UAV_5;288;7131.214;5380.204;143.681;11.156;44.193;0.0
UAV_5;289;7138.692;5388.451;143.387;11.136;47.798;0.0
UAV_5;290;7145.623;5397.138;143.09;11.117;51.416;0.0
UAV_5;291;7150.0;5406.23;142.79;10.096;64.295;0.0
UAV_5;292;7150.0;5415.693;142.487;9.468;90.0;0.0
UAV_5;293;7150.0;5425.489;142.181;9.8;90.0;0.0
UAV_5;294;7150.0;5435.578;141.874;10.094;90.0;0.0
UAV_5;295;7150.0;5445.922;141.564;10.348;90.0;0.0
UAV_5;296;7150.0;5456.479;141.253;10.562;90.0;0.0
UAV_5;297;7150.0;5467.208;140.941;10.734;90.0;0.0
UAV_5;298;7150.0;5478.067;140.628;10.863;90.0;0.0
UAV_5;299;7150.0;5489.012;140.314;10.949;90.0;0.0
UAV_5;300;7150.0;5500.0;140.0;10.993;90.0;0.0
UAV_5;301;7150.0;5510.988;139.686;10.993;90.0;0.0
UAV_5;302;7150.0;5521.933;139.372;10.949;90.0;0.0
UAV_5;303;7150.0;5532.792;139.059;10.863;90.0;0.0
UAV_5;304;7150.0;5543.521;138.747;10.734;90.0;0.0
UAV_5;305;7150.0;5554.078;138.436;10.562;90.0;0.0
UAV_5;306;7150.0;5564.422;138.126;10.348;90.0;0.0
UAV_5;307;7150.0;5574.511;137.819;10.094;90.0;0.0
UAV_5;308;7150.0;5584.307;137.513;9.8;90.0;0.0
UAV_5;309;7150.0;5593.77;137.21;9.468;90.0;0.0
UAV_5;310;7145.623;5602.862;136.91;10.096;115.705;0.0
UAV_5;311;7138.692;5611.549;136.613;11.117;128.584;0.0
UAV_5;312;7131.214;5619.796;136.319;11.136;132.202;0.0
UAV_5;313;7123.218;5627.57;136.029;11.156;135.807;0.0
UAV_5;314;7114.736;5634.84;135.742;11.175;139.399;0.0
UAV_5;315;7105.801;5641.578;135.46;11.194;142.979;0.0
UAV_5;316;7096.449;5647.757;135.182;11.213;146.546;0.0
UAV_5;317;7086.716;5653.354;134.91;11.231;150.102;0.0
UAV_5;318;7076.64;5658.345;134.642;11.247;153.647;0.0
UAV_5;319;7066.262;5662.711;134.379;11.262;157.183;0.0
UAV_5;320;7055.623;5666.435;134.122;11.275;160.709;0.0
UAV_5;321;7044.764;5669.502;133.871;11.287;164.227;0.0
UAV_5;322;7033.729;5671.9;133.626;11.296;167.739;0.0
UAV_5;323;7022.56;5673.62;133.387;11.303;171.246;0.0
UAV_5;324;7011.302;5674.655;133.155;11.308;174.749;0.0
UAV_5;325;7000.0;5675.0;132.929;11.31;178.25;0.0
UAV_5;326;6988.698;5674.655;132.71;11.31;181.75;0.0
UAV_5;327;6977.44;5673.62;132.499;11.307;185.251;0.0
UAV_5;328;6966.271;5671.9;132.295;11.302;188.754;0.0
UAV_5;329;6955.236;5669.502;132.098;11.295;192.261;0.0
UAV_5;330;6944.377;5666.435;131.91;11.285;195.773;0.0
UAV_5;331;6933.738;5662.711;131.729;11.274;199.291;0.0
UAV_5;332;6923.36;5658.345;131.557;11.26;202.817;0.0
UAV_5;333;6913.284;5653.354;131.393;11.245;206.353;0.0
UAV_5;334;6903.551;5647.757;131.237;11.228;209.898;0.0
UAV_5;335;6894.199;5641.578;131.09;11.211;213.454;0.0
UAV_5;336;6885.264;5634.84;130.952;11.192;217.021;0.0
UAV_5;337;6876.782;5627.57;130.822;11.172;220.601;0.0
UAV_5;338;6868.786;5619.796;130.702;11.153;224.193;0.0
UAV_5;339;6861.308;5611.549;130.591;11.133;227.798;0.0
UAV_5;340;6854.377;5602.862;130.489;11.113;231.416;0.0
UAV_5;341;6848.021;5593.77;130.397;11.094;235.046;0.0
UAV_5;342;6842.265;5584.307;130.314;11.076;238.688;0.0
UAV_5;343;6837.131;5574.511;130.241;11.059;242.342;0.0
UAV_5;344;6832.64;5564.422;130.177;11.044;246.006;0.0
UAV_5;345;6828.81;5554.078;130.123;11.03;249.68;0.0
UAV_5;346;6825.655;5543.521;130.079;11.019;253.362;0.0
UAV_5;347;6823.188;5532.792;130.044;11.009;257.052;0.0
UAV_5;348;6821.419;5521.933;130.02;11.002;260.747;0.0
UAV_5;349;6820.355;5510.988;130.005;10.997;264.447;0.0
UAV_5;350;6820.0;5500.0;130.0;10.994;268.149;0.0
UAV_5;351;6820.355;5489.012;130.005;10.994;271.851;0.0
UAV_5;352;6821.419;5478.067;130.02;10.997;275.553;0.0
UAV_5;353;6823.188;5467.208;130.044;11.002;279.253;0.0
UAV_5;354;6825.655;5456.479;130.079;11.009;282.948;0.0
UAV_5;355;6828.81;5445.922;130.123;11.019;286.638;0.0
UAV_5;356;6832.64;5435.578;130.177;11.03;290.32;0.0
UAV_5;357;6837.131;5425.489;130.241;11.044;293.994;0.0
UAV_5;358;6842.265;5415.693;130.314;11.059;297.658;0.0
UAV_5;359;6848.021;5406.23;130.397;11.076;301.312;0.0
UAV_5;360;6854.377;5397.138;130.489;11.094;304.954;0.0
UAV_5;361;6861.308;5388.451;130.591;11.113;308.584;0.0
UAV_5;362;6868.786;5380.204;130.702;11.133;312.202;0.0
UAV_5;363;6876.782;5372.43;130.822;11.153;315.807;0.0
UAV_5;364;6885.264;5365.16;130.952;11.172;319.399;0.0
UAV_5;365;6894.199;5358.422;131.09;11.192;322.979;0.0
UAV_5;366;6903.551;5352.243;131.237;11.211;326.546;0.0
UAV_5;367;6913.284;5346.646;131.393;11.228;330.102;0.0
UAV_5;368;6923.36;5341.655;131.557;11.245;333.647;0.0
UAV_5;369;6933.738;5337.289;131.729;11.26;337.183;0.0
UAV_5;370;6944.377;5333.565;131.91;11.274;340.709;0.0
UAV_5;371;6955.236;5330.498;132.098;11.285;344.227;0.0
UAV_5;372;6966.271;5328.1;132.295;11.295;347.739;0.0
UAV_5;373;6977.44;5326.38;132.499;11.302;351.246;0.0
UAV_5;374;6988.698;5325.345;132.71;11.307;354.749;0.0
UAV_5;375;7000.0;5325.0;132.929;11.31;358.25;0.0
UAV_5;376;7011.302;5325.345;133.155;11.31;1.75;0.0
UAV_5;377;7022.56;5326.38;133.387;11.308;5.251;0.0
UAV_5;378;7033.729;5328.1;133.626;11.303;8.754;0.0
UAV_5;379;7044.764;5330.498;133.871;11.296;12.261;0.0
UAV_5;380;7055.623;5333.565;134.122;11.287;15.773;0.0
UAV_5;381;7066.262;5337.289;134.379;11.275;19.291;0.0
UAV_5;382;7076.64;5341.655;134.642;11.262;22.817;0.0
UAV_5;383;7086.716;5346.646;134.91;11.247;26.353;0.0
UAV_5;384;7096.449;5352.243;135.182;11.231;29.898;0.0
UAV_5;385;7105.801;5358.422;135.46;11.213;33.454;0.0
UAV_5;386;7114.736;5365.16;135.742;11.194;37.021;0.0
UAV_5;387;7123.218;5372.43;136.029;11.175;40.601;0.0
UAV_5;388;7131.214;5380.204;136.319;11.156;44.193;0.0
UAV_5;389;7138.692;5388.451;136.613;11.136;47.798;0.0
UAV_5;390;7145.623;5397.138;136.91;11.117;51.416;0.0
UAV_5;391;7150.0;5406.23;137.21;10.096;64.295;0.0
UAV_5;392;7150.0;5415.693;137.513;9.468;90.0;0.0
UAV_5;393;7150.0;5425.489;137.819;9.8;90.0;0.0
UAV_5;394;7150.0;5435.578;138.126;10.094;90.0;0.0
UAV_5;395;7150.0;5445.922;138.436;10.348;90.0;0.0
UAV_5;396;7150.0;5456.479;138.747;10.562;90.0;0.0
UAV_5;397;7150.0;5467.208;139.059;10.734;90.0;0.0
UAV_5;398;7150.0;5478.067;139.372;10.863;90.0;0.0
UAV_5;399;7150.0;5489.012;139.686;10.949;90.0;0.0
UAV_5;400;7150.0;5500.0;140.0;10.993;90.0;0.0
UAV_5;401;7150.0;5510.988;140.314;10.993;90.0;0.0
UAV_5;402;7150.0;5521.933;140.628;10.949;90.0;0.0
UAV_5;403;7150.0;5532.792;140.941;10.863;90.0;0.0
UAV_5;404;7150.0;5543.521;141.253;10.734;90.0;0.0
UAV_5;405;7150.0;5554.078;141.564;10.562;90.0;0.0
UAV_5;406;7150.0;5564.422;141.874;10.348;90.0;0.0
UAV_5;407;7150.0;5574.511;142.181;10.094;90.0;0.0
UAV_5;408;7150.0;5584.307;142.487;9.8;90.0;0.0
UAV_5;409;7150.0;5593.77;142.79;9.468;90.0;0.0
UAV_5;410;7145.623;5602.862;143.09;10.096;115.705;0.0
UAV_5;411;7138.692;5611.549;143.387;11.117;128.584;0.0
UAV_5;412;7131.214;5619.796;143.681;11.136;132.202;0.0
UAV_5;413;7123.218;5627.57;143.971;11.156;135.807;0.0
UAV_5;414;7114.736;5634.84;144.258;11.175;139.399;0.0
UAV_5;415;7105.801;5641.578;144.54;11.194;142.979;0.0
UAV_5;416;7096.449;5647.757;144.818;11.213;146.546;0.0
UAV_5;417;7086.716;5653.354;145.09;11.231;150.102;0.0
UAV_5;418;7076.64;5658.345;145.358;11.247;153.647;0.0
UAV_5;419;7066.262;5662.711;145.621;11.262;157.183;0.0
UAV_5;420;7055.623;5666.435;145.878;11.275;160.709;0.0
UAV_5;421;7044.764;5669.502;146.129;11.287;164.227;0.0
UAV_5;422;7033.729;5671.9;146.374;11.296;167.739;0.0
UAV_5;423;7022.56;5673.62;146.613;11.303;171.246;0.0
UAV_5;424;7011.302;5674.655;146.845;11.308;174.749;0.0
UAV_5;425;7000.0;5675.0;147.071;11.31;178.25;0.0
UAV_5;426;6988.698;5674.655;147.29;11.31;181.75;0.0
UAV_5;427;6977.44;5673.62;147.501;11.307;185.251;0.0
UAV_5;428;6966.271;5671.9;147.705;11.302;188.754;0.0
UAV_5;429;6955.236;5669.502;147.902;11.295;192.261;0.0
UAV_5;430;6944.377;5666.435;148.09;11.285;195.773;0.0
UAV_5;431;6933.738;5662.711;148.271;11.274;199.291;0.0
UAV_5;432;6923.36;5658.345;148.443;11.26;202.817;0.0
UAV_5;433;6913.284;5653.354;148.607;11.245;206.353;0.0
UAV_5;434;6903.551;5647.757;148.763;11.228;209.898;0.0
UAV_5;435;6894.199;5641.578;148.91;11.211;213.454;0.0
UAV_5;436;6885.264;5634.84;149.048;11.192;217.021;0.0
UAV_5;437;6876.782;5627.57;149.178;11.172;220.601;0.0
UAV_5;438;6868.786;5619.796;149.298;11.153;224.193;0.0
UAV_5;439;6861.308;5611.549;149.409;11.133;227.798;0.0
UAV_5;440;6854.377;5602.862;149.511;11.113;231.416;0.0
UAV_5;441;6848.021;5593.77;149.603;11.094;235.046;0.0
UAV_5;442;6842.265;5584.307;149.686;11.076;238.688;0.0
UAV_5;443;6837.131;5574.511;149.759;11.059;242.342;0.0
UAV_5;444;6832.64;5564.422;149.823;11.044;246.006;0.0
UAV_5;445;6828.81;5554.078;149.877;11.03;249.68;0.0
UAV_5;446;6825.655;5543.521;149.921;11.019;253.362;0.0
UAV_5;447;6823.188;5532.792;149.956;11.009;257.052;0.0
UAV_5;448;6821.419;5521.933;149.98;11.002;260.747;0.0
UAV_5;449;6820.355;5510.988;149.995;10.997;264.447;0.0
UAV_5;450;6820.0;5500.0;150.0;10.994;268.149;0.0
UAV_5;451;6820.355;5489.012;149.995;10.994;271.851;0.0
UAV_5;452;6821.419;5478.067;149.98;10.997;275.553;0.0
UAV_5;453;6823.188;5467.208;149.956;11.002;279.253;0.0
UAV_5;454;6825.655;5456.479;149.921;11.009;282.948;0.0
UAV_5;455;6828.81;5445.922;149.877;11.019;286.638;0.0
UAV_5;456;6832.64;5435.578;149.823;11.03;290.32;0.0
UAV_5;457;6837.131;5425.489;149.759;11.044;293.994;0.0
UAV_5;458;6842.265;5415.693;149.686;11.059;297.658;0.0
UAV_5;459;6848.021;5406.23;149.603;11.076;301.312;0.0
UAV_5;460;6854.377;5397.138;149.511;11.094;304.954;0.0
UAV_5;461;6861.308;5388.451;149.409;11.113;308.584;0.0
UAV_5;462;6868.786;5380.204;149.298;11.133;312.202;0.0
UAV_5;463;6876.782;5372.43;149.178;11.153;315.807;0.0
UAV_5;464;6885.264;5365.16;149.048;11.172;319.399;0.0
UAV_5;465;6894.199;5358.422;148.91;11.192;322.979;0.0
UAV_5;466;6903.551;5352.243;148.763;11.211;326.546;0.0
UAV_5;467;6913.284;5346.646;148.607;11.228;330.102;0.0
UAV_5;468;6923.36;5341.655;148.443;11.245;333.647;0.0
UAV_5;469;6933.738;5337.289;148.271;11.26;337.183;0.0
UAV_5;470;6944.377;5333.565;148.09;11.274;340.709;0.0
UAV_5;471;6955.236;5330.498;147.902;11.285;344.227;0.0
UAV_5;472;6966.271;5328.1;147.705;11.295;347.739;0.0
UAV_5;473;6977.44;5326.38;147.501;11.302;351.246;0.0
UAV_5;474;6988.698;5325.345;147.29;11.307;354.749;0.0
UAV_5;475;7000.0;5325.0;147.071;11.31;358.25;0.0
UAV_5;476;7011.302;5325.345;146.845;11.31;1.75;0.0
UAV_5;477;7022.56;5326.38;146.613;11.308;5.251;0.0
UAV_5;478;7033.729;5328.1;146.374;11.303;8.754;0.0
UAV_5;479;7044.764;5330.498;146.129;11.296;12.261;0.0
UAV_5;480;7055.623;5333.565;145.878;11.287;15.773;0.0
UAV_5;481;7066.262;5337.289;145.621;11.275;19.291;0.0
UAV_5;482;7076.64;5341.655;145.358;11.262;22.817;0.0
UAV_5;483;7086.716;5346.646;145.09;11.247;26.353;0.0
UAV_5;484;7096.449;5352.243;144.818;11.231;29.898;0.0
UAV_5;485;7105.801;5358.422;144.54;11.213;33.454;0.0
UAV_5;486;7114.736;5365.16;144.258;11.194;37.021;0.0
UAV_5;487;7123.218;5372.43;143.971;11.175;40.601;0.0
UAV_5;488;7131.214;5380.204;143.681;11.156;44.193;0.0
UAV_5;489;7138.692;5388.451;143.387;11.136;47.798;0.0
UAV_5;490;7145.623;5397.138;143.09;11.117;51.416;0.0
UAV_5;491;7150.0;5406.23;142.79;10.096;64.295;0.0
UAV_5;492;7150.0;5415.693;142.487;9.468;90.0;0.0
UAV_5;493;7150.0;5425.489;142.181;9.8;90.0;0.0
UAV_5;494;7150.0;5435.578;141.874;10.094;90.0;0.0
UAV_5;495;7150.0;5445.922;141.564;10.348;90.0;0.0
UAV_5;496;7150.0;5456.479;141.253;10.562;90.0;0.0
UAV_5;497;7150.0;5467.208;140.941;10.734;90.0;0.0
UAV_5;498;7150.0;5478.067;140.628;10.863;90.0;0.0
UAV_5;499;7150.0;5489.012;140.314;10.949;90.0;0.0
UAV_5;500;7150.0;5500.0;140.0;10.993;90.0;0.0
UAV_5;501;7150.0;5510.988;139.686;10.993;90.0;0.0
UAV_5;502;7150.0;5521.933;139.372;10.949;90.0;0.0
UAV_5;503;7150.0;5532.792;139.059;10.863;90.0;0.0
UAV_5;504;7150.0;5543.521;138.747;10.734;90.0;0.0
UAV_5;505;7150.0;5554.078;138.436;10.562;90.0;0.0
UAV_5;506;7150.0;5564.422;138.126;10.348;90.0;0.0
UAV_5;507;7150.0;5574.511;137.819;10.094;90.0;0.0
UAV_5;508;7150.0;5584.307;137.513;9.8;90.0;0.0
UAV_5;509;7150.0;5593.77;137.21;9.468;90.0;0.0
UAV_5;510;7145.623;5602.862;136.91;10.096;115.705;0.0
UAV_5;511;7138.692;5611.549;136.613;11.117;128.584;0.0
UAV_5;512;7131.214;5619.796;136.319;11.136;132.202;0.0
UAV_5;513;7123.218;5627.57;136.029;11.156;135.807;0.0
UAV_5;514;7114.736;5634.84;135.742;11.175;139.399;0.0
UAV_5;515;7105.801;5641.578;135.46;11.194;142.979;0.0
UAV_5;516;7096.449;5647.757;135.182;11.213;146.546;0.0
UAV_5;517;7086.716;5653.354;134.91;11.231;150.102;0.0
UAV_5;518;7076.64;5658.345;134.642;11.247;153.647;0.0
UAV_5;519;7066.262;5662.711;134.379;11.262;157.183;0.0
UAV_5;520;7055.623;5666.435;134.122;11.275;160.709;0.0
UAV_5;521;7044.764;5669.502;133.871;11.287;164.227;0.0
UAV_5;522;7033.729;5671.9;133.626;11.296;167.739;0.0
UAV_5;523;7022.56;5673.62;133.387;11.303;171.246;0.0
UAV_5;524;7011.302;5674.655;133.155;11.308;174.749;0.0
UAV_5;525;7000.0;5675.0;132.929;11.31;178.25;0.0
UAV_5;526;6988.698;5674.655;132.71;11.31;181.75;0.0
UAV_5;527;6977.44;5673.62;132.499;11.307;185.251;0.0
UAV_5;528;6966.271;5671.9;132.295;11.302;188.754;0.0
UAV_5;529;6955.236;5669.502;132.098;11.295;192.261;0.0
UAV_5;530;6944.377;5666.435;131.91;11.285;195.773;0.0
UAV_5;531;6933.738;5662.711;131.729;11.274;199.291;0.0
UAV_5;532;6923.36;5658.345;131.557;11.26;202.817;0.0
UAV_5;533;6913.284;5653.354;131.393;11.245;206.353;0.0
UAV_5;534;6903.551;5647.757;131.237;11.228;209.898;0.0
UAV_5;535;6894.199;5641.578;131.09;11.211;213.454;0.0
UAV_5;536;6885.264;5634.84;130.952;11.192;217.021;0.0
UAV_5;537;6876.782;5627.57;130.822;11.172;220.601;0.0
UAV_5;538;6868.786;5619.796;130.702;11.153;224.193;0.0
UAV_5;539;6861.308;5611.549;130.591;11.133;227.798;0.0
UAV_5;540;6854.377;5602.862;130.489;11.113;231.416;0.0
UAV_5;541;6848.021;5593.77;130.397;11.094;235.046;0.0
UAV_5;542;6842.265;5584.307;130.314;11.076;238.688;0.0
UAV_5;543;6837.131;5574.511;130.241;11.059;242.342;0.0
UAV_5;544;6832.64;5564.422;130.177;11.044;246.006;0.0
UAV_5;545;6828.81;5554.078;130.123;11.03;249.68;0.0
UAV_5;546;6825.655;5543.521;130.079;11.019;253.362;0.0
UAV_5;547;6823.188;5532.792;130.044;11.009;257.052;0.0
UAV_5;548;6821.419;5521.933;130.02;11.002;260.747;0.0
UAV_5;549;6820.355;5510.988;130.005;10.997;264.447;0.0
UAV_5;550;6820.0;5500.0;130.0;10.994;268.149;0.0
UAV_5;551;6820.355;5489.012;130.005;10.994;271.851;0.0
UAV_5;552;6821.419;5478.067;130.02;10.997;275.553;0.0
UAV_5;553;6823.188;5467.208;130.044;11.002;279.253;0.0
UAV_5;554;6825.655;5456.479;130.079;11.009;282.948;0.0
UAV_5;555;6828.81;5445.922;130.123;11.019;286.638;0.0
UAV_5;556;6832.64;5435.578;130.177;11.03;290.32;0.0
UAV_5;557;6837.131;5425.489;130.241;11.044;293.994;0.0
UAV_5;558;6842.265;5415.693;130.314;11.059;297.658;0.0
UAV_5;559;6848.021;5406.23;130.397;11.076;301.312;0.0
UAV_5;560;6854.377;5397.138;130.489;11.094;304.954;0.0
UAV_5;561;6861.308;5388.451;130.591;11.113;308.584;0.0
UAV_5;562;6868.786;5380.204;130.702;11.133;312.202;0.0
UAV_5;563;6876.782;5372.43;130.822;11.153;315.807;0.0
UAV_5;564;6885.264;5365.16;130.952;11.172;319.399;0.0
UAV_5;565;6894.199;5358.422;131.09;11.192;322.979;0.0
UAV_5;566;6903.551;5352.243;131.237;11.211;326.546;0.0
UAV_5;567;6913.284;5346.646;131.393;11.228;330.102;0.0
UAV_5;568;6923.36;5341.655;131.557;11.245;333.647;0.0
UAV_5;569;6933.738;5337.289;131.729;11.26;337.183;0.0
UAV_5;570;6944.377;5333.565;131.91;11.274;340.709;0.0
UAV_5;571;6955.236;5330.498;132.098;11.285;344.227;0.0
UAV_5;572;6966.271;5328.1;132.295;11.295;347.739;0.0
UAV_5;573;6977.44;5326.38;132.499;11.302;351.246;0.0
UAV_5;574;6988.698;5325.345;132.71;11.307;354.749;0.0
UAV_5;575;7000.0;5325.0;132.929;11.31;358.25;0.0
UAV_5;576;7011.302;5325.345;133.155;11.31;1.75;0.0
UAV_5;577;7022.56;5326.38;133.387;11.308;5.251;0.0
UAV_5;578;7033.729;5328.1;133.626;11.303;8.754;0.0
UAV_5;579;7044.764;5330.498;133.871;11.296;12.261;0.0
UAV_5;580;7055.623;5333.565;134.122;11.287;15.773;0.0
UAV_5;581;7066.262;5337.289;134.379;11.275;19.291;0.0
UAV_5;582;7076.64;5341.655;134.642;11.262;22.817;0.0
UAV_5;583;7086.716;5346.646;134.91;11.247;26.353;0.0
UAV_5;584;7096.449;5352.243;135.182;11.231;29.898;0.0
UAV_5;585;7105.801;5358.422;135.46;11.213;33.454;0.0
UAV_5;586;7114.736;5365.16;135.742;11.194;37.021;0.0
UAV_5;587;7123.218;5372.43;136.029;11.175;40.601;0.0
UAV_5;588;7131.214;5380.204;136.319;11.156;44.193;0.0
UAV_5;589;7138.692;5388.451;136.613;11.136;47.798;0.0
UAV_5;590;7145.623;5397.138;136.91;11.117;51.416;0.0
UAV_5;591;7150.0;5406.23;137.21;10.096;64.295;0.0
UAV_5;592;7150.0;5415.693;137.513;9.468;90.0;0.0
UAV_5;593;7150.0;5425.489;137.819;9.8;90.0;0.0
UAV_5;594;7150.0;5435.578;138.126;10.094;90.0;0.0
UAV_5;595;7150.0;5445.922;138.436;10.348;90.0;0.0
UAV_5;596;7150.0;5456.479;138.747;10.562;90.0;0.0
UAV_5;597;7150.0;5467.208;139.059;10.734;90.0;0.0
UAV_5;598;7150.0;5478.067;139.372;10.863;90.0;0.0
UAV_5;599;7150.0;5489.012;139.686;10.949;90.0;0.0
UAV_5;600;7150.0;5500.0;140.0;10.993;90.0;0.0
UAV_6;0;5361.803;7280.701;149.878;26.0;162.0;0.0
UAV_6;1;5350.206;7283.916;150.12;12.037;164.504;0.0
UAV_6;2;5338.425;7286.46;150.356;12.055;167.813;0.0
UAV_6;3;5326.505;7288.324;150.586;12.068;171.114;0.0
UAV_6;4;5314.487;7289.501;150.81;12.077;174.408;0.0
UAV_6;5;5302.417;7289.986;151.028;12.082;177.698;0.0
UAV_6;6;5290.337;7289.778;151.24;12.083;180.987;0.0
UAV_6;7;5278.293;7288.878;151.445;12.079;184.276;0.0
UAV_6;8;5266.329;7287.288;151.643;12.072;187.568;0.0
UAV_6;9;5254.487;7285.015;151.834;12.06;190.866;0.0
UAV_6;10;5242.811;7282.067;152.019;12.044;194.171;0.0
UAV_6;11;5231.344;7278.454;152.195;12.024;197.486;0.0
UAV_6;12;5220.127;7274.191;152.365;12.001;200.813;0.0
UAV_6;13;5209.202;7269.291;152.526;11.975;204.153;0.0
UAV_6;14;5198.608;7263.774;152.68;11.945;207.509;0.0
UAV_6;15;5188.384;7257.66;152.826;11.914;210.882;0.0
UAV_6;16;5178.567;7250.97;152.964;11.88;214.274;0.0
UAV_6;17;5169.194;7243.729;153.094;11.845;217.685;0.0
UAV_6;18;5160.298;7235.964;153.216;11.809;221.117;0.0
UAV_6;19;5151.911;7227.702;153.329;11.773;224.569;0.0
UAV_6;20;5150.0;7218.975;153.433;8.935;257.647;0.0
UAV_6;21;5150.0;7209.814;153.529;9.162;270.0;0.0
UAV_6;22;5150.0;7200.252;153.616;9.563;270.0;0.0
UAV_6;23;5150.0;7190.324;153.695;9.928;270.0;0.0
UAV_6;24;5150.0;7180.066;153.764;10.258;270.0;0.0
UAV_6;25;5150.0;7169.517;153.825;10.55;270.0;0.0
UAV_6;26;5150.0;7158.713;153.877;10.803;270.0;0.0
UAV_6;27;5150.0;7147.696;153.92;11.018;270.0;0.0
UAV_6;28;5150.0;7136.504;153.953;11.192;270.0;0.0
UAV_6;29;5150.0;7125.179;153.978;11.325;270.0;0.0
UAV_6;30;5150.0;7113.763;153.993;11.417;270.0;0.0
UAV_6;31;5150.0;7102.296;154.0;11.467;270.0;0.0
UAV_6;32;5150.0;7090.82;153.997;11.475;270.0;0.0
UAV_6;33;5150.0;7079.379;153.985;11.442;270.0;0.0
UAV_6;34;5150.0;7068.012;153.964;11.367;270.0;0.0
UAV_6;35;5150.0;7056.762;153.934;11.25;270.0;0.0
UAV_6;36;5150.0;7045.67;153.895;11.092;270.0;0.0
UAV_6;37;5150.0;7034.777;153.847;10.894;270.0;0.0
UAV_6;38;5150.0;7024.121;153.79;10.656;270.0;0.0
UAV_6;39;5150.0;7013.742;153.724;10.379;270.0;0.0
UAV_6;40;5150.0;7003.678;153.649;10.064;270.0;0.0
UAV_6;41;5150.0;6993.965;153.565;9.713;270.0;0.0
UAV_6;42;5150.0;6984.639;153.473;9.326;270.0;0.0
UAV_6;43;5150.0;6975.734;153.371;8.905;270.0;0.0
UAV_6;44;5156.88;6967.283;153.262;10.898;309.149;0.0
UAV_6;45;5165.576;6959.316;153.144;11.795;317.505;0.0
UAV_6;46;5174.763;6951.862;153.017;11.831;320.945;0.0
UAV_6;47;5184.407;6944.949;152.882;11.866;324.364;0.0
UAV_6;48;5194.472;6938.601;152.74;11.901;327.763;0.0
UAV_6;49;5204.922;6932.843;152.589;11.933;331.144;0.0
UAV_6;50;5215.72;6927.694;152.43;11.963;334.506;0.0
UAV_6;51;5226.825;6923.174;152.264;11.991;337.853;0.0
UAV_6;52;5238.197;6919.299;152.09;12.015;341.185;0.0
UAV_6;53;5249.794;6916.084;151.909;12.036;344.504;0.0
UAV_6;54;5261.575;6913.54;151.721;12.054;347.813;0.0
UAV_6;55;5273.495;6911.676;151.525;12.067;351.114;0.0
UAV_6;56;5285.513;6910.499;151.323;12.077;354.408;0.0
UAV_6;57;5297.583;6910.014;151.114;12.082;357.698;0.0
UAV_6;58;5309.663;6910.222;150.898;12.083;0.987;0.0
UAV_6;59;5321.707;6911.122;150.676;12.08;4.276;0.0
UAV_6;60;5333.671;6912.712;150.448;12.072;7.568;0.0
UAV_6;61;5345.513;6914.985;150.215;12.06;10.866;0.0
UAV_6;62;5357.189;6917.933;149.975;12.045;14.171;0.0
UAV_6;63;5368.656;6921.546;149.73;12.025;17.486;0.0
UAV_6;64;5379.873;6925.809;149.48;12.002;20.813;0.0
UAV_6;65;5390.798;6930.709;149.225;11.976;24.153;0.0
UAV_6;66;5401.392;6936.226;148.965;11.947;27.509;0.0
UAV_6;67;5411.616;6942.34;148.701;11.916;30.882;0.0
UAV_6;68;5421.433;6949.03;148.432;11.882;34.274;0.0
UAV_6;69;5430.806;6956.271;148.159;11.848;37.685;0.0
UAV_6;70;5439.702;6964.036;147.883;11.812;41.117;0.0
UAV_6;71;5448.089;6972.298;147.602;11.775;44.569;0.0
UAV_6;72;5455.935;6981.025;147.319;11.739;48.043;0.0
UAV_6;73;5463.212;6990.186;147.033;11.703;51.539;0.0
UAV_6;74;5469.894;6999.748;146.743;11.669;55.056;0.0
UAV_6;75;5475.955;7009.676;146.452;11.636;58.593;0.0
UAV_6;76;5481.375;7019.934;146.158;11.605;62.15;0.0
UAV_6;77;5486.133;7030.483;145.862;11.577;65.725;0.0
UAV_6;78;5490.211;7041.287;145.564;11.551;69.317;0.0
UAV_6;79;5493.596;7052.304;145.265;11.53;72.923;0.0
UAV_6;80;5496.274;7063.496;144.965;11.511;76.542;0.0
UAV_6;81;5498.236;7074.821;144.664;11.497;80.171;0.0
UAV_6;82;5499.475;7086.237;144.362;11.488;83.808;0.0
UAV_6;83;5499.985;7097.704;144.06;11.482;87.45;0.0
UAV_6;84;5499.766;7109.18;143.758;11.481;91.093;0.0
UAV_6;85;5498.819;7120.621;143.457;11.485;94.736;0.0
UAV_6;86;5497.145;7131.988;143.155;11.493;98.375;0.0
UAV_6;87;5494.753;7143.238;142.855;11.505;102.007;0.0
UAV_6;88;5491.649;7154.33;142.555;11.522;105.631;0.0
UAV_6;89;5487.847;7165.223;142.257;11.542;109.242;0.0
UAV_6;90;5483.358;7175.879;141.96;11.566;112.84;0.0
UAV_6;91;5478.201;7186.258;141.666;11.593;116.422;0.0
UAV_6;92;5472.394;7196.322;141.373;11.623;119.986;0.0
UAV_6;93;5465.958;7206.035;141.083;11.655;123.532;0.0
UAV_6;94;5458.916;7215.361;140.795;11.689;127.057;0.0
UAV_6;95;5451.294;7224.266;140.511;11.725;130.561;0.0
UAV_6;96;5443.12;7232.717;140.229;11.761;134.044;0.0
UAV_6;97;5434.424;7240.684;139.951;11.797;137.505;0.0
UAV_6;98;5425.237;7248.138;139.677;11.833;140.945;0.0
UAV_6;99;5415.593;7255.051;139.406;11.869;144.364;0.0
UAV_6;100;5405.528;7261.399;139.14;11.903;147.763;0.0
UAV_6;101;5395.078;7267.157;138.878;11.935;151.144;0.0
UAV_6;102;5384.28;7272.306;138.621;11.965;154.506;0.0
UAV_6;103;5373.175;7276.826;138.369;11.992;157.853;0.0
UAV_6;104;5361.803;7280.701;138.122;12.016;161.185;0.0
UAV_6;105;5350.206;7283.916;137.88;12.037;164.504;0.0
UAV_6;106;5338.425;7286.46;137.644;12.055;167.813;0.0
UAV_6;107;5326.505;7288.324;137.414;12.068;171.114;0.0
UAV_6;108;5314.487;7289.501;137.19;12.077;174.408;0.0
UAV_6;109;5302.417;7289.986;136.972;12.082;177.698;0.0
UAV_6;110;5290.337;7289.778;136.76;12.083;180.987;0.0
UAV_6;111;5278.293;7288.878;136.555;12.079;184.276;0.0
UAV_6;112;5266.329;7287.288;136.357;12.072;187.568;0.0
UAV_6;113;5254.487;7285.015;136.166;12.06;190.866;0.0
UAV_6;114;5242.811;7282.067;135.981;12.044;194.171;0.0
UAV_6;115;5231.344;7278.454;135.805;12.024;197.486;0.0
UAV_6;116;5220.127;7274.191;135.635;12.001;200.813;0.0
UAV_6;117;5209.202;7269.291;135.474;11.975;204.153;0.0
UAV_6;118;5198.608;7263.774;135.32;11.945;207.509;0.0
UAV_6;119;5188.384;7257.66;135.174;11.914;210.882;0.0
UAV_6;120;5178.567;7250.97;135.036;11.88;214.274;0.0
UAV_6;121;5169.194;7243.729;134.906;11.845;217.685;0.0
UAV_6;122;5160.298;7235.964;134.784;11.809;221.117;0.0
UAV_6;123;5151.911;7227.702;134.671;11.773;224.569;0.0
UAV_6;124;5150.0;7218.975;134.567;8.935;257.647;0.0
UAV_6;125;5150.0;7209.814;134.471;9.162;270.0;0.0
UAV_6;126;5150.0;7200.252;134.384;9.563;270.0;0.0
UAV_6;127;5150.0;7190.324;134.305;9.928;270.0;0.0
UAV_6;128;5150.0;7180.066;134.236;10.258;270.0;0.0
UAV_6;129;5150.0;7169.517;134.175;10.55;270.0;0.0
UAV_6;130;5150.0;7158.713;134.123;10.803;270.0;0.0
UAV_6;131;5150.0;7147.696;134.08;11.018;270.0;0.0
UAV_6;132;5150.0;7136.504;134.047;11.192;270.0;0.0
UAV_6;133;5150.0;7125.179;134.022;11.325;270.0;0.0
UAV_6;134;5150.0;7113.763;134.007;11.417;270.0;0.0
UAV_6;135;5150.0;7102.296;134.0;11.467;270.0;0.0
UAV_6;136;5150.0;7090.82;134.003;11.475;270.0;0.0
UAV_6;137;5150.0;7079.379;134.015;11.442;270.0;0.0
UAV_6;138;5150.0;7068.012;134.036;11.367;270.0;0.0
UAV_6;139;5150.0;7056.762;134.066;11.25;270.0;0.0
UAV_6;140;5150.0;7045.67;134.105;11.092;270.0;0.0
UAV_6;141;5150.0;7034.777;134.153;10.894;270.0;0.0
UAV_6;142;5150.0;7024.121;134.21;10.656;270.0;0.0
UAV_6;143;5150.0;7013.742;134.276;10.379;270.0;0.0
UAV_6;144;5150.0;7003.678;134.351;10.064;270.0;0.0
UAV_6;145;5150.0;6993.965;134.435;9.713;270.0;0.0
UAV_6;146;5150.0;6984.639;134.527;9.326;270.0;0.0
UAV_6;147;5150.0;6975.734;134.629;8.905;270.0;0.0
UAV_6;148;5156.88;6967.283;134.738;10.898;309.149;0.0
UAV_6;149;5165.576;6959.316;134.856;11.795;317.505;0.0
UAV_6;150;5174.763;6951.862;134.983;11.831;320.945;0.0
UAV_6;151;5184.407;6944.949;135.118;11.866;324.364;0.0
UAV_6;152;5194.472;6938.601;135.26;11.901;327.763;0.0
UAV_6;153;5204.922;6932.843;135.411;11.933;331.144;0.0
UAV_6;154;5215.72;6927.694;135.57;11.963;334.506;0.0
UAV_6;155;5226.825;6923.174;135.736;11.991;337.853;0.0
UAV_6;156;5238.197;6919.299;135.91;12.015;341.185;0.0
UAV_6;157;5249.794;6916.084;136.091;12.036;344.504;0.0
UAV_6;158;5261.575;6913.54;136.279;12.054;347.813;0.0
UAV_6;159;5273.495;6911.676;136.475;12.067;351.114;0.0
UAV_6;160;5285.513;6910.499;136.677;12.077;354.408;0.0
UAV_6;161;5297.583;6910.014;136.886;12.082;357.698;0.0
UAV_6;162;5309.663;6910.222;137.102;12.083;0.987;0.0
UAV_6;163;5321.707;6911.122;137.324;12.08;4.276;0.0
UAV_6;164;5333.671;6912.712;137.552;12.072;7.568;0.0
UAV_6;165;5345.513;6914.985;137.785;12.06;10.866;0.0
UAV_6;166;5357.189;6917.933;138.025;12.045;14.171;0.0
UAV_6;167;5368.656;6921.546;138.27;12.025;17.486;0.0
UAV_6;168;5379.873;6925.809;138.52;12.002;20.813;0.0
UAV_6;169;5390.798;6930.709;138.775;11.976;24.153;0.0
UAV_6;170;5401.392;6936.226;139.035;11.947;27.509;0.0
UAV_6;171;5411.616;6942.34;139.299;11.916;30.882;0.0
UAV_6;172;5421.433;6949.03;139.568;11.882;34.274;0.0
UAV_6;173;5430.806;6956.271;139.841;11.848;37.685;0.0
UAV_6;174;5439.702;6964.036;140.117;11.812;41.117;0.0
UAV_6;175;5448.089;6972.298;140.398;11.775;44.569;0.0
UAV_6;176;5455.935;6981.025;140.681;11.739;48.043;0.0
UAV_6;177;5463.212;6990.186;140.967;11.703;51.539;0.0
UAV_6;178;5469.894;6999.748;141.257;11.669;55.056;0.0
UAV_6;179;5475.955;7009.676;141.548;11.636;58.593;0.0
UAV_6;180;5481.375;7019.934;141.842;11.605;62.15;0.0
UAV_6;181;5486.133;7030.483;142.138;11.577;65.725;0.0
UAV_6;182;5490.211;7041.287;142.436;11.551;69.317;0.0
UAV_6;183;5493.596;7052.304;142.735;11.53;72.923;0.0
UAV_6;184;5496.274;7063.496;143.035;11.511;76.542;0.0
UAV_6;185;5498.236;7074.821;143.336;11.497;80.171;0.0
UAV_6;186;5499.475;7086.237;143.638;11.488;83.808;0.0
UAV_6;187;5499.985;7097.704;143.94;11.482;87.45;0.0
UAV_6;188;5499.766;7109.18;144.242;11.481;91.093;0.0
UAV_6;189;5498.819;7120.621;144.543;11.485;94.736;0.0
UAV_6;190;5497.145;7131.988;144.845;11.493;98.375;0.0
UAV_6;191;5494.753;7143.238;145.145;11.505;102.007;0.0
UAV_6;192;5491.649;7154.33;145.445;11.522;105.631;0.0
UAV_6;193;5487.847;7165.223;145.743;11.542;109.242;0.0
UAV_6;194;5483.358;7175.879;146.04;11.566;112.84;0.0
UAV_6;195;5478.201;7186.258;146.334;11.593;116.422;0.0
UAV_6;196;5472.394;7196.322;146.627;11.623;119.986;0.0
UAV_6;197;5465.958;7206.035;146.917;11.655;123.532;0.0
UAV_6;198;5458.916;7215.361;147.205;11.689;127.057;0.0
UAV_6;199;5451.294;7224.266;147.489;11.725;130.561;0.0
UAV_6;200;5443.12;7232.717;147.771;11.761;134.044;0.0
UAV_6;201;5434.424;7240.684;148.049;11.797;137.505;0.0
UAV_6;202;5425.237;7248.138;148.323;11.833;140.945;0.0
UAV_6;203;5415.593;7255.051;148.594;11.869;144.364;0.0
UAV_6;204;5405.528;7261.399;148.86;11.903;147.763;0.0
UAV_6;205;5395.078;7267.157;149.122;11.935;151.144;0.0
UAV_6;206;5384.28;7272.306;149.379;11.965;154.506;0.0
UAV_6;207;5373.175;7276.826;149.631;11.992;157.853;0.0
UAV_6;208;5361.803;7280.701;149.878;12.016;161.185;0.0
UAV_6;209;5350.206;7283.916;150.12;12.037;164.504;0.0
UAV_6;210;5338.425;7286.46;150.356;12.055;167.813;0.0
UAV_6;211;5326.505;7288.324;150.586;12.068;171.114;0.0
UAV_6;212;5314.487;7289.501;150.81;12.077;174.408;0.0
UAV_6;213;5302.417;7289.986;151.028;12.082;177.698;0.0
UAV_6;214;5290.337;7289.778;151.24;12.083;180.987;0.0
UAV_6;215;5278.293;7288.878;151.445;12.079;184.276;0.0
UAV_6;216;5266.329;7287.288;151.643;12.072;187.568;0.0
UAV_6;217;5254.487;7285.015;151.834;12.06;190.866;0.0
UAV_6;218;5242.811;7282.067;152.019;12.044;194.171;0.0
UAV_6;219;5231.344;7278.454;152.195;12.024;197.486;0.0
UAV_6;220;5220.127;7274.191;152.365;12.001;200.813;0.0
UAV_6;221;5209.202;7269.291;152.526;11.975;204.153;0.0
UAV_6;222;5198.608;7263.774;152.68;11.945;207.509;0.0
UAV_6;223;5188.384;7257.66;152.826;11.914;210.882;0.0
UAV_6;224;5178.567;7250.97;152.964;11.88;214.274;0.0
UAV_6;225;5169.194;7243.729;153.094;11.845;217.685;0.0
UAV_6;226;5160.298;7235.964;153.216;11.809;221.117;0.0
UAV_6;227;5151.911;7227.702;153.329;11.773;224.569;0.0
UAV_6;228;5150.0;7218.975;153.433;8.935;257.647;0.0
UAV_6;229;5150.0;7209.814;153.529;9.162;270.0;0.0
UAV_6;230;5150.0;7200.252;153.616;9.563;270.0;0.0
UAV_6;231;5150.0;7190.324;153.695;9.928;270.0;0.0
UAV_6;232;5150.0;7180.066;153.764;10.258;270.0;0.0
UAV_6;233;5150.0;7169.517;153.825;10.55;270.0;0.0
UAV_6;234;5150.0;7158.713;153.877;10.803;270.0;0.0
UAV_6;235;5150.0;7147.696;153.92;11.018;270.0;0.0
UAV_6;236;5150.0;7136.504;153.953;11.192;270.0;0.0
UAV_6;237;5150.0;7125.179;153.978;11.325;270.0;0.0
UAV_6;238;5150.0;7113.763;153.993;11.417;270.0;0.0
UAV_6;239;5150.0;7102.296;154.0;11.467;270.0;0.0
UAV_6;240;5150.0;7090.82;153.997;11.475;270.0;0.0
UAV_6;241;5150.0;7079.379;153.985;11.442;270.0;0.0
UAV_6;242;5150.0;7068.012;153.964;11.367;270.0;0.0
UAV_6;243;5150.0;7056.762;153.934;11.25;270.0;0.0
UAV_6;244;5150.0;7045.67;153.895;11.092;270.0;0.0
UAV_6;245;5150.0;7034.777;153.847;10.894;270.0;0.0
UAV_6;246;5150.0;7024.121;153.79;10.656;270.0;0.0
UAV_6;247;5150.0;7013.742;153.724;10.379;270.0;0.0
UAV_6;248;5150.0;7003.678;153.649;10.064;270.0;0.0
UAV_6;249;5150.0;6993.965;153.565;9.713;270.0;0.0
UAV_6;250;5150.0;6984.639;153.473;9.326;270.0;0.0
UAV_6;251;5150.0;6975.734;153.371;8.905;270.0;0.0
UAV_6;252;5156.88;6967.283;153.262;10.898;309.149;0.0
UAV_6;253;5165.576;6959.316;153.144;11.795;317.505;0.0
UAV_6;254;5174.763;6951.862;153.017;11.831;320.945;0.0
UAV_6;255;5184.407;6944.949;152.882;11.866;324.364;0.0
UAV_6;256;5194.472;6938.601;152.74;11.901;327.763;0.0
UAV_6;257;5204.922;6932.843;152.589;11.933;331.144;0.0
UAV_6;258;5215.72;6927.694;152.43;11.963;334.506;0.0
UAV_6;259;5226.825;6923.174;152.264;11.991;337.853;0.0
UAV_6;260;5238.197;6919.299;152.09;12.015;341.185;0.0
UAV_6;261;5249.794;6916.084;151.909;12.036;344.504;0.0
UAV_6;262;5261.575;6913.54;151.721;12.054;347.813;0.0
UAV_6;263;5273.495;6911.676;151.525;12.067;351.114;0.0
UAV_6;264;5285.513;6910.499;151.323;12.077;354.408;0.0
UAV_6;265;5297.583;6910.014;151.114;12.082;357.698;0.0
UAV_6;266;5309.663;6910.222;150.898;12.083;0.987;0.0
UAV_6;267;5321.707;6911.122;150.676;12.08;4.276;0.0
UAV_6;268;5333.671;6912.712;150.448;12.072;7.568;0.0
UAV_6;269;5345.513;6914.985;150.215;12.06;10.866;0.0
UAV_6;270;5357.189;6917.933;149.975;12.045;14.171;0.0
UAV_6;271;5368.656;6921.546;149.73;12.025;17.486;0.0
UAV_6;272;5379.873;6925.809;149.48;12.002;20.813;0.0
UAV_6;273;5390.798;6930.709;149.225;11.976;24.153;0.0
UAV_6;274;5401.392;6936.226;148.965;11.947;27.509;0.0
UAV_6;275;5411.616;6942.34;148.701;11.916;30.882;0.0
UAV_6;276;5421.433;6949.03;148.432;11.882;34.274;0.0
UAV_6;277;5430.806;6956.271;148.159;11.848;37.685;0.0
UAV_6;278;5439.702;6964.036;147.883;11.812;41.117;0.0
UAV_6;279;5448.089;6972.298;147.602;11.775;44.569;0.0
UAV_6;280;5455.935;6981.025;147.319;11.739;48.043;0.0
UAV_6;281;5463.212;6990.186;147.033;11.703;51.539;0.0
UAV_6;282;5469.894;6999.748;146.743;11.669;55.056;0.0
UAV_6;283;5475.955;7009.676;146.452;11.636;58.593;0.0
UAV_6;284;5481.375;7019.934;146.158;11.605;62.15;0.0
UAV_6;285;5486.133;7030.483;145.862;11.577;65.725;0.0
UAV_6;286;5490.211;7041.287;145.564;11.551;69.317;0.0
UAV_6;287;5493.596;7052.304;145.265;11.53;72.923;0.0
UAV_6;288;5496.274;7063.496;144.965;11.511;76.542;0.0
UAV_6;289;5498.236;7074.821;144.664;11.497;80.171;0.0
UAV_6;290;5499.475;7086.237;144.362;11.488;83.808;0.0
UAV_6;291;5499.985;7097.704;144.06;11.482;87.45;0.0
UAV_6;292;5499.766;7109.18;143.758;11.481;91.093;0.0
UAV_6;293;5498.819;7120.621;143.457;11.485;94.736;0.0
UAV_6;294;5497.145;7131.988;143.155;11.493;98.375;0.0
UAV_6;295;5494.753;7143.238;142.855;11.505;102.007;0.0
UAV_6;296;5491.649;7154.33;142.555;11.522;105.631;0.0
UAV_6;297;5487.847;7165.223;142.257;11.542;109.242;0.0
UAV_6;298;5483.358;7175.879;141.96;11.566;112.84;0.0
UAV_6;299;5478.201;7186.258;141.666;11.593;116.422;0.0
UAV_6;300;5472.394;7196.322;141.373;11.623;119.986;0.0
UAV_6;301;5465.958;7206.035;141.083;11.655;123.532;0.0
UAV_6;302;5458.916;7215.361;140.795;11.689;127.057;0.0
UAV_6;303;5451.294;7224.266;140.511;11.725;130.561;0.0
UAV_6;304;5443.12;7232.717;140.229;11.761;134.044;0.0
UAV_6;305;5434.424;7240.684;139.951;11.797;137.505;0.0
UAV_6;306;5425.237;7248.138;139.677;11.833;140.945;0.0
UAV_6;307;5415.593;7255.051;139.406;11.869;144.364;0.0
UAV_6;308;5405.528;7261.399;139.14;11.903;147.763;0.0
UAV_6;309;5395.078;7267.157;138.878;11.935;151.144;0.0
UAV_6;310;5384.28;7272.306;138.621;11.965;154.506;0.0
UAV_6;311;5373.175;7276.826;138.369;11.992;157.853;0.0
UAV_6;312;5361.803;7280.701;138.122;12.016;161.185;0.0
UAV_6;313;5350.206;7283.916;137.88;12.037;164.504;0.0
UAV_6;314;5338.425;7286.46;137.644;12.055;167.813;0.0
UAV_6;315;5326.505;7288.324;137.414;12.068;171.114;0.0
UAV_6;316;5314.487;7289.501;137.19;12.077;174.408;0.0
UAV_6;317;5302.417;7289.986;136.972;12.082;177.698;0.0
UAV_6;318;5290.337;7289.778;136.76;12.083;180.987;0.0
UAV_6;319;5278.293;7288.878;136.555;12.079;184.276;0.0
UAV_6;320;5266.329;7287.288;136.357;12.072;187.568;0.0
UAV_6;321;5254.487;7285.015;136.166;12.06;190.866;0.0
UAV_6;322;5242.811;7282.067;135.981;12.044;194.171;0.0
UAV_6;323;5231.344;7278.454;135.805;12.024;197.486;0.0
UAV_6;324;5220.127;7274.191;135.635;12.001;200.813;0.0
UAV_6;325;5209.202;7269.291;135.474;11.975;204.153;0.0
UAV_6;326;5198.608;7263.774;135.32;11.945;207.509;0.0
UAV_6;327;5188.384;7257.66;135.174;11.914;210.882;0.0
UAV_6;328;5178.567;7250.97;135.036;11.88;214.274;0.0
UAV_6;329;5169.194;7243.729;134.906;11.845;217.685;0.0
UAV_6;330;5160.298;7235.964;134.784;11.809;221.117;0.0
UAV_6;331;5151.911;7227.702;134.671;11.773;224.569;0.0
UAV_6;332;5150.0;7218.975;134.567;8.935;257.647;0.0
UAV_6;333;5150.0;7209.814;134.471;9.162;270.0;0.0
UAV_6;334;5150.0;7200.252;134.384;9.563;270.0;0.0
UAV_6;335;5150.0;7190.324;134.305;9.928;270.0;0.0
UAV_6;336;5150.0;7180.066;134.236;10.258;270.0;0.0
UAV_6;337;5150.0;7169.517;134.175;10.55;270.0;0.0
UAV_6;338;5150.0;7158.713;134.123;10.803;270.0;0.0
UAV_6;339;5150.0;7147.696;134.08;11.018;270.0;0.0
UAV_6;340;5150.0;7136.504;134.047;11.192;270.0;0.0
UAV_6;341;5150.0;7125.179;134.022;11.325;270.0;0.0
UAV_6;342;5150.0;7113.763;134.007;11.417;270.0;0.0
UAV_6;343;5150.0;7102.296;134.0;11.467;270.0;0.0
UAV_6;344;5150.0;7090.82;134.003;11.475;270.0;0.0
UAV_6;345;5150.0;7079.379;134.015;11.442;270.0;0.0
UAV_6;346;5150.0;7068.012;134.036;11.367;270.0;0.0
UAV_6;347;5150.0;7056.762;134.066;11.25;270.0;0.0
UAV_6;348;5150.0;7045.67;134.105;11.092;270.0;0.0
UAV_6;349;5150.0;7034.777;134.153;10.894;270.0;0.0
UAV_6;350;5150.0;7024.121;134.21;10.656;270.0;0.0
UAV_6;351;5150.0;7013.742;134.276;10.379;270.0;0.0
UAV_6;352;5150.0;7003.678;134.351;10.064;270.0;0.0
UAV_6;353;5150.0;6993.965;134.435;9.713;270.0;0.0
UAV_6;354;5150.0;6984.639;134.527;9.326;270.0;0.0
UAV_6;355;5150.0;6975.734;134.629;8.905;270.0;0.0
UAV_6;356;5156.88;6967.283;134.738;10.898;309.149;0.0
UAV_6;357;5165.576;6959.316;134.856;11.795;317.505;0.0
UAV_6;358;5174.763;6951.862;134.983;11.831;320.945;0.0
UAV_6;359;5184.407;6944.949;135.118;11.866;324.364;0.0
UAV_6;360;5194.472;6938.601;135.26;11.901;327.763;0.0
UAV_6;361;5204.922;6932.843;135.411;11.933;331.144;0.0
UAV_6;362;5215.72;6927.694;135.57;11.963;334.506;0.0
UAV_6;363;5226.825;6923.174;135.736;11.991;337.853;0.0
UAV_6;364;5238.197;6919.299;135.91;12.015;341.185;0.0
UAV_6;365;5249.794;6916.084;136.091;12.036;344.504;0.0
UAV_6;366;5261.575;6913.54;136.279;12.054;347.813;0.0
UAV_6;367;5273.495;6911.676;136.475;12.067;351.114;0.0
UAV_6;368;5285.513;6910.499;136.677;12.077;354.408;0.0
UAV_6;369;5297.583;6910.014;136.886;12.082;357.698;0.0
UAV_6;370;5309.663;6910.222;137.102;12.083;0.987;0.0
UAV_6;371;5321.707;6911.122;137.324;12.08;4.276;0.0
UAV_6;372;5333.671;6912.712;137.552;12.072;7.568;0.0
UAV_6;373;5345.513;6914.985;137.785;12.06;10.866;0.0
UAV_6;374;5357.189;6917.933;138.025;12.045;14.171;0.0
UAV_6;375;5368.656;6921.546;138.27;12.025;17.486;0.0
UAV_6;376;5379.873;6925.809;138.52;12.002;20.813;0.0
UAV_6;377;5390.798;6930.709;138.775;11.976;24.153;0.0
UAV_6;378;5401.392;6936.226;139.035;11.947;27.509;0.0
UAV_6;379;5411.616;6942.34;139.299;11.916;30.882;0.0
UAV_6;380;5421.433;6949.03;139.568;11.882;34.274;0.0
UAV_6;381;5430.806;6956.271;139.841;11.848;37.685;0.0
UAV_6;382;5439.702;6964.036;140.117;11.812;41.117;0.0
UAV_6;383;5448.089;6972.298;140.398;11.775;44.569;0.0
UAV_6;384;5455.935;6981.025;140.681;11.739;48.043;0.0
UAV_6;385;5463.212;6990.186;140.967;11.703;51.539;0.0
UAV_6;386;5469.894;6999.748;141.257;11.669;55.056;0.0
UAV_6;387;5475.955;7009.676;141.548;11.636;58.593;0.0
UAV_6;388;5481.375;7019.934;141.842;11.605;62.15;0.0
UAV_6;389;5486.133;7030.483;142.138;11.577;65.725;0.0
UAV_6;390;5490.211;7041.287;142.436;11.551;69.317;0.0
UAV_6;391;5493.596;7052.304;142.735;11.53;72.923;0.0
UAV_6;392;5496.274;7063.496;143.035;11.511;76.542;0.0
UAV_6;393;5498.236;7074.821;143.336;11.497;80.171;0.0
UAV_6;394;5499.475;7086.237;143.638;11.488;83.808;0.0
UAV_6;395;5499.985;7097.704;143.94;11.482;87.45;0.0
UAV_6;396;5499.766;7109.18;144.242;11.481;91.093;0.0
UAV_6;397;5498.819;7120.621;144.543;11.485;94.736;0.0
UAV_6;398;5497.145;7131.988;144.845;11.493;98.375;0.0
UAV_6;399;5494.753;7143.238;145.145;11.505;102.007;0.0
UAV_6;400;5491.649;7154.33;145.445;11.522;105.631;0.0
UAV_6;401;5487.847;7165.223;145.743;11.542;109.242;0.0
UAV_6;402;5483.358;7175.879;146.04;11.566;112.84;0.0
UAV_6;403;5478.201;7186.258;146.334;11.593;116.422;0.0
UAV_6;404;5472.394;7196.322;146.627;11.623;119.986;0.0
UAV_6;405;5465.958;7206.035;146.917;11.655;123.532;0.0
UAV_6;406;5458.916;7215.361;147.205;11.689;127.057;0.0
UAV_6;407;5451.294;7224.266;147.489;11.725;130.561;0.0
UAV_6;408;5443.12;7232.717;147.771;11.761;134.044;0.0
UAV_6;409;5434.424;7240.684;148.049;11.797;137.505;0.0
UAV_6;410;5425.237;7248.138;148.323;11.833;140.945;0.0
UAV_6;411;5415.593;7255.051;148.594;11.869;144.364;0.0
UAV_6;412;5405.528;7261.399;148.86;11.903;147.763;0.0
UAV_6;413;5395.078;7267.157;149.122;11.935;151.144;0.0
UAV_6;414;5384.28;7272.306;149.379;11.965;154.506;0.0
UAV_6;415;5373.175;7276.826;149.631;11.992;157.853;0.0
UAV_6;416;5361.803;7280.701;149.878;12.016;161.185;0.0
UAV_6;417;5350.206;7283.916;150.12;12.037;164.504;0.0
UAV_6;418;5338.425;7286.46;150.356;12.055;167.813;0.0
UAV_6;419;5326.505;7288.324;150.586;12.068;171.114;0.0
UAV_6;420;5314.487;7289.501;150.81;12.077;174.408;0.0
UAV_6;421;5302.417;7289.986;151.028;12.082;177.698;0.0
UAV_6;422;5290.337;7289.778;151.24;12.083;180.987;0.0
UAV_6;423;5278.293;7288.878;151.445;12.079;184.276;0.0
UAV_6;424;5266.329;7287.288;151.643;12.072;187.568;0.0
UAV_6;425;5254.487;7285.015;151.834;12.06;190.866;0.0
UAV_6;426;5242.811;7282.067;152.019;12.044;194.171;0.0
UAV_6;427;5231.344;7278.454;152.195;12.024;197.486;0.0
UAV_6;428;5220.127;7274.191;152.365;12.001;200.813;0.0
UAV_6;429;5209.202;7269.291;152.526;11.975;204.153;0.0
UAV_6;430;5198.608;7263.774;152.68;11.945;207.509;0.0
UAV_6;431;5188.384;7257.66;152.826;11.914;210.882;0.0
UAV_6;432;5178.567;7250.97;152.964;11.88;214.274;0.0
UAV_6;433;5169.194;7243.729;153.094;11.845;217.685;0.0
UAV_6;434;5160.298;7235.964;153.216;11.809;221.117;0.0
UAV_6;435;5151.911;7227.702;153.329;11.773;224.569;0.0
UAV_6;436;5150.0;7218.975;153.433;8.935;257.647;0.0
UAV_6;437;5150.0;7209.814;153.529;9.162;270.0;0.0
UAV_6;438;5150.0;7200.252;153.616;9.563;270.0;0.0
UAV_6;439;5150.0;7190.324;153.695;9.928;270.0;0.0
UAV_6;440;5150.0;7180.066;153.764;10.258;270.0;0.0
UAV_6;441;5150.0;7169.517;153.825;10.55;270.0;0.0
UAV_6;442;5150.0;7158.713;153.877;10.803;270.0;0.0
UAV_6;443;5150.0;7147.696;153.92;11.018;270.0;0.0
UAV_6;444;5150.0;7136.504;153.953;11.192;270.0;0.0
UAV_6;445;5150.0;7125.179;153.978;11.325;270.0;0.0
UAV_6;446;5150.0;7113.763;153.993;11.417;270.0;0.0
UAV_6;447;5150.0;7102.296;154.0;11.467;270.0;0.0
UAV_6;448;5150.0;7090.82;153.997;11.475;270.0;0.0
UAV_6;449;5150.0;7079.379;153.985;11.442;270.0;0.0
UAV_6;450;5150.0;7068.012;153.964;11.367;270.0;0.0
UAV_6;451;5150.0;7056.762;153.934;11.25;270.0;0.0
UAV_6;452;5150.0;7045.67;153.895;11.092;270.0;0.0
UAV_6;453;5150.0;7034.777;153.847;10.894;270.0;0.0
UAV_6;454;5150.0;7024.121;153.79;10.656;270.0;0.0
UAV_6;455;5150.0;7013.742;153.724;10.379;270.0;0.0
UAV_6;456;5150.0;7003.678;153.649;10.064;270.0;0.0
UAV_6;457;5150.0;6993.965;153.565;9.713;270.0;0.0
UAV_6;458;5150.0;6984.639;153.473;9.326;270.0;0.0
UAV_6;459;5150.0;6975.734;153.371;8.905;270.0;0.0
UAV_6;460;5156.88;6967.283;153.262;10.898;309.149;0.0
UAV_6;461;5165.576;6959.316;153.144;11.795;317.505;0.0
UAV_6;462;5174.763;6951.862;153.017;11.831;320.945;0.0
UAV_6;463;5184.407;6944.949;152.882;11.866;324.364;0.0
UAV_6;464;5194.472;6938.601;152.74;11.901;327.763;0.0
UAV_6;465;5204.922;6932.843;152.589;11.933;331.144;0.0
UAV_6;466;5215.72;6927.694;152.43;11.963;334.506;0.0
UAV_6;467;5226.825;6923.174;152.264;11.991;337.853;0.0
UAV_6;468;5238.197;6919.299;152.09;12.015;341.185;0.0
UAV_6;469;5249.794;6916.084;151.909;12.036;344.504;0.0
UAV_6;470;5261.575;6913.54;151.721;12.054;347.813;0.0
UAV_6;471;5273.495;6911.676;151.525;12.067;351.114;0.0
UAV_6;472;5285.513;6910.499;151.323;12.077;354.408;0.0
UAV_6;473;5297.583;6910.014;151.114;12.082;357.698;0.0
UAV_6;474;5309.663;6910.222;150.898;12.083;0.987;0.0
UAV_6;475;5321.707;6911.122;150.676;12.08;4.276;0.0
UAV_6;476;5333.671;6912.712;150.448;12.072;7.568;0.0
UAV_6;477;5345.513;6914.985;150.215;12.06;10.866;0.0
UAV_6;478;5357.189;6917.933;149.975;12.045;14.171;0.0
UAV_6;479;5368.656;6921.546;149.73;12.025;17.486;0.0
UAV_6;480;5379.873;6925.809;149.48;12.002;20.813;0.0
UAV_6;481;5390.798;6930.709;149.225;11.976;24.153;0.0
UAV_6;482;5401.392;6936.226;148.965;11.947;27.509;0.0
UAV_6;483;5411.616;6942.34;148.701;11.916;30.882;0.0
UAV_6;484;5421.433;6949.03;148.432;11.882;34.274;0.0
UAV_6;485;5430.806;6956.271;148.159;11.848;37.685;0.0
UAV_6;486;5439.702;6964.036;147.883;11.812;41.117;0.0
UAV_6;487;5448.089;6972.298;147.602;11.775;44.569;0.0
UAV_6;488;5455.935;6981.025;147.319;11.739;48.043;0.0
UAV_6;489;5463.212;6990.186;147.033;11.703;51.539;0.0
UAV_6;490;5469.894;6999.748;146.743;11.669;55.056;0.0
UAV_6;491;5475.955;7009.676;146.452;11.636;58.593;0.0
UAV_6;492;5481.375;7019.934;146.158;11.605;62.15;0.0
UAV_6;493;5486.133;7030.483;145.862;11.577;65.725;0.0
UAV_6;494;5490.211;7041.287;145.564;11.551;69.317;0.0
UAV_6;495;5493.596;7052.304;145.265;11.53;72.923;0.0
UAV_6;496;5496.274;7063.496;144.965;11.511;76.542;0.0
UAV_6;497;5498.236;7074.821;144.664;11.497;80.171;0.0
UAV_6;498;5499.475;7086.237;144.362;11.488;83.808;0.0
UAV_6;499;5499.985;7097.704;144.06;11.482;87.45;0.0
UAV_6;500;5499.766;7109.18;143.758;11.481;91.093;0.0
UAV_6;501;5498.819;7120.621;143.457;11.485;94.736;0.0
UAV_6;502;5497.145;7131.988;143.155;11.493;98.375;0.0
UAV_6;503;5494.753;7143.238;142.855;11.505;102.007;0.0
UAV_6;504;5491.649;7154.33;142.555;11.522;105.631;0.0
UAV_6;505;5487.847;7165.223;142.257;11.542;109.242;0.0
UAV_6;506;5483.358;7175.879;141.96;11.566;112.84;0.0
UAV_6;507;5478.201;7186.258;141.666;11.593;116.422;0.0
UAV_6;508;5472.394;7196.322;141.373;11.623;119.986;0.0
UAV_6;509;5465.958;7206.035;141.083;11.655;123.532;0.0
UAV_6;510;5458.916;7215.361;140.795;11.689;127.057;0.0
UAV_6;511;5451.294;7224.266;140.511;11.725;130.561;0.0
UAV_6;512;5443.12;7232.717;140.229;11.761;134.044;0.0
UAV_6;513;5434.424;7240.684;139.951;11.797;137.505;0.0
UAV_6;514;5425.237;7248.138;139.677;11.833;140.945;0.0
UAV_6;515;5415.593;7255.051;139.406;11.869;144.364;0.0
UAV_6;516;5405.528;7261.399;139.14;11.903;147.763;0.0
UAV_6;517;5395.078;7267.157;138.878;11.935;151.144;0.0
UAV_6;518;5384.28;7272.306;138.621;11.965;154.506;0.0
UAV_6;519;5373.175;7276.826;138.369;11.992;157.853;0.0
UAV_6;520;5361.803;7280.701;138.122;12.016;161.185;0.0
UAV_6;521;5350.206;7283.916;137.88;12.037;164.504;0.0
UAV_6;522;5338.425;7286.46;137.644;12.055;167.813;0.0
UAV_6;523;5326.505;7288.324;137.414;12.068;171.114;0.0
UAV_6;524;5314.487;7289.501;137.19;12.077;174.408;0.0
UAV_6;525;5302.417;7289.986;136.972;12.082;177.698;0.0
UAV_6;526;5290.337;7289.778;136.76;12.083;180.987;0.0
UAV_6;527;5278.293;7288.878;136.555;12.079;184.276;0.0
UAV_6;528;5266.329;7287.288;136.357;12.072;187.568;0.0
UAV_6;529;5254.487;7285.015;136.166;12.06;190.866;0.0
UAV_6;530;5242.811;7282.067;135.981;12.044;194.171;0.0
UAV_6;531;5231.344;7278.454;135.805;12.024;197.486;0.0
UAV_6;532;5220.127;7274.191;135.635;12.001;200.813;0.0
UAV_6;533;5209.202;7269.291;135.474;11.975;204.153;0.0
UAV_6;534;5198.608;7263.774;135.32;11.945;207.509;0.0
UAV_6;535;5188.384;7257.66;135.174;11.914;210.882;0.0
UAV_6;536;5178.567;7250.97;135.036;11.88;214.274;0.0
UAV_6;537;5169.194;7243.729;134.906;11.845;217.685;0.0
UAV_6;538;5160.298;7235.964;134.784;11.809;221.117;0.0
UAV_6;539;5151.911;7227.702;134.671;11.773;224.569;0.0
UAV_6;540;5150.0;7218.975;134.567;8.935;257.647;0.0
UAV_6;541;5150.0;7209.814;134.471;9.162;270.0;0.0
UAV_6;542;5150.0;7200.252;134.384;9.563;270.0;0.0
UAV_6;543;5150.0;7190.324;134.305;9.928;270.0;0.0
UAV_6;544;5150.0;7180.066;134.236;10.258;270.0;0.0
UAV_6;545;5150.0;7169.517;134.175;10.55;270.0;0.0
UAV_6;546;5150.0;7158.713;134.123;10.803;270.0;0.0
UAV_6;547;5150.0;7147.696;134.08;11.018;270.0;0.0
UAV_6;548;5150.0;7136.504;134.047;11.192;270.0;0.0
UAV_6;549;5150.0;7125.179;134.022;11.325;270.0;0.0
UAV_6;550;5150.0;7113.763;134.007;11.417;270.0;0.0
UAV_6;551;5150.0;7102.296;134.0;11.467;270.0;0.0
UAV_6;552;5150.0;7090.82;134.003;11.475;270.0;0.0
UAV_6;553;5150.0;7079.379;134.015;11.442;270.0;0.0
UAV_6;554;5150.0;7068.012;134.036;11.367;270.0;0.0
UAV_6;555;5150.0;7056.762;134.066;11.25;270.0;0.0
UAV_6;556;5150.0;7045.67;134.105;11.092;270.0;0.0
UAV_6;557;5150.0;7034.777;134.153;10.894;270.0;0.0
UAV_6;558;5150.0;7024.121;134.21;10.656;270.0;0.0
UAV_6;559;5150.0;7013.742;134.276;10.379;270.0;0.0
UAV_6;560;5150.0;7003.678;134.351;10.064;270.0;0.0
UAV_6;561;5150.0;6993.965;134.435;9.713;270.0;0.0
UAV_6;562;5150.0;6984.639;134.527;9.326;270.0;0.0
UAV_6;563;5150.0;6975.734;134.629;8.905;270.0;0.0
UAV_6;564;5156.88;6967.283;134.738;10.898;309.149;0.0
UAV_6;565;5165.576;6959.316;134.856;11.795;317.505;0.0
UAV_6;566;5174.763;6951.862;134.983;11.831;320.945;0.0
UAV_6;567;5184.407;6944.949;135.118;11.866;324.364;0.0
UAV_6;568;5194.472;6938.601;135.26;11.901;327.763;0.0
UAV_6;569;5204.922;6932.843;135.411;11.933;331.144;0.0
UAV_6;570;5215.72;6927.694;135.57;11.963;334.506;0.0
UAV_6;571;5226.825;6923.174;135.736;11.991;337.853;0.0
UAV_6;572;5238.197;6919.299;135.91;12.015;341.185;0.0
UAV_6;573;5249.794;6916.084;136.091;12.036;344.504;0.0
UAV_6;574;5261.575;6913.54;136.279;12.054;347.813;0.0
UAV_6;575;5273.495;6911.676;136.475;12.067;351.114;0.0
UAV_6;576;5285.513;6910.499;136.677;12.077;354.408;0.0
UAV_6;577;5297.583;6910.014;136.886;12.082;357.698;0.0
UAV_6;578;5309.663;6910.222;137.102;12.083;0.987;0.0
UAV_6;579;5321.707;6911.122;137.324;12.08;4.276;0.0
UAV_6;580;5333.671;6912.712;137.552;12.072;7.568;0.0
UAV_6;581;5345.513;6914.985;137.785;12.06;10.866;0.0
UAV_6;582;5357.189;6917.933;138.025;12.045;14.171;0.0
UAV_6;583;5368.656;6921.546;138.27;12.025;17.486;0.0
UAV_6;584;5379.873;6925.809;138.52;12.002;20.813;0.0
UAV_6;585;5390.798;6930.709;138.775;11.976;24.153;0.0
UAV_6;586;5401.392;6936.226;139.035;11.947;27.509;0.0
UAV_6;587;5411.616;6942.34;139.299;11.916;30.882;0.0
UAV_6;588;5421.433;6949.03;139.568;11.882;34.274;0.0
UAV_6;589;5430.806;6956.271;139.841;11.848;37.685;0.0
UAV_6;590;5439.702;6964.036;140.117;11.812;41.117;0.0
UAV_6;591;5448.089;6972.298;140.398;11.775;44.569;0.0
UAV_6;592;5455.935;6981.025;140.681;11.739;48.043;0.0
UAV_6;593;5463.212;6990.186;140.967;11.703;51.539;0.0
UAV_6;594;5469.894;6999.748;141.257;11.669;55.056;0.0
UAV_6;595;5475.955;7009.676;141.548;11.636;58.593;0.0
UAV_6;596;5481.375;7019.934;141.842;11.605;62.15;0.0
UAV_6;597;5486.133;7030.483;142.138;11.577;65.725;0.0
UAV_6;598;5490.211;7041.287;142.436;11.551;69.317;0.0
UAV_6;599;5493.596;7052.304;142.735;11.53;72.923;0.0
UAV_6;600;5496.274;7063.496;143.035;11.511;76.542;0.0
UAV_7;0;6822.016;7220.496;157.511;27.0;234.0;0.0
UAV_7;1;6814.799;7210.649;157.596;12.209;233.759;0.0
UAV_7;2;6808.207;7200.427;157.674;12.163;237.185;0.0
UAV_7;3;6802.265;7189.866;157.744;12.118;240.637;0.0
UAV_7;4;6796.992;7179.001;157.805;12.077;244.112;0.0
UAV_7;5;6792.406;7167.868;157.858;12.04;247.611;0.0
UAV_7;6;6788.522;7156.506;157.903;12.008;251.129;0.0
UAV_7;7;6785.354;7144.952;157.939;11.98;254.666;0.0
UAV_7;8;6782.912;7133.246;157.967;11.958;258.217;0.0
UAV_7;9;6781.205;7121.428;157.986;11.941;261.78;0.0
UAV_7;10;6780.238;7109.538;157.997;11.93;265.351;0.0
UAV_7;11;6780.015;7097.615;158.0;11.925;268.927;0.0
UAV_7;12;6780.536;7085.7;157.994;11.926;272.504;0.0
UAV_7;13;6781.8;7073.833;157.98;11.934;276.078;0.0
UAV_7;14;6783.801;7062.056;157.957;11.947;279.647;0.0
UAV_7;15;6786.535;7050.406;157.925;11.966;283.205;0.0
UAV_7;16;6789.991;7038.924;157.886;11.991;286.751;0.0
UAV_7;17;6794.157;7027.649;157.838;12.02;290.28;0.0
UAV_7;18;6799.02;7016.619;157.781;12.055;293.791;0.0
UAV_7;19;6804.563;7005.871;157.717;12.093;297.281;0.0
UAV_7;20;6810.767;6995.441;157.644;12.136;300.747;0.0
UAV_7;21;6817.612;6985.365;157.563;12.181;304.188;0.0
UAV_7;22;6825.073;6975.678;157.474;12.229;307.604;0.0
UAV_7;23;6833.127;6966.41;157.377;12.278;310.992;0.0
UAV_7;24;6841.745;6957.595;157.272;12.329;314.353;0.0
UAV_7;25;6850.899;6949.262;157.159;12.379;317.686;0.0
UAV_7;26;6860.557;6941.438;157.038;12.43;320.992;0.0
UAV_7;27;6870.687;6934.152;156.91;12.479;324.272;0.0
UAV_7;28;6881.255;6927.426;156.774;12.527;327.526;0.0
UAV_7;29;6892.224;6921.284;156.631;12.573;330.756;0.0
UAV_7;30;6903.558;6915.747;156.48;12.615;333.963;0.0
UAV_7;31;6915.219;6910.834;156.323;12.654;337.15;0.0
UAV_7;32;6927.166;6906.56;156.158;12.69;340.318;0.0
UAV_7;33;6939.36;6902.941;155.986;12.721;343.47;0.0
UAV_7;34;6951.759;6899.989;155.808;12.747;346.608;0.0
UAV_7;35;6964.321;6897.714;155.623;12.768;349.733;0.0
UAV_7;36;6977.004;6896.123;155.431;12.784;352.85;0.0
UAV_7;37;6989.764;6895.222;155.234;12.794;355.961;0.0
UAV_7;38;7002.56;6895.014;155.03;12.799;359.068;0.0
UAV_7;39;7015.346;6895.499;154.82;12.798;2.174;0.0
UAV_7;40;7028.081;6896.677;154.604;12.791;5.283;0.0
UAV_7;41;7040.721;6898.542;154.383;12.779;8.395;0.0
UAV_7;42;7053.223;6901.089;154.157;12.761;11.516;0.0
UAV_7;43;7065.545;6904.31;153.925;12.738;14.646;0.0
UAV_7;44;7077.645;6908.192;153.688;12.71;17.789;0.0
UAV_7;45;7089.482;6912.723;153.446;12.677;20.947;0.0
UAV_7;46;7101.017;6917.888;153.2;12.641;24.122;0.0
UAV_7;47;7112.209;6923.669;152.95;12.6;27.317;0.0
UAV_7;48;7123.022;6930.047;152.695;12.556;30.533;0.0
UAV_7;49;7133.419;6937.0;152.436;12.51;33.773;0.0
UAV_7;50;7143.365;6944.505;152.173;12.462;37.037;0.0
UAV_7;51;7150.0;6952.535;151.907;10.421;50.434;0.0
UAV_7;52;7150.0;6961.065;151.638;8.534;90.0;0.0
UAV_7;53;7150.0;6970.065;151.365;9.004;90.0;0.0
UAV_7;54;7150.0;6979.504;151.09;9.443;90.0;0.0
UAV_7;55;7150.0;6989.351;150.812;9.851;90.0;0.0
UAV_7;56;7150.0;6999.573;150.532;10.225;90.0;0.0
UAV_7;57;7150.0;7010.134;150.25;10.565;90.0;0.0
UAV_7;58;7150.0;7020.999;149.965;10.869;90.0;0.0
UAV_7;59;7150.0;7032.132;149.679;11.136;90.0;0.0
UAV_7;60;7150.0;7043.494;149.392;11.366;90.0;0.0
UAV_7;61;7150.0;7055.048;149.103;11.557;90.0;0.0
UAV_7;62;7150.0;7066.754;148.814;11.709;90.0;0.0
UAV_7;63;7150.0;7078.572;148.523;11.822;90.0;0.0
UAV_7;64;7150.0;7090.462;148.233;11.894;90.0;0.0
UAV_7;65;7150.0;7102.385;147.942;11.926;90.0;0.0
UAV_7;66;7150.0;7114.3;147.651;11.918;90.0;0.0
UAV_7;67;7150.0;7126.167;147.36;11.87;90.0;0.0
UAV_7;68;7150.0;7137.944;147.071;11.781;90.0;0.0
UAV_7;69;7150.0;7149.594;146.781;11.653;90.0;0.0
UAV_7;70;7150.0;7161.076;146.493;11.485;90.0;0.0
UAV_7;71;7150.0;7172.351;146.206;11.279;90.0;0.0
UAV_7;72;7150.0;7183.381;145.921;11.034;90.0;0.0
UAV_7;73;7150.0;7194.129;145.637;10.752;90.0;0.0
UAV_7;74;7150.0;7204.559;145.356;10.433;90.0;0.0
UAV_7;75;7150.0;7214.635;145.076;10.08;90.0;0.0
UAV_7;76;7150.0;7224.322;144.799;9.692;90.0;0.0
UAV_7;77;7150.0;7233.59;144.525;9.271;90.0;0.0
UAV_7;78;7150.0;7242.405;144.254;8.819;90.0;0.0
UAV_7;79;7149.101;7250.738;143.986;8.386;96.157;0.0
UAV_7;80;7139.443;7258.562;143.721;12.432;140.992;0.0
UAV_7;81;7129.313;7265.848;143.46;12.481;144.272;0.0
UAV_7;82;7118.745;7272.574;143.203;12.529;147.526;0.0
UAV_7;83;7107.776;7278.716;142.95;12.574;150.756;0.0
UAV_7;84;7096.442;7284.253;142.701;12.617;153.963;0.0
UAV_7;85;7084.781;7289.166;142.456;12.656;157.15;0.0
UAV_7;86;7072.834;7293.44;142.217;12.691;160.318;0.0
UAV_7;87;7060.64;7297.059;141.982;12.722;163.47;0.0
UAV_7;88;7048.241;7300.0;141.752;12.745;166.655;0.0
UAV_7;89;7035.679;7300.0;141.528;12.564;180.0;0.0
UAV_7;90;7022.996;7300.0;141.309;12.685;180.0;0.0
UAV_7;91;7010.236;7300.0;141.095;12.762;180.0;0.0
UAV_7;92;6997.44;7300.0;140.888;12.797;180.0;0.0
UAV_7;93;6984.654;7300.0;140.686;12.788;180.0;0.0
UAV_7;94;6971.919;7300.0;140.491;12.736;180.0;0.0
UAV_7;95;6959.279;7300.0;140.302;12.641;180.0;0.0
UAV_7;96;6946.777;7298.911;140.12;12.551;184.98;0.0
UAV_7;97;6934.455;7295.69;139.944;12.737;194.646;0.0
UAV_7;98;6922.355;7291.808;139.775;12.709;197.789;0.0
UAV_7;99;6910.518;7287.277;139.613;12.676;200.947;0.0
UAV_7;100;6898.983;7282.112;139.458;12.639;204.122;0.0
UAV_7;101;6887.791;7276.331;139.311;12.598;207.317;0.0
UAV_7;102;6876.978;7269.953;139.171;12.555;210.533;0.0
UAV_7;103;6866.581;7263.0;139.038;12.508;213.773;0.0
UAV_7;104;6856.635;7255.495;138.912;12.46;217.037;0.0
UAV_7;105;6847.175;7247.465;138.795;12.41;220.327;0.0
UAV_7;106;6838.232;7238.935;138.685;12.359;223.644;0.0
UAV_7;107;6829.836;7229.935;138.583;12.308;226.988;0.0
UAV_7;108;6822.016;7220.496;138.489;12.258;230.36;0.0
UAV_7;109;6814.799;7210.649;138.404;12.209;233.759;0.0
UAV_7;110;6808.207;7200.427;138.326;12.163;237.185;0.0
UAV_7;111;6802.265;7189.866;138.256;12.118;240.637;0.0
UAV_7;112;6796.992;7179.001;138.195;12.077;244.112;0.0
UAV_7;113;6792.406;7167.868;138.142;12.04;247.611;0.0
UAV_7;114;6788.522;7156.506;138.097;12.008;251.129;0.0
UAV_7;115;6785.354;7144.952;138.061;11.98;254.666;0.0
UAV_7;116;6782.912;7133.246;138.033;11.958;258.217;0.0
UAV_7;117;6781.205;7121.428;138.014;11.941;261.78;0.0
UAV_7;118;6780.238;7109.538;138.003;11.93;265.351;0.0
UAV_7;119;6780.015;7097.615;138.0;11.925;268.927;0.0
UAV_7;120;6780.536;7085.7;138.006;11.926;272.504;0.0
UAV_7;121;6781.8;7073.833;138.02;11.934;276.078;0.0
UAV_7;122;6783.801;7062.056;138.043;11.947;279.647;0.0
UAV_7;123;6786.535;7050.406;138.075;11.966;283.205;0.0
UAV_7;124;6789.991;7038.924;138.114;11.991;286.751;0.0
UAV_7;125;6794.157;7027.649;138.162;12.02;290.28;0.0
UAV_7;126;6799.02;7016.619;138.219;12.055;293.791;0.0
UAV_7;127;6804.563;7005.871;138.283;12.093;297.281;0.0
UAV_7;128;6810.767;6995.441;138.356;12.136;300.747;0.0
UAV_7;129;6817.612;6985.365;138.437;12.181;304.188;0.0
UAV_7;130;6825.073;6975.678;138.526;12.229;307.604;0.0
UAV_7;131;6833.127;6966.41;138.623;12.278;310.992;0.0
UAV_7;132;6841.745;6957.595;138.728;12.329;314.353;0.0
UAV_7;133;6850.899;6949.262;138.841;12.379;317.686;0.0
UAV_7;134;6860.557;6941.438;138.962;12.43;320.992;0.0
UAV_7;135;6870.687;6934.152;139.09;12.479;324.272;0.0
UAV_7;136;6881.255;6927.426;139.226;12.527;327.526;0.0
UAV_7;137;6892.224;6921.284;139.369;12.573;330.756;0.0
UAV_7;138;6903.558;6915.747;139.52;12.615;333.963;0.0
UAV_7;139;6915.219;6910.834;139.677;12.654;337.15;0.0
UAV_7;140;6927.166;6906.56;139.842;12.69;340.318;0.0
UAV_7;141;6939.36;6902.941;140.014;12.721;343.47;0.0
UAV_7;142;6951.759;6899.989;140.192;12.747;346.608;0.0
UAV_7;143;6964.321;6897.714;140.377;12.768;349.733;0.0
UAV_7;144;6977.004;6896.123;140.569;12.784;352.85;0.0
UAV_7;145;6989.764;6895.222;140.766;12.794;355.961;0.0
UAV_7;146;7002.56;6895.014;140.97;12.799;359.068;0.0
UAV_7;147;7015.346;6895.499;141.18;12.798;2.174;0.0
UAV_7;148;7028.081;6896.677;141.396;12.791;5.283;0.0
UAV_7;149;7040.721;6898.542;141.617;12.779;8.395;0.0
UAV_7;150;7053.223;6901.089;141.843;12.761;11.516;0.0
UAV_7;151;7065.545;6904.31;142.075;12.738;14.646;0.0
UAV_7;152;7077.645;6908.192;142.312;12.71;17.789;0.0
UAV_7;153;7089.482;6912.723;142.554;12.677;20.947;0.0
UAV_7;154;7101.017;6917.888;142.8;12.641;24.122;0.0
UAV_7;155;7112.209;6923.669;143.05;12.6;27.317;0.0
UAV_7;156;7123.022;6930.047;143.305;12.556;30.533;0.0
UAV_7;157;7133.419;6937.0;143.564;12.51;33.773;0.0
UAV_7;158;7143.365;6944.505;143.827;12.462;37.037;0.0
UAV_7;159;7150.0;6952.535;144.093;10.421;50.434;0.0
UAV_7;160;7150.0;6961.065;144.362;8.534;90.0;0.0
UAV_7;161;7150.0;6970.065;144.635;9.004;90.0;0.0
UAV_7;162;7150.0;6979.504;144.91;9.443;90.0;0.0
UAV_7;163;7150.0;6989.351;145.188;9.851;90.0;0.0
UAV_7;164;7150.0;6999.573;145.468;10.225;90.0;0.0
UAV_7;165;7150.0;7010.134;145.75;10.565;90.0;0.0
UAV_7;166;7150.0;7020.999;146.035;10.869;90.0;0.0
UAV_7;167;7150.0;7032.132;146.321;11.136;90.0;0.0
UAV_7;168;7150.0;7043.494;146.608;11.366;90.0;0.0
UAV_7;169;7150.0;7055.048;146.897;11.557;90.0;0.0
UAV_7;170;7150.0;7066.754;147.186;11.709;90.0;0.0
UAV_7;171;7150.0;7078.572;147.477;11.822;90.0;0.0
UAV_7;172;7150.0;7090.462;147.767;11.894;90.0;0.0
UAV_7;173;7150.0;7102.385;148.058;11.926;90.0;0.0
UAV_7;174;7150.0;7114.3;148.349;11.918;90.0;0.0
UAV_7;175;7150.0;7126.167;148.64;11.87;90.0;0.0
UAV_7;176;7150.0;7137.944;148.929;11.781;90.0;0.0
UAV_7;177;7150.0;7149.594;149.219;11.653;90.0;0.0
UAV_7;178;7150.0;7161.076;149.507;11.485;90.0;0.0
UAV_7;179;7150.0;7172.351;149.794;11.279;90.0;0.0
UAV_7;180;7150.0;7183.381;150.079;11.034;90.0;0.0
UAV_7;181;7150.0;7194.129;150.363;10.752;90.0;0.0
UAV_7;182;7150.0;7204.559;150.644;10.433;90.0;0.0
UAV_7;183;7150.0;7214.635;150.924;10.08;90.0;0.0
UAV_7;184;7150.0;7224.322;151.201;9.692;90.0;0.0
UAV_7;185;7150.0;7233.59;151.475;9.271;90.0;0.0
UAV_7;186;7150.0;7242.405;151.746;8.819;90.0;0.0
UAV_7;187;7149.101;7250.738;152.014;8.386;96.157;0.0
UAV_7;188;7139.443;7258.562;152.279;12.432;140.992;0.0
UAV_7;189;7129.313;7265.848;152.54;12.481;144.272;0.0
UAV_7;190;7118.745;7272.574;152.797;12.529;147.526;0.0
UAV_7;191;7107.776;7278.716;153.05;12.574;150.756;0.0
UAV_7;192;7096.442;7284.253;153.299;12.617;153.963;0.0
UAV_7;193;7084.781;7289.166;153.544;12.656;157.15;0.0
UAV_7;194;7072.834;7293.44;153.783;12.691;160.318;0.0
UAV_7;195;7060.64;7297.059;154.018;12.722;163.47;0.0
UAV_7;196;7048.241;7300.0;154.248;12.745;166.655;0.0
UAV_7;197;7035.679;7300.0;154.472;12.564;180.0;0.0
UAV_7;198;7022.996;7300.0;154.691;12.685;180.0;0.0
UAV_7;199;7010.236;7300.0;154.905;12.762;180.0;0.0
UAV_7;200;6997.44;7300.0;155.112;12.797;180.0;0.0
UAV_7;201;6984.654;7300.0;155.314;12.788;180.0;0.0
UAV_7;202;6971.919;7300.0;155.509;12.736;180.0;0.0
UAV_7;203;6959.279;7300.0;155.698;12.641;180.0;0.0
UAV_7;204;6946.777;7298.911;155.88;12.551;184.98;0.0
UAV_7;205;6934.455;7295.69;156.056;12.737;194.646;0.0
UAV_7;206;6922.355;7291.808;156.225;12.709;197.789;0.0
UAV_7;207;6910.518;7287.277;156.387;12.676;200.947;0.0
UAV_7;208;6898.983;7282.112;156.542;12.639;204.122;0.0
UAV_7;209;6887.791;7276.331;156.689;12.598;207.317;0.0
UAV_7;210;6876.978;7269.953;156.829;12.555;210.533;0.0
UAV_7;211;6866.581;7263.0;156.962;12.508;213.773;0.0
UAV_7;212;6856.635;7255.495;157.088;12.46;217.037;0.0
UAV_7;213;6847.175;7247.465;157.205;12.41;220.327;0.0
UAV_7;214;6838.232;7238.935;157.315;12.359;223.644;0.0
UAV_7;215;6829.836;7229.935;157.417;12.308;226.988;0.0
UAV_7;216;6822.016;7220.496;157.511;12.258;230.36;0.0
UAV_7;217;6814.799;7210.649;157.596;12.209;233.759;0.0
UAV_7;218;6808.207;7200.427;157.674;12.163;237.185;0.0
UAV_7;219;6802.265;7189.866;157.744;12.118;240.637;0.0
UAV_7;220;6796.992;7179.001;157.805;12.077;244.112;0.0
UAV_7;221;6792.406;7167.868;157.858;12.04;247.611;0.0
UAV_7;222;6788.522;7156.506;157.903;12.008;251.129;0.0
UAV_7;223;6785.354;7144.952;157.939;11.98;254.666;0.0
UAV_7;224;6782.912;7133.246;157.967;11.958;258.217;0.0
UAV_7;225;6781.205;7121.428;157.986;11.941;261.78;0.0
UAV_7;226;6780.238;7109.538;157.997;11.93;265.351;0.0
UAV_7;227;6780.015;7097.615;158.0;11.925;268.927;0.0
UAV_7;228;6780.536;7085.7;157.994;11.926;272.504;0.0
UAV_7;229;6781.8;7073.833;157.98;11.934;276.078;0.0
UAV_7;230;6783.801;7062.056;157.957;11.947;279.647;0.0
UAV_7;231;6786.535;7050.406;157.925;11.966;283.205;0.0
UAV_7;232;6789.991;7038.924;157.886;11.991;286.751;0.0
UAV_7;233;6794.157;7027.649;157.838;12.02;290.28;0.0
UAV_7;234;6799.02;7016.619;157.781;12.055;293.791;0.0
UAV_7;235;6804.563;7005.871;157.717;12.093;297.281;0.0
UAV_7;236;6810.767;6995.441;157.644;12.136;300.747;0.0
UAV_7;237;6817.612;6985.365;157.563;12.181;304.188;0.0
UAV_7;238;6825.073;6975.678;157.474;12.229;307.604;0.0
UAV_7;239;6833.127;6966.41;157.377;12.278;310.992;0.0
UAV_7;240;6841.745;6957.595;157.272;12.329;314.353;0.0
UAV_7;241;6850.899;6949.262;157.159;12.379;317.686;0.0
UAV_7;242;6860.557;6941.438;157.038;12.43;320.992;0.0
UAV_7;243;6870.687;6934.152;156.91;12.479;324.272;0.0
UAV_7;244;6881.255;6927.426;156.774;12.527;327.526;0.0
UAV_7;245;6892.224;6921.284;156.631;12.573;330.756;0.0
UAV_7;246;6903.558;6915.747;156.48;12.615;333.963;0.0
UAV_7;247;6915.219;6910.834;156.323;12.654;337.15;0.0
UAV_7;248;6927.166;6906.56;156.158;12.69;340.318;0.0
UAV_7;249;6939.36;6902.941;155.986;12.721;343.47;0.0
UAV_7;250;6951.759;6899.989;155.808;12.747;346.608;0.0
UAV_7;251;6964.321;6897.714;155.623;12.768;349.733;0.0
UAV_7;252;6977.004;6896.123;155.431;12.784;352.85;0.0
UAV_7;253;6989.764;6895.222;155.234;12.794;355.961;0.0
UAV_7;254;7002.56;6895.014;155.03;12.799;359.068;0.0
UAV_7;255;7015.346;6895.499;154.82;12.798;2.174;0.0
UAV_7;256;7028.081;6896.677;154.604;12.791;5.283;0.0
UAV_7;257;7040.721;6898.542;154.383;12.779;8.395;0.0
UAV_7;258;7053.223;6901.089;154.157;12.761;11.516;0.0
UAV_7;259;7065.545;6904.31;153.925;12.738;14.646;0.0
UAV_7;260;7077.645;6908.192;153.688;12.71;17.789;0.0
UAV_7;261;7089.482;6912.723;153.446;12.677;20.947;0.0
UAV_7;262;7101.017;6917.888;153.2;12.641;24.122;0.0
UAV_7;263;7112.209;6923.669;152.95;12.6;27.317;0.0
UAV_7;264;7123.022;6930.047;152.695;12.556;30.533;0.0
UAV_7;265;7133.419;6937.0;152.436;12.51;33.773;0.0
UAV_7;266;7143.365;6944.505;152.173;12.462;37.037;0.0
UAV_7;267;7150.0;6952.535;151.907;10.421;50.434;0.0
UAV_7;268;7150.0;6961.065;151.638;8.534;90.0;0.0
UAV_7;269;7150.0;6970.065;151.365;9.004;90.0;0.0
UAV_7;270;7150.0;6979.504;151.09;9.443;90.0;0.0
UAV_7;271;7150.0;6989.351;150.812;9.851;90.0;0.0
UAV_7;272;7150.0;6999.573;150.532;10.225;90.0;0.0
UAV_7;273;7150.0;7010.134;150.25;10.565;90.0;0.0
UAV_7;274;7150.0;7020.999;149.965;10.869;90.0;0.0
UAV_7;275;7150.0;7032.132;149.679;11.136;90.0;0.0
UAV_7;276;7150.0;7043.494;149.392;11.366;90.0;0.0
UAV_7;277;7150.0;7055.048;149.103;11.557;90.0;0.0
UAV_7;278;7150.0;7066.754;148.814;11.709;90.0;0.0
UAV_7;279;7150.0;7078.572;148.523;11.822;90.0;0.0
UAV_7;280;7150.0;7090.462;148.233;11.894;90.0;0.0
UAV_7;281;7150.0;7102.385;147.942;11.926;90.0;0.0
UAV_7;282;7150.0;7114.3;147.651;11.918;90.0;0.0
UAV_7;283;7150.0;7126.167;147.36;11.87;90.0;0.0
UAV_7;284;7150.0;7137.944;147.071;11.781;90.0;0.0
UAV_7;285;7150.0;7149.594;146.781;11.653;90.0;0.0
UAV_7;286;7150.0;7161.076;146.493;11.485;90.0;0.0
UAV_7;287;7150.0;7172.351;146.206;11.279;90.0;0.0
UAV_7;288;7150.0;7183.381;145.921;11.034;90.0;0.0
UAV_7;289;7150.0;7194.129;145.637;10.752;90.0;0.0
UAV_7;290;7150.0;7204.559;145.356;10.433;90.0;0.0
UAV_7;291;7150.0;7214.635;145.076;10.08;90.0;0.0
UAV_7;292;7150.0;7224.322;144.799;9.692;90.0;0.0
UAV_7;293;7150.0;7233.59;144.525;9.271;90.0;0.0
UAV_7;294;7150.0;7242.405;144.254;8.819;90.0;0.0
UAV_7;295;7149.101;7250.738;143.986;8.386;96.157;0.0
UAV_7;296;7139.443;7258.562;143.721;12.432;140.992;0.0
UAV_7;297;7129.313;7265.848;143.46;12.481;144.272;0.0
UAV_7;298;7118.745;7272.574;143.203;12.529;147.526;0.0
UAV_7;299;7107.776;7278.716;142.95;12.574;150.756;0.0
UAV_7;300;7096.442;7284.253;142.701;12.617;153.963;0.0
UAV_7;301;7084.781;7289.166;142.456;12.656;157.15;0.0
UAV_7;302;7072.834;7293.44;142.217;12.691;160.318;0.0
UAV_7;303;7060.64;7297.059;141.982;12.722;163.47;0.0
UAV_7;304;7048.241;7300.0;141.752;12.745;166.655;0.0
UAV_7;305;7035.679;7300.0;141.528;12.564;180.0;0.0
UAV_7;306;7022.996;7300.0;141.309;12.685;180.0;0.0
UAV_7;307;7010.236;7300.0;141.095;12.762;180.0;0.0
UAV_7;308;6997.44;7300.0;140.888;12.797;180.0;0.0
UAV_7;309;6984.654;7300.0;140.686;12.788;180.0;0.0
UAV_7;310;6971.919;7300.0;140.491;12.736;180.0;0.0
UAV_7;311;6959.279;7300.0;140.302;12.641;180.0;0.0
UAV_7;312;6946.777;7298.911;140.12;12.551;184.98;0.0
UAV_7;313;6934.455;7295.69;139.944;12.737;194.646;0.0
UAV_7;314;6922.355;7291.808;139.775;12.709;197.789;0.0
UAV_7;315;6910.518;7287.277;139.613;12.676;200.947;0.0
UAV_7;316;6898.983;7282.112;139.458;12.639;204.122;0.0
UAV_7;317;6887.791;7276.331;139.311;12.598;207.317;0.0
UAV_7;318;6876.978;7269.953;139.171;12.555;210.533;0.0
UAV_7;319;6866.581;7263.0;139.038;12.508;213.773;0.0
UAV_7;320;6856.635;7255.495;138.912;12.46;217.037;0.0
UAV_7;321;6847.175;7247.465;138.795;12.41;220.327;0.0
UAV_7;322;6838.232;7238.935;138.685;12.359;223.644;0.0
UAV_7;323;6829.836;7229.935;138.583;12.308;226.988;0.0
UAV_7;324;6822.016;7220.496;138.489;12.258;230.36;0.0
UAV_7;325;6814.799;7210.649;138.404;12.209;233.759;0.0
UAV_7;326;6808.207;7200.427;138.326;12.163;237.185;0.0
UAV_7;327;6802.265;7189.866;138.256;12.118;240.637;0.0
UAV_7;328;6796.992;7179.001;138.195;12.077;244.112;0.0
UAV_7;329;6792.406;7167.868;138.142;12.04;247.611;0.0
UAV_7;330;6788.522;7156.506;138.097;12.008;251.129;0.0
UAV_7;331;6785.354;7144.952;138.061;11.98;254.666;0.0
UAV_7;332;6782.912;7133.246;138.033;11.958;258.217;0.0
UAV_7;333;6781.205;7121.428;138.014;11.941;261.78;0.0
UAV_7;334;6780.238;7109.538;138.003;11.93;265.351;0.0
UAV_7;335;6780.015;7097.615;138.0;11.925;268.927;0.0
UAV_7;336;6780.536;7085.7;138.006;11.926;272.504;0.0
UAV_7;337;6781.8;7073.833;138.02;11.934;276.078;0.0
UAV_7;338;6783.801;7062.056;138.043;11.947;279.647;0.0
UAV_7;339;6786.535;7050.406;138.075;11.966;283.205;0.0
UAV_7;340;6789.991;7038.924;138.114;11.991;286.751;0.0
UAV_7;341;6794.157;7027.649;138.162;12.02;290.28;0.0
UAV_7;342;6799.02;7016.619;138.219;12.055;293.791;0.0
UAV_7;343;6804.563;7005.871;138.283;12.093;297.281;0.0
UAV_7;344;6810.767;6995.441;138.356;12.136;300.747;0.0
UAV_7;345;6817.612;6985.365;138.437;12.181;304.188;0.0
UAV_7;346;6825.073;6975.678;138.526;12.229;307.604;0.0
UAV_7;347;6833.127;6966.41;138.623;12.278;310.992;0.0
UAV_7;348;6841.745;6957.595;138.728;12.329;314.353;0.0
UAV_7;349;6850.899;6949.262;138.841;12.379;317.686;0.0
UAV_7;350;6860.557;6941.438;138.962;12.43;320.992;0.0
UAV_7;351;6870.687;6934.152;139.09;12.479;324.272;0.0
UAV_7;352;6881.255;6927.426;139.226;12.527;327.526;0.0
UAV_7;353;6892.224;6921.284;139.369;12.573;330.756;0.0
UAV_7;354;6903.558;6915.747;139.52;12.615;333.963;0.0
UAV_7;355;6915.219;6910.834;139.677;12.654;337.15;0.0
UAV_7;356;6927.166;6906.56;139.842;12.69;340.318;0.0
UAV_7;357;6939.36;6902.941;140.014;12.721;343.47;0.0
UAV_7;358;6951.759;6899.989;140.192;12.747;346.608;0.0
UAV_7;359;6964.321;6897.714;140.377;12.768;349.733;0.0
UAV_7;360;6977.004;6896.123;140.569;12.784;352.85;0.0
UAV_7;361;6989.764;6895.222;140.766;12.794;355.961;0.0
UAV_7;362;7002.56;6895.014;140.97;12.799;359.068;0.0
UAV_7;363;7015.346;6895.499;141.18;12.798;2.174;0.0
UAV_7;364;7028.081;6896.677;141.396;12.791;5.283;0.0
UAV_7;365;7040.721;6898.542;141.617;12.779;8.395;0.0
UAV_7;366;7053.223;6901.089;141.843;12.761;11.516;0.0
UAV_7;367;7065.545;6904.31;142.075;12.738;14.646;0.0
UAV_7;368;7077.645;6908.192;142.312;12.71;17.789;0.0
UAV_7;369;7089.482;6912.723;142.554;12.677;20.947;0.0
UAV_7;370;7101.017;6917.888;142.8;12.641;24.122;0.0
UAV_7;371;7112.209;6923.669;143.05;12.6;27.317;0.0
UAV_7;372;7123.022;6930.047;143.305;12.556;30.533;0.0
UAV_7;373;7133.419;6937.0;143.564;12.51;33.773;0.0
UAV_7;374;7143.365;6944.505;143.827;12.462;37.037;0.0
UAV_7;375;7150.0;6952.535;144.093;10.421;50.434;0.0
UAV_7;376;7150.0;6961.065;144.362;8.534;90.0;0.0
UAV_7;377;7150.0;6970.065;144.635;9.004;90.0;0.0
UAV_7;378;7150.0;6979.504;144.91;9.443;90.0;0.0
UAV_7;379;7150.0;6989.351;145.188;9.851;90.0;0.0
UAV_7;380;7150.0;6999.573;145.468;10.225;90.0;0.0
UAV_7;381;7150.0;7010.134;145.75;10.565;90.0;0.0
UAV_7;382;7150.0;7020.999;146.035;10.869;90.0;0.0
UAV_7;383;7150.0;7032.132;146.321;11.136;90.0;0.0
UAV_7;384;7150.0;7043.494;146.608;11.366;90.0;0.0
UAV_7;385;7150.0;7055.048;146.897;11.557;90.0;0.0
UAV_7;386;7150.0;7066.754;147.186;11.709;90.0;0.0
UAV_7;387;7150.0;7078.572;147.477;11.822;90.0;0.0
UAV_7;388;7150.0;7090.462;147.767;11.894;90.0;0.0
UAV_7;389;7150.0;7102.385;148.058;11.926;90.0;0.0
UAV_7;390;7150.0;7114.3;148.349;11.918;90.0;0.0
UAV_7;391;7150.0;7126.167;148.64;11.87;90.0;0.0
UAV_7;392;7150.0;7137.944;148.929;11.781;90.0;0.0
UAV_7;393;7150.0;7149.594;149.219;11.653;90.0;0.0
UAV_7;394;7150.0;7161.076;149.507;11.485;90.0;0.0
UAV_7;395;7150.0;7172.351;149.794;11.279;90.0;0.0
UAV_7;396;7150.0;7183.381;150.079;11.034;90.0;0.0
UAV_7;397;7150.0;7194.129;150.363;10.752;90.0;0.0
UAV_7;398;7150.0;7204.559;150.644;10.433;90.0;0.0
UAV_7;399;7150.0;7214.635;150.924;10.08;90.0;0.0
UAV_7;400;7150.0;7224.322;151.201;9.692;90.0;0.0
UAV_7;401;7150.0;7233.59;151.475;9.271;90.0;0.0
UAV_7;402;7150.0;7242.405;151.746;8.819;90.0;0.0
UAV_7;403;7149.101;7250.738;152.014;8.386;96.157;0.0
UAV_7;404;7139.443;7258.562;152.279;12.432;140.992;0.0
UAV_7;405;7129.313;7265.848;152.54;12.481;144.272;0.0
UAV_7;406;7118.745;7272.574;152.797;12.529;147.526;0.0
UAV_7;407;7107.776;7278.716;153.05;12.574;150.756;0.0
UAV_7;408;7096.442;7284.253;153.299;12.617;153.963;0.0
UAV_7;409;7084.781;7289.166;153.544;12.656;157.15;0.0
UAV_7;410;7072.834;7293.44;153.783;12.691;160.318;0.0
UAV_7;411;7060.64;7297.059;154.018;12.722;163.47;0.0
UAV_7;412;7048.241;7300.0;154.248;12.745;166.655;0.0
UAV_7;413;7035.679;7300.0;154.472;12.564;180.0;0.0
UAV_7;414;7022.996;7300.0;154.691;12.685;180.0;0.0
UAV_7;415;7010.236;7300.0;154.905;12.762;180.0;0.0
UAV_7;416;6997.44;7300.0;155.112;12.797;180.0;0.0
UAV_7;417;6984.654;7300.0;155.314;12.788;180.0;0.0
UAV_7;418;6971.919;7300.0;155.509;12.736;180.0;0.0
UAV_7;419;6959.279;7300.0;155.698;12.641;180.0;0.0
UAV_7;420;6946.777;7298.911;155.88;12.551;184.98;0.0
UAV_7;421;6934.455;7295.69;156.056;12.737;194.646;0.0
UAV_7;422;6922.355;7291.808;156.225;12.709;197.789;0.0
UAV_7;423;6910.518;7287.277;156.387;12.676;200.947;0.0
UAV_7;424;6898.983;7282.112;156.542;12.639;204.122;0.0
UAV_7;425;6887.791;7276.331;156.689;12.598;207.317;0.0
UAV_7;426;6876.978;7269.953;156.829;12.555;210.533;0.0
UAV_7;427;6866.581;7263.0;156.962;12.508;213.773;0.0
UAV_7;428;6856.635;7255.495;157.088;12.46;217.037;0.0
UAV_7;429;6847.175;7247.465;157.205;12.41;220.327;0.0
UAV_7;430;6838.232;7238.935;157.315;12.359;223.644;0.0
UAV_7;431;6829.836;7229.935;157.417;12.308;226.988;0.0
UAV_7;432;6822.016;7220.496;157.511;12.258;230.36;0.0
UAV_7;433;6814.799;7210.649;157.596;12.209;233.759;0.0
UAV_7;434;6808.207;7200.427;157.674;12.163;237.185;0.0
UAV_7;435;6802.265;7189.866;157.744;12.118;240.637;0.0
UAV_7;436;6796.992;7179.001;157.805;12.077;244.112;0.0
UAV_7;437;6792.406;7167.868;157.858;12.04;247.611;0.0
UAV_7;438;6788.522;7156.506;157.903;12.008;251.129;0.0
UAV_7;439;6785.354;7144.952;157.939;11.98;254.666;0.0
UAV_7;440;6782.912;7133.246;157.967;11.958;258.217;0.0
UAV_7;441;6781.205;7121.428;157.986;11.941;261.78;0.0
UAV_7;442;6780.238;7109.538;157.997;11.93;265.351;0.0
UAV_7;443;6780.015;7097.615;158.0;11.925;268.927;0.0
UAV_7;444;6780.536;7085.7;157.994;11.926;272.504;0.0
UAV_7;445;6781.8;7073.833;157.98;11.934;276.078;0.0
UAV_7;446;6783.801;7062.056;157.957;11.947;279.647;0.0
UAV_7;447;6786.535;7050.406;157.925;11.966;283.205;0.0
UAV_7;448;6789.991;7038.924;157.886;11.991;286.751;0.0
UAV_7;449;6794.157;7027.649;157.838;12.02;290.28;0.0
UAV_7;450;6799.02;7016.619;157.781;12.055;293.791;0.0
UAV_7;451;6804.563;7005.871;157.717;12.093;297.281;0.0
UAV_7;452;6810.767;6995.441;157.644;12.136;300.747;0.0
UAV_7;453;6817.612;6985.365;157.563;12.181;304.188;0.0
UAV_7;454;6825.073;6975.678;157.474;12.229;307.604;0.0
UAV_7;455;6833.127;6966.41;157.377;12.278;310.992;0.0
UAV_7;456;6841.745;6957.595;157.272;12.329;314.353;0.0
UAV_7;457;6850.899;6949.262;157.159;12.379;317.686;0.0
UAV_7;458;6860.557;6941.438;157.038;12.43;320.992;0.0
UAV_7;459;6870.687;6934.152;156.91;12.479;324.272;0.0
UAV_7;460;6881.255;6927.426;156.774;12.527;327.526;0.0
UAV_7;461;6892.224;6921.284;156.631;12.573;330.756;0.0
UAV_7;462;6903.558;6915.747;156.48;12.615;333.963;0.0
UAV_7;463;6915.219;6910.834;156.323;12.654;337.15;0.0
UAV_7;464;6927.166;6906.56;156.158;12.69;340.318;0.0
UAV_7;465;6939.36;6902.941;155.986;12.721;343.47;0.0
UAV_7;466;6951.759;6899.989;155.808;12.747;346.608;0.0
UAV_7;467;6964.321;6897.714;155.623;12.768;349.733;0.0
UAV_7;468;6977.004;6896.123;155.431;12.784;352.85;0.0
UAV_7;469;6989.764;6895.222;155.234;12.794;355.961;0.0
UAV_7;470;7002.56;6895.014;155.03;12.799;359.068;0.0
UAV_7;471;7015.346;6895.499;154.82;12.798;2.174;0.0
UAV_7;472;7028.081;6896.677;154.604;12.791;5.283;0.0
UAV_7;473;7040.721;6898.542;154.383;12.779;8.395;0.0
UAV_7;474;7053.223;6901.089;154.157;12.761;11.516;0.0
UAV_7;475;7065.545;6904.31;153.925;12.738;14.646;0.0
UAV_7;476;7077.645;6908.192;153.688;12.71;17.789;0.0
UAV_7;477;7089.482;6912.723;153.446;12.677;20.947;0.0
UAV_7;478;7101.017;6917.888;153.2;12.641;24.122;0.0
UAV_7;479;7112.209;6923.669;152.95;12.6;27.317;0.0
UAV_7;480;7123.022;6930.047;152.695;12.556;30.533;0.0
UAV_7;481;7133.419;6937.0;152.436;12.51;33.773;0.0
UAV_7;482;7143.365;6944.505;152.173;12.462;37.037;0.0
UAV_7;483;7150.0;6952.535;151.907;10.421;50.434;0.0
UAV_7;484;7150.0;6961.065;151.638;8.534;90.0;0.0
UAV_7;485;7150.0;6970.065;151.365;9.004;90.0;0.0
UAV_7;486;7150.0;6979.504;151.09;9.443;90.0;0.0
UAV_7;487;7150.0;6989.351;150.812;9.851;90.0;0.0
UAV_7;488;7150.0;6999.573;150.532;10.225;90.0;0.0
UAV_7;489;7150.0;7010.134;150.25;10.565;90.0;0.0
UAV_7;490;7150.0;7020.999;149.965;10.869;90.0;0.0
UAV_7;491;7150.0;7032.132;149.679;11.136;90.0;0.0
UAV_7;492;7150.0;7043.494;149.392;11.366;90.0;0.0
UAV_7;493;7150.0;7055.048;149.103;11.557;90.0;0.0
UAV_7;494;7150.0;7066.754;148.814;11.709;90.0;0.0
UAV_7;495;7150.0;7078.572;148.523;11.822;90.0;0.0
UAV_7;496;7150.0;7090.462;148.233;11.894;90.0;0.0
UAV_7;497;7150.0;7102.385;147.942;11.926;90.0;0.0
UAV_7;498;7150.0;7114.3;147.651;11.918;90.0;0.0
UAV_7;499;7150.0;7126.167;147.36;11.87;90.0;0.0
UAV_7;500;7150.0;7137.944;147.071;11.781;90.0;0.0
UAV_7;501;7150.0;7149.594;146.781;11.653;90.0;0.0
UAV_7;502;7150.0;7161.076;146.493;11.485;90.0;0.0
UAV_7;503;7150.0;7172.351;146.206;11.279;90.0;0.0
UAV_7;504;7150.0;7183.381;145.921;11.034;90.0;0.0
UAV_7;505;7150.0;7194.129;145.637;10.752;90.0;0.0
UAV_7;506;7150.0;7204.559;145.356;10.433;90.0;0.0
UAV_7;507;7150.0;7214.635;145.076;10.08;90.0;0.0
UAV_7;508;7150.0;7224.322;144.799;9.692;90.0;0.0
UAV_7;509;7150.0;7233.59;144.525;9.271;90.0;0.0
UAV_7;510;7150.0;7242.405;144.254;8.819;90.0;0.0
UAV_7;511;7149.101;7250.738;143.986;8.386;96.157;0.0
UAV_7;512;7139.443;7258.562;143.721;12.432;140.992;0.0
UAV_7;513;7129.313;7265.848;143.46;12.481;144.272;0.0
UAV_7;514;7118.745;7272.574;143.203;12.529;147.526;0.0
UAV_7;515;7107.776;7278.716;142.95;12.574;150.756;0.0
UAV_7;516;7096.442;7284.253;142.701;12.617;153.963;0.0
UAV_7;517;7084.781;7289.166;142.456;12.656;157.15;0.0
UAV_7;518;7072.834;7293.44;142.217;12.691;160.318;0.0
UAV_7;519;7060.64;7297.059;141.982;12.722;163.47;0.0
UAV_7;520;7048.241;7300.0;141.752;12.745;166.655;0.0
UAV_7;521;7035.679;7300.0;141.528;12.564;180.0;0.0
UAV_7;522;7022.996;7300.0;141.309;12.685;180.0;0.0
UAV_7;523;7010.236;7300.0;141.095;12.762;180.0;0.0
UAV_7;524;6997.44;7300.0;140.888;12.797;180.0;0.0
UAV_7;525;6984.654;7300.0;140.686;12.788;180.0;0.0
UAV_7;526;6971.919;7300.0;140.491;12.736;180.0;0.0
UAV_7;527;6959.279;7300.0;140.302;12.641;180.0;0.0
UAV_7;528;6946.777;7298.911;140.12;12.551;184.98;0.0
UAV_7;529;6934.455;7295.69;139.944;12.737;194.646;0.0
UAV_7;530;6922.355;7291.808;139.775;12.709;197.789;0.0
UAV_7;531;6910.518;7287.277;139.613;12.676;200.947;0.0
UAV_7;532;6898.983;7282.112;139.458;12.639;204.122;0.0
UAV_7;533;6887.791;7276.331;139.311;12.598;207.317;0.0
UAV_7;534;6876.978;7269.953;139.171;12.555;210.533;0.0
UAV_7;535;6866.581;7263.0;139.038;12.508;213.773;0.0
UAV_7;536;6856.635;7255.495;138.912;12.46;217.037;0.0
UAV_7;537;6847.175;7247.465;138.795;12.41;220.327;0.0
UAV_7;538;6838.232;7238.935;138.685;12.359;223.644;0.0
UAV_7;539;6829.836;7229.935;138.583;12.308;226.988;0.0
UAV_7;540;6822.016;7220.496;138.489;12.258;230.36;0.0
UAV_7;541;6814.799;7210.649;138.404;12.209;233.759;0.0
UAV_7;542;6808.207;7200.427;138.326;12.163;237.185;0.0
UAV_7;543;6802.265;7189.866;138.256;12.118;240.637;0.0
UAV_7;544;6796.992;7179.001;138.195;12.077;244.112;0.0
UAV_7;545;6792.406;7167.868;138.142;12.04;247.611;0.0
UAV_7;546;6788.522;7156.506;138.097;12.008;251.129;0.0
UAV_7;547;6785.354;7144.952;138.061;11.98;254.666;0.0
UAV_7;548;6782.912;7133.246;138.033;11.958;258.217;0.0
UAV_7;549;6781.205;7121.428;138.014;11.941;261.78;0.0
UAV_7;550;6780.238;7109.538;138.003;11.93;265.351;0.0
UAV_7;551;6780.015;7097.615;138.0;11.925;268.927;0.0
UAV_7;552;6780.536;7085.7;138.006;11.926;272.504;0.0
UAV_7;553;6781.8;7073.833;138.02;11.934;276.078;0.0
UAV_7;554;6783.801;7062.056;138.043;11.947;279.647;0.0
UAV_7;555;6786.535;7050.406;138.075;11.966;283.205;0.0
UAV_7;556;6789.991;7038.924;138.114;11.991;286.751;0.0
UAV_7;557;6794.157;7027.649;138.162;12.02;290.28;0.0
UAV_7;558;6799.02;7016.619;138.219;12.055;293.791;0.0
UAV_7;559;6804.563;7005.871;138.283;12.093;297.281;0.0
UAV_7;560;6810.767;6995.441;138.356;12.136;300.747;0.0
UAV_7;561;6817.612;6985.365;138.437;12.181;304.188;0.0
UAV_7;562;6825.073;6975.678;138.526;12.229;307.604;0.0
UAV_7;563;6833.127;6966.41;138.623;12.278;310.992;0.0
UAV_7;564;6841.745;6957.595;138.728;12.329;314.353;0.0
UAV_7;565;6850.899;6949.262;138.841;12.379;317.686;0.0
UAV_7;566;6860.557;6941.438;138.962;12.43;320.992;0.0
UAV_7;567;6870.687;6934.152;139.09;12.479;324.272;0.0
UAV_7;568;6881.255;6927.426;139.226;12.527;327.526;0.0
UAV_7;569;6892.224;6921.284;139.369;12.573;330.756;0.0
UAV_7;570;6903.558;6915.747;139.52;12.615;333.963;0.0
UAV_7;571;6915.219;6910.834;139.677;12.654;337.15;0.0
UAV_7;572;6927.166;6906.56;139.842;12.69;340.318;0.0
UAV_7;573;6939.36;6902.941;140.014;12.721;343.47;0.0
UAV_7;574;6951.759;6899.989;140.192;12.747;346.608;0.0
UAV_7;575;6964.321;6897.714;140.377;12.768;349.733;0.0
UAV_7;576;6977.004;6896.123;140.569;12.784;352.85;0.0
UAV_7;577;6989.764;6895.222;140.766;12.794;355.961;0.0
UAV_7;578;7002.56;6895.014;140.97;12.799;359.068;0.0
UAV_7;579;7015.346;6895.499;141.18;12.798;2.174;0.0
UAV_7;580;7028.081;6896.677;141.396;12.791;5.283;0.0
UAV_7;581;7040.721;6898.542;141.617;12.779;8.395;0.0
UAV_7;582;7053.223;6901.089;141.843;12.761;11.516;0.0
UAV_7;583;7065.545;6904.31;142.075;12.738;14.646;0.0
UAV_7;584;7077.645;6908.192;142.312;12.71;17.789;0.0
UAV_7;585;7089.482;6912.723;142.554;12.677;20.947;0.0
UAV_7;586;7101.017;6917.888;142.8;12.641;24.122;0.0
UAV_7;587;7112.209;6923.669;143.05;12.6;27.317;0.0
UAV_7;588;7123.022;6930.047;143.305;12.556;30.533;0.0
UAV_7;589;7133.419;6937.0;143.564;12.51;33.773;0.0
UAV_7;590;7143.365;6944.505;143.827;12.462;37.037;0.0
UAV_7;591;7150.0;6952.535;144.093;10.421;50.434;0.0
UAV_7;592;7150.0;6961.065;144.362;8.534;90.0;0.0
UAV_7;593;7150.0;6970.065;144.635;9.004;90.0;0.0
UAV_7;594;7150.0;6979.504;144.91;9.443;90.0;0.0
UAV_7;595;7150.0;6989.351;145.188;9.851;90.0;0.0
UAV_7;596;7150.0;6999.573;145.468;10.225;90.0;0.0
UAV_7;597;7150.0;7010.134;145.75;10.565;90.0;0.0
UAV_7;598;7150.0;7020.999;146.035;10.869;90.0;0.0
UAV_7;599;7150.0;7032.132;146.321;11.136;90.0;0.0
UAV_7;600;7150.0;7043.494;146.608;11.366;90.0;0.0
UAV_8;0;5150.0;5405.954;161.511;20.0;306.0;0.0
UAV_8;1;5150.0;5398.844;161.42;7.111;270.0;0.0
UAV_8;2;5150.0;5392.053;161.322;6.792;270.0;0.0
UAV_8;3;5150.0;5385.601;161.217;6.453;270.0;0.0
UAV_8;4;5150.0;5379.509;161.105;6.093;270.0;0.0
UAV_8;5;5152.477;5373.796;160.985;6.228;293.441;0.0
UAV_8;6;5163.324;5368.48;160.859;12.08;333.891;0.0
UAV_8;7;5174.6;5363.578;160.725;12.297;336.505;0.0
UAV_8;8;5186.272;5359.105;160.584;12.5;339.031;0.0
UAV_8;9;5198.301;5355.075;160.437;12.687;341.48;0.0
UAV_8;10;5210.65;5351.502;160.283;12.857;343.861;0.0
UAV_8;11;5223.28;5348.395;160.123;13.007;346.183;0.0
UAV_8;12;5236.151;5345.766;159.956;13.138;348.455;0.0
UAV_8;13;5249.224;5343.622;159.783;13.248;350.686;0.0
UAV_8;14;5262.456;5341.97;159.604;13.336;352.883;0.0
UAV_8;15;5275.806;5340.815;159.419;13.401;355.056;0.0
UAV_8;16;5289.232;5340.161;159.228;13.444;357.212;0.0
UAV_8;17;5302.693;5340.01;159.031;13.463;359.357;0.0
UAV_8;18;5316.145;5340.362;158.829;13.458;1.5;0.0
UAV_8;19;5329.546;5341.217;158.622;13.43;3.649;0.0
UAV_8;20;5342.854;5342.571;158.409;13.378;5.81;0.0
UAV_8;21;5356.027;5344.421;158.191;13.304;7.992;0.0
UAV_8;22;5369.024;5346.76;157.968;13.208;10.202;0.0
UAV_8;23;5381.804;5349.581;157.741;13.089;12.449;0.0
UAV_8;24;5394.326;5352.876;157.509;12.951;14.74;0.0
UAV_8;25;5406.552;5356.633;157.273;12.792;17.084;0.0
UAV_8;26;5418.442;5360.841;157.032;12.615;19.491;0.0
UAV_8;27;5429.96;5365.488;156.788;12.422;21.969;0.0
UAV_8;28;5441.068;5370.557;156.54;12.213;24.53;0.0
UAV_8;29;5451.733;5376.034;156.288;11.992;27.182;0.0
UAV_8;30;5461.921;5381.901;156.033;11.759;29.937;0.0
UAV_8;31;5471.599;5388.139;155.775;11.517;32.806;0.0
UAV_8;32;5480.737;5394.73;155.514;11.27;35.799;0.0
UAV_8;33;5489.307;5401.651;155.25;11.019;38.928;0.0
UAV_8;34;5497.28;5408.882;154.983;10.768;42.203;0.0
UAV_8;35;5504.634;5416.4;154.714;10.519;45.634;0.0
UAV_8;36;5511.343;5424.181;154.443;10.278;49.229;0.0
UAV_8;37;5517.387;5432.2;154.17;10.046;52.994;0.0
UAV_8;38;5522.748;5440.433;153.896;9.828;56.932;0.0
UAV_8;39;5527.407;5448.853;153.62;9.627;61.041;0.0
UAV_8;40;5531.351;5457.434;153.342;9.448;65.316;0.0
UAV_8;41;5534.567;5466.149;153.064;9.294;69.744;0.0
UAV_8;42;5537.045;5474.97;152.785;9.167;74.309;0.0
UAV_8;43;5538.777;5483.871;152.505;9.072;78.986;0.0
UAV_8;44;5539.758;5492.822;152.224;9.009;83.746;0.0
UAV_8;45;5539.985;5501.795;151.944;8.981;88.554;0.0
UAV_8;46;5539.456;5510.763;151.663;8.988;93.373;0.0
UAV_8;47;5538.174;5519.697;151.383;9.03;98.166;0.0
UAV_8;48;5536.143;5528.569;151.104;9.106;102.896;0.0
UAV_8;49;5533.369;5537.351;150.825;9.214;107.532;0.0
UAV_8;50;5529.86;5546.016;150.547;9.352;112.045;0.0
UAV_8;51;5525.628;5554.536;150.27;9.517;116.414;0.0
UAV_8;52;5520.687;5562.884;149.994;9.705;120.623;0.0
UAV_8;53;5515.051;5571.034;149.72;9.913;124.664;0.0
UAV_8;54;5508.738;5578.961;149.448;10.137;128.533;0.0
UAV_8;55;5501.768;5586.64;149.178;10.373;132.229;0.0
UAV_8;56;5494.164;5594.046;148.91;10.618;135.757;0.0
UAV_8;57;5485.949;5601.156;148.644;10.868;139.125;0.0
UAV_8;58;5477.149;5607.947;148.381;11.119;142.341;0.0
UAV_8;59;5467.791;5614.399;148.121;11.369;145.414;0.0
UAV_8;60;5457.905;5620.491;147.864;11.615;148.356;0.0
UAV_8;61;5447.523;5626.204;147.611;11.853;151.178;0.0
UAV_8;62;5436.676;5631.52;147.36;12.082;153.891;0.0
UAV_8;63;5425.4;5636.422;147.114;12.299;156.505;0.0
UAV_8;64;5413.728;5640.895;146.871;12.501;159.031;0.0
UAV_8;65;5401.699;5644.925;146.632;12.688;161.48;0.0
UAV_8;66;5389.35;5648.498;146.398;12.858;163.861;0.0
UAV_8;67;5376.72;5651.605;146.168;13.009;166.183;0.0
UAV_8;68;5363.849;5654.234;145.942;13.139;168.455;0.0
UAV_8;69;5350.776;5656.378;145.721;13.249;170.686;0.0
UAV_8;70;5337.544;5658.03;145.506;13.337;172.883;0.0
UAV_8;71;5324.194;5659.185;145.295;13.402;175.056;0.0
UAV_8;72;5310.768;5659.839;145.089;13.444;177.212;0.0
UAV_8;73;5297.307;5659.99;144.889;13.463;179.357;0.0
UAV_8;74;5283.855;5659.638;144.695;13.458;181.5;0.0
UAV_8;75;5270.454;5658.783;144.506;13.43;183.649;0.0
UAV_8;76;5257.146;5657.429;144.324;13.378;185.81;0.0
UAV_8;77;5243.973;5655.579;144.147;13.304;187.992;0.0
UAV_8;78;5230.976;5653.24;143.976;13.207;190.202;0.0
UAV_8;79;5218.196;5650.419;143.812;13.089;192.449;0.0
UAV_8;80;5205.674;5647.124;143.654;12.949;194.74;0.0
UAV_8;81;5193.448;5643.367;143.503;12.791;197.084;0.0
UAV_8;82;5181.558;5639.159;143.359;12.614;199.491;0.0
UAV_8;83;5170.04;5634.512;143.221;12.42;201.969;0.0
UAV_8;84;5158.932;5629.443;143.09;12.212;204.53;0.0
UAV_8;85;5150.0;5623.966;142.966;10.478;211.517;0.0
UAV_8;86;5150.0;5618.099;142.849;5.868;270.0;0.0
UAV_8;87;5150.0;5611.861;142.74;6.239;270.0;0.0
UAV_8;88;5150.0;5605.27;142.638;6.591;270.0;0.0
UAV_8;89;5150.0;5598.349;142.543;6.922;270.0;0.0
UAV_8;90;5150.0;5591.118;142.455;7.232;270.0;0.0
UAV_8;91;5150.0;5583.6;142.375;7.518;270.0;0.0
UAV_8;92;5150.0;5575.819;142.303;7.781;270.0;0.0
UAV_8;93;5150.0;5567.8;142.238;8.02;270.0;0.0
UAV_8;94;5150.0;5559.567;142.181;8.233;270.0;0.0
UAV_8;95;5150.0;5551.147;142.132;8.42;270.0;0.0
UAV_8;96;5150.0;5542.566;142.091;8.581;270.0;0.0
UAV_8;97;5150.0;5533.851;142.057;8.715;270.0;0.0
UAV_8;98;5150.0;5525.03;142.031;8.821;270.0;0.0
UAV_8;99;5150.0;5516.129;142.013;8.9;270.0;0.0
UAV_8;100;5150.0;5507.178;142.003;8.951;270.0;0.0
UAV_8;101;5150.0;5498.205;142.0;8.974;270.0;0.0
UAV_8;102;5150.0;5489.237;142.006;8.968;270.0;0.0
UAV_8;103;5150.0;5480.303;142.019;8.934;270.0;0.0
UAV_8;104;5150.0;5471.431;142.04;8.872;270.0;0.0
UAV_8;105;5150.0;5462.649;142.069;8.782;270.0;0.0
UAV_8;106;5150.0;5453.984;142.106;8.665;270.0;0.0
UAV_8;107;5150.0;5445.464;142.151;8.52;270.0;0.0
UAV_8;108;5150.0;5437.116;142.203;8.348;270.0;0.0
UAV_8;109;5150.0;5428.966;142.263;8.151;270.0;0.0
UAV_8;110;5150.0;5421.039;142.331;7.927;270.0;0.0
UAV_8;111;5150.0;5413.36;142.407;7.679;270.0;0.0
UAV_8;112;5150.0;5405.954;142.489;7.406;270.0;0.0
UAV_8;113;5150.0;5398.844;142.58;7.111;270.0;0.0
UAV_8;114;5150.0;5392.053;142.678;6.792;270.0;0.0
UAV_8;115;5150.0;5385.601;142.783;6.453;270.0;0.0
UAV_8;116;5150.0;5379.509;142.895;6.093;270.0;0.0
UAV_8;117;5152.477;5373.796;143.015;6.228;293.441;0.0
UAV_8;118;5163.324;5368.48;143.141;12.08;333.891;0.0
UAV_8;119;5174.6;5363.578;143.275;12.297;336.505;0.0
UAV_8;120;5186.272;5359.105;143.416;12.5;339.031;0.0
UAV_8;121;5198.301;5355.075;143.563;12.687;341.48;0.0
UAV_8;122;5210.65;5351.502;143.717;12.857;343.861;0.0
UAV_8;123;5223.28;5348.395;143.877;13.007;346.183;0.0
UAV_8;124;5236.151;5345.766;144.044;13.138;348.455;0.0
UAV_8;125;5249.224;5343.622;144.217;13.248;350.686;0.0
UAV_8;126;5262.456;5341.97;144.396;13.336;352.883;0.0
UAV_8;127;5275.806;5340.815;144.581;13.401;355.056;0.0
UAV_8;128;5289.232;5340.161;144.772;13.444;357.212;0.0
UAV_8;129;5302.693;5340.01;144.969;13.463;359.357;0.0
UAV_8;130;5316.145;5340.362;145.171;13.458;1.5;0.0
UAV_8;131;5329.546;5341.217;145.378;13.43;3.649;0.0
UAV_8;132;5342.854;5342.571;145.591;13.378;5.81;0.0
UAV_8;133;5356.027;5344.421;145.809;13.304;7.992;0.0
UAV_8;134;5369.024;5346.76;146.032;13.208;10.202;0.0
UAV_8;135;5381.804;5349.581;146.259;13.089;12.449;0.0
UAV_8;136;5394.326;5352.876;146.491;12.951;14.74;0.0
UAV_8;137;5406.552;5356.633;146.727;12.792;17.084;0.0
UAV_8;138;5418.442;5360.841;146.968;12.615;19.491;0.0
UAV_8;139;5429.96;5365.488;147.212;12.422;21.969;0.0
UAV_8;140;5441.068;5370.557;147.46;12.213;24.53;0.0
UAV_8;141;5451.733;5376.034;147.712;11.992;27.182;0.0
UAV_8;142;5461.921;5381.901;147.967;11.759;29.937;0.0
UAV_8;143;5471.599;5388.139;148.225;11.517;32.806;0.0
UAV_8;144;5480.737;5394.73;148.486;11.27;35.799;0.0
UAV_8;145;5489.307;5401.651;148.75;11.019;38.928;0.0
UAV_8;146;5497.28;5408.882;149.017;10.768;42.203;0.0
UAV_8;147;5504.634;5416.4;149.286;10.519;45.634;0.0
UAV_8;148;5511.343;5424.181;149.557;10.278;49.229;0.0
UAV_8;149;5517.387;5432.2;149.83;10.046;52.994;0.0
UAV_8;150;5522.748;5440.433;150.104;9.828;56.932;0.0
UAV_8;151;5527.407;5448.853;150.38;9.627;61.041;0.0
UAV_8;152;5531.351;5457.434;150.658;9.448;65.316;0.0
UAV_8;153;5534.567;5466.149;150.936;9.294;69.744;0.0
UAV_8;154;5537.045;5474.97;151.215;9.167;74.309;0.0
UAV_8;155;5538.777;5483.871;151.495;9.072;78.986;0.0
UAV_8;156;5539.758;5492.822;151.776;9.009;83.746;0.0
UAV_8;157;5539.985;5501.795;152.056;8.981;88.554;0.0
UAV_8;158;5539.456;5510.763;152.337;8.988;93.373;0.0
UAV_8;159;5538.174;5519.697;152.617;9.03;98.166;0.0
UAV_8;160;5536.143;5528.569;152.896;9.106;102.896;0.0
UAV_8;161;5533.369;5537.351;153.175;9.214;107.532;0.0
UAV_8;162;5529.86;5546.016;153.453;9.352;112.045;0.0
UAV_8;163;5525.628;5554.536;153.73;9.517;116.414;0.0
UAV_8;164;5520.687;5562.884;154.006;9.705;120.623;0.0
UAV_8;165;5515.051;5571.034;154.28;9.913;124.664;0.0
UAV_8;166;5508.738;5578.961;154.552;10.137;128.533;0.0
UAV_8;167;5501.768;5586.64;154.822;10.373;132.229;0.0
UAV_8;168;5494.164;5594.046;155.09;10.618;135.757;0.0
UAV_8;169;5485.949;5601.156;155.356;10.868;139.125;0.0
UAV_8;170;5477.149;5607.947;155.619;11.119;142.341;0.0
UAV_8;171;5467.791;5614.399;155.879;11.369;145.414;0.0
UAV_8;172;5457.905;5620.491;156.136;11.615;148.356;0.0
UAV_8;173;5447.523;5626.204;156.389;11.853;151.178;0.0
UAV_8;174;5436.676;5631.52;156.64;12.082;153.891;0.0
UAV_8;175;5425.4;5636.422;156.886;12.299;156.505;0.0
UAV_8;176;5413.728;5640.895;157.129;12.501;159.031;0.0
UAV_8;177;5401.699;5644.925;157.368;12.688;161.48;0.0
UAV_8;178;5389.35;5648.498;157.602;12.858;163.861;0.0
UAV_8;179;5376.72;5651.605;157.832;13.009;166.183;0.0
UAV_8;180;5363.849;5654.234;158.058;13.139;168.455;0.0
UAV_8;181;5350.776;5656.378;158.279;13.249;170.686;0.0
UAV_8;182;5337.544;5658.03;158.494;13.337;172.883;0.0
UAV_8;183;5324.194;5659.185;158.705;13.402;175.056;0.0
UAV_8;184;5310.768;5659.839;158.911;13.444;177.212;0.0
UAV_8;185;5297.307;5659.99;159.111;13.463;179.357;0.0
UAV_8;186;5283.855;5659.638;159.305;13.458;181.5;0.0
UAV_8;187;5270.454;5658.783;159.494;13.43;183.649;0.0
UAV_8;188;5257.146;5657.429;159.676;13.378;185.81;0.0
UAV_8;189;5243.973;5655.579;159.853;13.304;187.992;0.0
UAV_8;190;5230.976;5653.24;160.024;13.207;190.202;0.0
UAV_8;191;5218.196;5650.419;160.188;13.089;192.449;0.0
UAV_8;192;5205.674;5647.124;160.346;12.949;194.74;0.0
UAV_8;193;5193.448;5643.367;160.497;12.791;197.084;0.0
UAV_8;194;5181.558;5639.159;160.641;12.614;199.491;0.0
UAV_8;195;5170.04;5634.512;160.779;12.42;201.969;0.0
UAV_8;196;5158.932;5629.443;160.91;12.212;204.53;0.0
UAV_8;197;5150.0;5623.966;161.034;10.478;211.517;0.0
UAV_8;198;5150.0;5618.099;161.151;5.868;270.0;0.0
UAV_8;199;5150.0;5611.861;161.26;6.239;270.0;0.0
UAV_8;200;5150.0;5605.27;161.362;6.591;270.0;0.0
UAV_8;201;5150.0;5598.349;161.457;6.922;270.0;0.0
UAV_8;202;5150.0;5591.118;161.545;7.232;270.0;0.0
UAV_8;203;5150.0;5583.6;161.625;7.518;270.0;0.0
UAV_8;204;5150.0;5575.819;161.697;7.781;270.0;0.0
UAV_8;205;5150.0;5567.8;161.762;8.02;270.0;0.0
UAV_8;206;5150.0;5559.567;161.819;8.233;270.0;0.0
UAV_8;207;5150.0;5551.147;161.868;8.42;270.0;0.0
UAV_8;208;5150.0;5542.566;161.909;8.581;270.0;0.0
UAV_8;209;5150.0;5533.851;161.943;8.715;270.0;0.0
UAV_8;210;5150.0;5525.03;161.969;8.821;270.0;0.0
UAV_8;211;5150.0;5516.129;161.987;8.9;270.0;0.0
UAV_8;212;5150.0;5507.178;161.997;8.951;270.0;0.0
UAV_8;213;5150.0;5498.205;162.0;8.974;270.0;0.0
UAV_8;214;5150.0;5489.237;161.994;8.968;270.0;0.0
UAV_8;215;5150.0;5480.303;161.981;8.934;270.0;0.0
UAV_8;216;5150.0;5471.431;161.96;8.872;270.0;0.0
UAV_8;217;5150.0;5462.649;161.931;8.782;270.0;0.0
UAV_8;218;5150.0;5453.984;161.894;8.665;270.0;0.0
UAV_8;219;5150.0;5445.464;161.849;8.52;270.0;0.0
UAV_8;220;5150.0;5437.116;161.797;8.348;270.0;0.0
UAV_8;221;5150.0;5428.966;161.737;8.151;270.0;0.0
UAV_8;222;5150.0;5421.039;161.669;7.927;270.0;0.0
UAV_8;223;5150.0;5413.36;161.593;7.679;270.0;0.0
UAV_8;224;5150.0;5405.954;161.511;7.406;270.0;0.0
UAV_8;225;5150.0;5398.844;161.42;7.111;270.0;0.0
UAV_8;226;5150.0;5392.053;161.322;6.792;270.0;0.0
UAV_8;227;5150.0;5385.601;161.217;6.453;270.0;0.0
UAV_8;228;5150.0;5379.509;161.105;6.093;270.0;0.0
UAV_8;229;5152.477;5373.796;160.985;6.228;293.441;0.0
UAV_8;230;5163.324;5368.48;160.859;12.08;333.891;0.0
UAV_8;231;5174.6;5363.578;160.725;12.297;336.505;0.0
UAV_8;232;5186.272;5359.105;160.584;12.5;339.031;0.0
UAV_8;233;5198.301;5355.075;160.437;12.687;341.48;0.0
UAV_8;234;5210.65;5351.502;160.283;12.857;343.861;0.0
UAV_8;235;5223.28;5348.395;160.123;13.007;346.183;0.0
UAV_8;236;5236.151;5345.766;159.956;13.138;348.455;0.0
UAV_8;237;5249.224;5343.622;159.783;13.248;350.686;0.0
UAV_8;238;5262.456;5341.97;159.604;13.336;352.883;0.0
UAV_8;239;5275.806;5340.815;159.419;13.401;355.056;0.0
UAV_8;240;5289.232;5340.161;159.228;13.444;357.212;0.0
UAV_8;241;5302.693;5340.01;159.031;13.463;359.357;0.0
UAV_8;242;5316.145;5340.362;158.829;13.458;1.5;0.0
UAV_8;243;5329.546;5341.217;158.622;13.43;3.649;0.0
UAV_8;244;5342.854;5342.571;158.409;13.378;5.81;0.0
UAV_8;245;5356.027;5344.421;158.191;13.304;7.992;0.0
UAV_8;246;5369.024;5346.76;157.968;13.208;10.202;0.0
UAV_8;247;5381.804;5349.581;157.741;13.089;12.449;0.0
UAV_8;248;5394.326;5352.876;157.509;12.951;14.74;0.0
UAV_8;249;5406.552;5356.633;157.273;12.792;17.084;0.0
UAV_8;250;5418.442;5360.841;157.032;12.615;19.491;0.0
UAV_8;251;5429.96;5365.488;156.788;12.422;21.969;0.0
UAV_8;252;5441.068;5370.557;156.54;12.213;24.53;0.0
UAV_8;253;5451.733;5376.034;156.288;11.992;27.182;0.0
UAV_8;254;5461.921;5381.901;156.033;11.759;29.937;0.0
UAV_8;255;5471.599;5388.139;155.775;11.517;32.806;0.0
UAV_8;256;5480.737;5394.73;155.514;11.27;35.799;0.0
UAV_8;257;5489.307;5401.651;155.25;11.019;38.928;0.0
UAV_8;258;5497.28;5408.882;154.983;10.768;42.203;0.0
UAV_8;259;5504.634;5416.4;154.714;10.519;45.634;0.0
UAV_8;260;5511.343;5424.181;154.443;10.278;49.229;0.0
UAV_8;261;5517.387;5432.2;154.17;10.046;52.994;0.0
UAV_8;262;5522.748;5440.433;153.896;9.828;56.932;0.0
UAV_8;263;5527.407;5448.853;153.62;9.627;61.041;0.0
UAV_8;264;5531.351;5457.434;153.342;9.448;65.316;0.0
UAV_8;265;5534.567;5466.149;153.064;9.294;69.744;0.0
UAV_8;266;5537.045;5474.97;152.785;9.167;74.309;0.0
UAV_8;267;5538.777;5483.871;152.505;9.072;78.986;0.0
UAV_8;268;5539.758;5492.822;152.224;9.009;83.746;0.0
UAV_8;269;5539.985;5501.795;151.944;8.981;88.554;0.0
UAV_8;270;5539.456;5510.763;151.663;8.988;93.373;0.0
UAV_8;271;5538.174;5519.697;151.383;9.03;98.166;0.0
UAV_8;272;5536.143;5528.569;151.104;9.106;102.896;0.0
UAV_8;273;5533.369;5537.351;150.825;9.214;107.532;0.0
UAV_8;274;5529.86;5546.016;150.547;9.352;112.045;0.0
UAV_8;275;5525.628;5554.536;150.27;9.517;116.414;0.0
UAV_8;276;5520.687;5562.884;149.994;9.705;120.623;0.0
UAV_8;277;5515.051;5571.034;149.72;9.913;124.664;0.0
UAV_8;278;5508.738;5578.961;149.448;10.137;128.533;0.0
UAV_8;279;5501.768;5586.64;149.178;10.373;132.229;0.0
UAV_8;280;5494.164;5594.046;148.91;10.618;135.757;0.0
UAV_8;281;5485.949;5601.156;148.644;10.868;139.125;0.0
UAV_8;282;5477.149;5607.947;148.381;11.119;142.341;0.0
UAV_8;283;5467.791;5614.399;148.121;11.369;145.414;0.0
UAV_8;284;5457.905;5620.491;147.864;11.615;148.356;0.0
UAV_8;285;5447.523;5626.204;147.611;11.853;151.178;0.0
UAV_8;286;5436.676;5631.52;147.36;12.082;153.891;0.0
UAV_8;287;5425.4;5636.422;147.114;12.299;156.505;0.0
UAV_8;288;5413.728;5640.895;146.871;12.501;159.031;0.0
UAV_8;289;5401.699;5644.925;146.632;12.688;161.48;0.0
UAV_8;290;5389.35;5648.498;146.398;12.858;163.861;0.0
UAV_8;291;5376.72;5651.605;146.168;13.009;166.183;0.0
UAV_8;292;5363.849;5654.234;145.942;13.139;168.455;0.0
UAV_8;293;5350.776;5656.378;145.721;13.249;170.686;0.0
UAV_8;294;5337.544;5658.03;145.506;13.337;172.883;0.0
UAV_8;295;5324.194;5659.185;145.295;13.402;175.056;0.0
UAV_8;296;5310.768;5659.839;145.089;13.444;177.212;0.0
UAV_8;297;5297.307;5659.99;144.889;13.463;179.357;0.0
UAV_8;298;5283.855;5659.638;144.695;13.458;181.5;0.0
UAV_8;299;5270.454;5658.783;144.506;13.43;183.649;0.0
UAV_8;300;5257.146;5657.429;144.324;13.378;185.81;0.0
UAV_8;301;5243.973;5655.579;144.147;13.304;187.992;0.0
UAV_8;302;5230.976;5653.24;143.976;13.207;190.202;0.0
UAV_8;303;5218.196;5650.419;143.812;13.089;192.449;0.0
UAV_8;304;5205.674;5647.124;143.654;12.949;194.74;0.0
UAV_8;305;5193.448;5643.367;143.503;12.791;197.084;0.0
UAV_8;306;5181.558;5639.159;143.359;12.614;199.491;0.0
UAV_8;307;5170.04;5634.512;143.221;12.42;201.969;0.0
UAV_8;308;5158.932;5629.443;143.09;12.212;204.53;0.0
UAV_8;309;5150.0;5623.966;142.966;10.478;211.517;0.0
UAV_8;310;5150.0;5618.099;142.849;5.868;270.0;0.0
UAV_8;311;5150.0;5611.861;142.74;6.239;270.0;0.0
UAV_8;312;5150.0;5605.27;142.638;6.591;270.0;0.0
UAV_8;313;5150.0;5598.349;142.543;6.922;270.0;0.0
UAV_8;314;5150.0;5591.118;142.455;7.232;270.0;0.0
UAV_8;315;5150.0;5583.6;142.375;7.518;270.0;0.0
UAV_8;316;5150.0;5575.819;142.303;7.781;270.0;0.0
UAV_8;317;5150.0;5567.8;142.238;8.02;270.0;0.0
UAV_8;318;5150.0;5559.567;142.181;8.233;270.0;0.0
UAV_8;319;5150.0;5551.147;142.132;8.42;270.0;0.0
UAV_8;320;5150.0;5542.566;142.091;8.581;270.0;0.0
UAV_8;321;5150.0;5533.851;142.057;8.715;270.0;0.0
UAV_8;322;5150.0;5525.03;142.031;8.821;270.0;0.0
UAV_8;323;5150.0;5516.129;142.013;8.9;270.0;0.0
UAV_8;324;5150.0;5507.178;142.003;8.951;270.0;0.0
UAV_8;325;5150.0;5498.205;142.0;8.974;270.0;0.0
UAV_8;326;5150.0;5489.237;142.006;8.968;270.0;0.0
UAV_8;327;5150.0;5480.303;142.019;8.934;270.0;0.0
UAV_8;328;5150.0;5471.431;142.04;8.872;270.0;0.0
UAV_8;329;5150.0;5462.649;142.069;8.782;270.0;0.0
UAV_8;330;5150.0;5453.984;142.106;8.665;270.0;0.0
UAV_8;331;5150.0;5445.464;142.151;8.52;270.0;0.0
UAV_8;332;5150.0;5437.116;142.203;8.348;270.0;0.0
UAV_8;333;5150.0;5428.966;142.263;8.151;270.0;0.0
UAV_8;334;5150.0;5421.039;142.331;7.927;270.0;0.0
UAV_8;335;5150.0;5413.36;142.407;7.679;270.0;0.0
UAV_8;336;5150.0;5405.954;142.489;7.406;270.0;0.0
UAV_8;337;5150.0;5398.844;142.58;7.111;270.0;0.0
UAV_8;338;5150.0;5392.053;142.678;6.792;270.0;0.0
UAV_8;339;5150.0;5385.601;142.783;6.453;270.0;0.0
UAV_8;340;5150.0;5379.509;142.895;6.093;270.0;0.0
UAV_8;341;5152.477;5373.796;143.015;6.228;293.441;0.0
UAV_8;342;5163.324;5368.48;143.141;12.08;333.891;0.0
UAV_8;343;5174.6;5363.578;143.275;12.297;336.505;0.0
UAV_8;344;5186.272;5359.105;143.416;12.5;339.031;0.0
UAV_8;345;5198.301;5355.075;143.563;12.687;341.48;0.0
UAV_8;346;5210.65;5351.502;143.717;12.857;343.861;0.0
UAV_8;347;5223.28;5348.395;143.877;13.007;346.183;0.0
UAV_8;348;5236.151;5345.766;144.044;13.138;348.455;0.0
UAV_8;349;5249.224;5343.622;144.217;13.248;350.686;0.0
UAV_8;350;5262.456;5341.97;144.396;13.336;352.883;0.0
UAV_8;351;5275.806;5340.815;144.581;13.401;355.056;0.0
UAV_8;352;5289.232;5340.161;144.772;13.444;357.212;0.0
UAV_8;353;5302.693;5340.01;144.969;13.463;359.357;0.0
UAV_8;354;5316.145;5340.362;145.171;13.458;1.5;0.0
UAV_8;355;5329.546;5341.217;145.378;13.43;3.649;0.0
UAV_8;356;5342.854;5342.571;145.591;13.378;5.81;0.0
UAV_8;357;5356.027;5344.421;145.809;13.304;7.992;0.0
UAV_8;358;5369.024;5346.76;146.032;13.208;10.202;0.0
UAV_8;359;5381.804;5349.581;146.259;13.089;12.449;0.0
UAV_8;360;5394.326;5352.876;146.491;12.951;14.74;0.0
UAV_8;361;5406.552;5356.633;146.727;12.792;17.084;0.0
UAV_8;362;5418.442;5360.841;146.968;12.615;19.491;0.0
UAV_8;363;5429.96;5365.488;147.212;12.422;21.969;0.0
UAV_8;364;5441.068;5370.557;147.46;12.213;24.53;0.0
UAV_8;365;5451.733;5376.034;147.712;11.992;27.182;0.0
UAV_8;366;5461.921;5381.901;147.967;11.759;29.937;0.0
UAV_8;367;5471.599;5388.139;148.225;11.517;32.806;0.0
UAV_8;368;5480.737;5394.73;148.486;11.27;35.799;0.0
UAV_8;369;5489.307;5401.651;148.75;11.019;38.928;0.0
UAV_8;370;5497.28;5408.882;149.017;10.768;42.203;0.0
UAV_8;371;5504.634;5416.4;149.286;10.519;45.634;0.0
UAV_8;372;5511.343;5424.181;149.557;10.278;49.229;0.0
UAV_8;373;5517.387;5432.2;149.83;10.046;52.994;0.0
UAV_8;374;5522.748;5440.433;150.104;9.828;56.932;0.0
UAV_8;375;5527.407;5448.853;150.38;9.627;61.041;0.0
UAV_8;376;5531.351;5457.434;150.658;9.448;65.316;0.0
UAV_8;377;5534.567;5466.149;150.936;9.294;69.744;0.0
UAV_8;378;5537.045;5474.97;151.215;9.167;74.309;0.0
UAV_8;379;5538.777;5483.871;151.495;9.072;78.986;0.0
UAV_8;380;5539.758;5492.822;151.776;9.009;83.746;0.0
UAV_8;381;5539.985;5501.795;152.056;8.981;88.554;0.0
UAV_8;382;5539.456;5510.763;152.337;8.988;93.373;0.0
UAV_8;383;5538.174;5519.697;152.617;9.03;98.166;0.0
UAV_8;384;5536.143;5528.569;152.896;9.106;102.896;0.0
UAV_8;385;5533.369;5537.351;153.175;9.214;107.532;0.0
UAV_8;386;5529.86;5546.016;153.453;9.352;112.045;0.0
UAV_8;387;5525.628;5554.536;153.73;9.517;116.414;0.0
UAV_8;388;5520.687;5562.884;154.006;9.705;120.623;0.0
UAV_8;389;5515.051;5571.034;154.28;9.913;124.664;0.0
UAV_8;390;5508.738;5578.961;154.552;10.137;128.533;0.0
UAV_8;391;5501.768;5586.64;154.822;10.373;132.229;0.0
UAV_8;392;5494.164;5594.046;155.09;10.618;135.757;0.0
UAV_8;393;5485.949;5601.156;155.356;10.868;139.125;0.0
UAV_8;394;5477.149;5607.947;155.619;11.119;142.341;0.0
UAV_8;395;5467.791;5614.399;155.879;11.369;145.414;0.0
UAV_8;396;5457.905;5620.491;156.136;11.615;148.356;0.0
UAV_8;397;5447.523;5626.204;156.389;11.853;151.178;0.0
UAV_8;398;5436.676;5631.52;156.64;12.082;153.891;0.0
UAV_8;399;5425.4;5636.422;156.886;12.299;156.505;0.0
UAV_8;400;5413.728;5640.895;157.129;12.501;159.031;0.0
UAV_8;401;5401.699;5644.925;157.368;12.688;161.48;0.0
UAV_8;402;5389.35;5648.498;157.602;12.858;163.861;0.0
UAV_8;403;5376.72;5651.605;157.832;13.009;166.183;0.0
UAV_8;404;5363.849;5654.234;158.058;13.139;168.455;0.0
UAV_8;405;5350.776;5656.378;158.279;13.249;170.686;0.0
UAV_8;406;5337.544;5658.03;158.494;13.337;172.883;0.0
UAV_8;407;5324.194;5659.185;158.705;13.402;175.056;0.0
UAV_8;408;5310.768;5659.839;158.911;13.444;177.212;0.0
UAV_8;409;5297.307;5659.99;159.111;13.463;179.357;0.0
UAV_8;410;5283.855;5659.638;159.305;13.458;181.5;0.0
UAV_8;411;5270.454;5658.783;159.494;13.43;183.649;0.0
UAV_8;412;5257.146;5657.429;159.676;13.378;185.81;0.0
UAV_8;413;5243.973;5655.579;159.853;13.304;187.992;0.0
UAV_8;414;5230.976;5653.24;160.024;13.207;190.202;0.0
UAV_8;415;5218.196;5650.419;160.188;13.089;192.449;0.0
UAV_8;416;5205.674;5647.124;160.346;12.949;194.74;0.0
UAV_8;417;5193.448;5643.367;160.497;12.791;197.084;0.0
UAV_8;418;5181.558;5639.159;160.641;12.614;199.491;0.0
UAV_8;419;5170.04;5634.512;160.779;12.42;201.969;0.0
UAV_8;420;5158.932;5629.443;160.91;12.212;204.53;0.0
UAV_8;421;5150.0;5623.966;161.034;10.478;211.517;0.0
UAV_8;422;5150.0;5618.099;161.151;5.868;270.0;0.0
UAV_8;423;5150.0;5611.861;161.26;6.239;270.0;0.0
UAV_8;424;5150.0;5605.27;161.362;6.591;270.0;0.0
UAV_8;425;5150.0;5598.349;161.457;6.922;270.0;0.0
UAV_8;426;5150.0;5591.118;161.545;7.232;270.0;0.0
UAV_8;427;5150.0;5583.6;161.625;7.518;270.0;0.0
UAV_8;428;5150.0;5575.819;161.697;7.781;270.0;0.0
UAV_8;429;5150.0;5567.8;161.762;8.02;270.0;0.0
UAV_8;430;5150.0;5559.567;161.819;8.233;270.0;0.0
UAV_8;431;5150.0;5551.147;161.868;8.42;270.0;0.0
UAV_8;432;5150.0;5542.566;161.909;8.581;270.0;0.0
UAV_8;433;5150.0;5533.851;161.943;8.715;270.0;0.0
UAV_8;434;5150.0;5525.03;161.969;8.821;270.0;0.0
UAV_8;435;5150.0;5516.129;161.987;8.9;270.0;0.0
UAV_8;436;5150.0;5507.178;161.997;8.951;270.0;0.0
UAV_8;437;5150.0;5498.205;162.0;8.974;270.0;0.0
UAV_8;438;5150.0;5489.237;161.994;8.968;270.0;0.0
UAV_8;439;5150.0;5480.303;161.981;8.934;270.0;0.0
UAV_8;440;5150.0;5471.431;161.96;8.872;270.0;0.0
UAV_8;441;5150.0;5462.649;161.931;8.782;270.0;0.0
UAV_8;442;5150.0;5453.984;161.894;8.665;270.0;0.0
UAV_8;443;5150.0;5445.464;161.849;8.52;270.0;0.0
UAV_8;444;5150.0;5437.116;161.797;8.348;270.0;0.0
UAV_8;445;5150.0;5428.966;161.737;8.151;270.0;0.0
UAV_8;446;5150.0;5421.039;161.669;7.927;270.0;0.0
UAV_8;447;5150.0;5413.36;161.593;7.679;270.0;0.0
UAV_8;448;5150.0;5405.954;161.511;7.406;270.0;0.0
UAV_8;449;5150.0;5398.844;161.42;7.111;270.0;0.0
UAV_8;450;5150.0;5392.053;161.322;6.792;270.0;0.0
UAV_8;451;5150.0;5385.601;161.217;6.453;270.0;0.0
UAV_8;452;5150.0;5379.509;161.105;6.093;270.0;0.0
UAV_8;453;5152.477;5373.796;160.985;6.228;293.441;0.0
UAV_8;454;5163.324;5368.48;160.859;12.08;333.891;0.0
UAV_8;455;5174.6;5363.578;160.725;12.297;336.505;0.0
UAV_8;456;5186.272;5359.105;160.584;12.5;339.031;0.0
UAV_8;457;5198.301;5355.075;160.437;12.687;341.48;0.0
UAV_8;458;5210.65;5351.502;160.283;12.857;343.861;0.0
UAV_8;459;5223.28;5348.395;160.123;13.007;346.183;0.0
UAV_8;460;5236.151;5345.766;159.956;13.138;348.455;0.0
UAV_8;461;5249.224;5343.622;159.783;13.248;350.686;0.0
UAV_8;462;5262.456;5341.97;159.604;13.336;352.883;0.0
UAV_8;463;5275.806;5340.815;159.419;13.401;355.056;0.0
UAV_8;464;5289.232;5340.161;159.228;13.444;357.212;0.0
UAV_8;465;5302.693;5340.01;159.031;13.463;359.357;0.0
UAV_8;466;5316.145;5340.362;158.829;13.458;1.5;0.0
UAV_8;467;5329.546;5341.217;158.622;13.43;3.649;0.0
UAV_8;468;5342.854;5342.571;158.409;13.378;5.81;0.0
UAV_8;469;5356.027;5344.421;158.191;13.304;7.992;0.0
UAV_8;470;5369.024;5346.76;157.968;13.208;10.202;0.0
UAV_8;471;5381.804;5349.581;157.741;13.089;12.449;0.0
UAV_8;472;5394.326;5352.876;157.509;12.951;14.74;0.0
UAV_8;473;5406.552;5356.633;157.273;12.792;17.084;0.0
UAV_8;474;5418.442;5360.841;157.032;12.615;19.491;0.0
UAV_8;475;5429.96;5365.488;156.788;12.422;21.969;0.0
UAV_8;476;5441.068;5370.557;156.54;12.213;24.53;0.0
UAV_8;477;5451.733;5376.034;156.288;11.992;27.182;0.0
UAV_8;478;5461.921;5381.901;156.033;11.759;29.937;0.0
UAV_8;479;5471.599;5388.139;155.775;11.517;32.806;0.0
UAV_8;480;5480.737;5394.73;155.514;11.27;35.799;0.0
UAV_8;481;5489.307;5401.651;155.25;11.019;38.928;0.0
UAV_8;482;5497.28;5408.882;154.983;10.768;42.203;0.0
UAV_8;483;5504.634;5416.4;154.714;10.519;45.634;0.0
UAV_8;484;5511.343;5424.181;154.443;10.278;49.229;0.0
UAV_8;485;5517.387;5432.2;154.17;10.046;52.994;0.0
UAV_8;486;5522.748;5440.433;153.896;9.828;56.932;0.0
UAV_8;487;5527.407;5448.853;153.62;9.627;61.041;0.0
UAV_8;488;5531.351;5457.434;153.342;9.448;65.316;0.0
UAV_8;489;5534.567;5466.149;153.064;9.294;69.744;0.0
UAV_8;490;5537.045;5474.97;152.785;9.167;74.309;0.0
UAV_8;491;5538.777;5483.871;152.505;9.072;78.986;0.0
UAV_8;492;5539.758;5492.822;152.224;9.009;83.746;0.0
UAV_8;493;5539.985;5501.795;151.944;8.981;88.554;0.0
UAV_8;494;5539.456;5510.763;151.663;8.988;93.373;0.0
UAV_8;495;5538.174;5519.697;151.383;9.03;98.166;0.0
UAV_8;496;5536.143;5528.569;151.104;9.106;102.896;0.0
UAV_8;497;5533.369;5537.351;150.825;9.214;107.532;0.0
UAV_8;498;5529.86;5546.016;150.547;9.352;112.045;0.0
UAV_8;499;5525.628;5554.536;150.27;9.517;116.414;0.0
UAV_8;500;5520.687;5562.884;149.994;9.705;120.623;0.0
UAV_8;501;5515.051;5571.034;149.72;9.913;124.664;0.0
UAV_8;502;5508.738;5578.961;149.448;10.137;128.533;0.0
UAV_8;503;5501.768;5586.64;149.178;10.373;132.229;0.0
UAV_8;504;5494.164;5594.046;148.91;10.618;135.757;0.0
UAV_8;505;5485.949;5601.156;148.644;10.868;139.125;0.0
UAV_8;506;5477.149;5607.947;148.381;11.119;142.341;0.0
UAV_8;507;5467.791;5614.399;148.121;11.369;145.414;0.0
UAV_8;508;5457.905;5620.491;147.864;11.615;148.356;0.0
UAV_8;509;5447.523;5626.204;147.611;11.853;151.178;0.0
UAV_8;510;5436.676;5631.52;147.36;12.082;153.891;0.0
UAV_8;511;5425.4;5636.422;147.114;12.299;156.505;0.0
UAV_8;512;5413.728;5640.895;146.871;12.501;159.031;0.0
UAV_8;513;5401.699;5644.925;146.632;12.688;161.48;0.0
UAV_8;514;5389.35;5648.498;146.398;12.858;163.861;0.0
UAV_8;515;5376.72;5651.605;146.168;13.009;166.183;0.0
UAV_8;516;5363.849;5654.234;145.942;13.139;168.455;0.0
UAV_8;517;5350.776;5656.378;145.721;13.249;170.686;0.0
UAV_8;518;5337.544;5658.03;145.506;13.337;172.883;0.0
UAV_8;519;5324.194;5659.185;145.295;13.402;175.056;0.0
UAV_8;520;5310.768;5659.839;145.089;13.444;177.212;0.0
UAV_8;521;5297.307;5659.99;144.889;13.463;179.357;0.0
UAV_8;522;5283.855;5659.638;144.695;13.458;181.5;0.0
UAV_8;523;5270.454;5658.783;144.506;13.43;183.649;0.0
UAV_8;524;5257.146;5657.429;144.324;13.378;185.81;0.0
UAV_8;525;5243.973;5655.579;144.147;13.304;187.992;0.0
UAV_8;526;5230.976;5653.24;143.976;13.207;190.202;0.0
UAV_8;527;5218.196;5650.419;143.812;13.089;192.449;0.0
UAV_8;528;5205.674;5647.124;143.654;12.949;194.74;0.0
UAV_8;529;5193.448;5643.367;143.503;12.791;197.084;0.0
UAV_8;530;5181.558;5639.159;143.359;12.614;199.491;0.0
UAV_8;531;5170.04;5634.512;143.221;12.42;201.969;0.0
UAV_8;532;5158.932;5629.443;143.09;12.212;204.53;0.0
UAV_8;533;5150.0;5623.966;142.966;10.478;211.517;0.0
UAV_8;534;5150.0;5618.099;142.849;5.868;270.0;0.0
UAV_8;535;5150.0;5611.861;142.74;6.239;270.0;0.0
UAV_8;536;5150.0;5605.27;142.638;6.591;270.0;0.0
UAV_8;537;5150.0;5598.349;142.543;6.922;270.0;0.0
UAV_8;538;5150.0;5591.118;142.455;7.232;270.0;0.0
UAV_8;539;5150.0;5583.6;142.375;7.518;270.0;0.0
UAV_8;540;5150.0;5575.819;142.303;7.781;270.0;0.0
UAV_8;541;5150.0;5567.8;142.238;8.02;270.0;0.0
UAV_8;542;5150.0;5559.567;142.181;8.233;270.0;0.0
UAV_8;543;5150.0;5551.147;142.132;8.42;270.0;0.0
UAV_8;544;5150.0;5542.566;142.091;8.581;270.0;0.0
UAV_8;545;5150.0;5533.851;142.057;8.715;270.0;0.0
UAV_8;546;5150.0;5525.03;142.031;8.821;270.0;0.0
UAV_8;547;5150.0;5516.129;142.013;8.9;270.0;0.0
UAV_8;548;5150.0;5507.178;142.003;8.951;270.0;0.0
UAV_8;549;5150.0;5498.205;142.0;8.974;270.0;0.0
UAV_8;550;5150.0;5489.237;142.006;8.968;270.0;0.0
UAV_8;551;5150.0;5480.303;142.019;8.934;270.0;0.0
UAV_8;552;5150.0;5471.431;142.04;8.872;270.0;0.0
UAV_8;553;5150.0;5462.649;142.069;8.782;270.0;0.0
UAV_8;554;5150.0;5453.984;142.106;8.665;270.0;0.0
UAV_8;555;5150.0;5445.464;142.151;8.52;270.0;0.0
UAV_8;556;5150.0;5437.116;142.203;8.348;270.0;0.0
UAV_8;557;5150.0;5428.966;142.263;8.151;270.0;0.0
UAV_8;558;5150.0;5421.039;142.331;7.927;270.0;0.0
UAV_8;559;5150.0;5413.36;142.407;7.679;270.0;0.0
UAV_8;560;5150.0;5405.954;142.489;7.406;270.0;0.0
UAV_8;561;5150.0;5398.844;142.58;7.111;270.0;0.0
UAV_8;562;5150.0;5392.053;142.678;6.792;270.0;0.0
UAV_8;563;5150.0;5385.601;142.783;6.453;270.0;0.0
UAV_8;564;5150.0;5379.509;142.895;6.093;270.0;0.0
UAV_8;565;5152.477;5373.796;143.015;6.228;293.441;0.0
UAV_8;566;5163.324;5368.48;143.141;12.08;333.891;0.0
UAV_8;567;5174.6;5363.578;143.275;12.297;336.505;0.0
UAV_8;568;5186.272;5359.105;143.416;12.5;339.031;0.0
UAV_8;569;5198.301;5355.075;143.563;12.687;341.48;0.0
UAV_8;570;5210.65;5351.502;143.717;12.857;343.861;0.0
UAV_8;571;5223.28;5348.395;143.877;13.007;346.183;0.0
UAV_8;572;5236.151;5345.766;144.044;13.138;348.455;0.0
UAV_8;573;5249.224;5343.622;144.217;13.248;350.686;0.0
UAV_8;574;5262.456;5341.97;144.396;13.336;352.883;0.0
UAV_8;575;5275.806;5340.815;144.581;13.401;355.056;0.0
UAV_8;576;5289.232;5340.161;144.772;13.444;357.212;0.0
UAV_8;577;5302.693;5340.01;144.969;13.463;359.357;0.0
UAV_8;578;5316.145;5340.362;145.171;13.458;1.5;0.0
UAV_8;579;5329.546;5341.217;145.378;13.43;3.649;0.0
UAV_8;580;5342.854;5342.571;145.591;13.378;5.81;0.0
UAV_8;581;5356.027;5344.421;145.809;13.304;7.992;0.0
UAV_8;582;5369.024;5346.76;146.032;13.208;10.202;0.0
UAV_8;583;5381.804;5349.581;146.259;13.089;12.449;0.0
UAV_8;584;5394.326;5352.876;146.491;12.951;14.74;0.0
UAV_8;585;5406.552;5356.633;146.727;12.792;17.084;0.0
UAV_8;586;5418.442;5360.841;146.968;12.615;19.491;0.0
UAV_8;587;5429.96;5365.488;147.212;12.422;21.969;0.0
UAV_8;588;5441.068;5370.557;147.46;12.213;24.53;0.0
UAV_8;589;5451.733;5376.034;147.712;11.992;27.182;0.0
UAV_8;590;5461.921;5381.901;147.967;11.759;29.937;0.0
UAV_8;591;5471.599;5388.139;148.225;11.517;32.806;0.0
UAV_8;592;5480.737;5394.73;148.486;11.27;35.799;0.0
UAV_8;593;5489.307;5401.651;148.75;11.019;38.928;0.0
UAV_8;594;5497.28;5408.882;149.017;10.768;42.203;0.0
UAV_8;595;5504.634;5416.4;149.286;10.519;45.634;0.0
UAV_8;596;5511.343;5424.181;149.557;10.278;49.229;0.0
UAV_8;597;5517.387;5432.2;149.83;10.046;52.994;0.0
UAV_8;598;5522.748;5440.433;150.104;9.828;56.932;0.0
UAV_8;599;5527.407;5448.853;150.38;9.627;61.041;0.0
UAV_8;600;5531.351;5457.434;150.658;9.448;65.316;0.0
UAV_9;0;7080.344;5333.565;161.878;21.0;18.0;0.0
UAV_9;1;7093.614;5336.737;161.657;13.645;13.443;0.0
UAV_9;2;7106.609;5340.388;161.431;13.5;15.692;0.0
UAV_9;3;7119.291;5344.506;161.202;13.336;17.993;0.0
UAV_9;4;7131.623;5349.081;160.969;13.155;20.354;0.0
UAV_9;5;7143.569;5354.099;160.732;12.959;22.783;0.0
UAV_9;6;7150.0;5359.545;160.492;8.43;40.256;0.0
UAV_9;7;7150.0;5365.402;160.248;5.863;90.0;0.0
UAV_9;8;7150.0;5371.655;160.001;6.257;90.0;0.0
UAV_9;9;7150.0;5378.283;159.752;6.634;90.0;0.0
UAV_9;10;7150.0;5385.269;159.499;6.99;90.0;0.0
UAV_9;11;7150.0;5392.592;159.244;7.327;90.0;0.0
UAV_9;12;7150.0;5400.229;158.987;7.642;90.0;0.0
UAV_9;13;7150.0;5408.159;158.727;7.934;90.0;0.0
UAV_9;14;7150.0;5416.358;158.466;8.204;90.0;0.0
UAV_9;15;7150.0;5424.803;158.203;8.449;90.0;0.0
UAV_9;16;7150.0;5433.469;157.938;8.669;90.0;0.0
UAV_9;17;7150.0;5442.329;157.671;8.864;90.0;0.0
UAV_9;18;7150.0;5451.359;157.404;9.034;90.0;0.0
UAV_9;19;7150.0;5460.531;157.135;9.176;90.0;0.0
UAV_9;20;7150.0;5469.819;156.866;9.292;90.0;0.0
UAV_9;21;7150.0;5479.196;156.595;9.38;90.0;0.0
UAV_9;22;7150.0;5488.633;156.325;9.442;90.0;0.0
UAV_9;23;7150.0;5498.104;156.054;9.475;90.0;0.0
UAV_9;24;7150.0;5507.581;155.783;9.48;90.0;0.0
UAV_9;25;7150.0;5517.035;155.513;9.458;90.0;0.0
UAV_9;26;7150.0;5526.439;155.242;9.408;90.0;0.0
UAV_9;27;7150.0;5535.766;154.973;9.331;90.0;0.0
UAV_9;28;7150.0;5544.988;154.704;9.226;90.0;0.0
UAV_9;29;7150.0;5554.078;154.436;9.094;90.0;0.0
UAV_9;30;7150.0;5563.009;154.169;8.935;90.0;0.0
UAV_9;31;7150.0;5571.756;153.903;8.751;90.0;0.0
UAV_9;32;7150.0;5580.292;153.639;8.54;90.0;0.0
UAV_9;33;7150.0;5588.592;153.377;8.305;90.0;0.0
UAV_9;34;7150.0;5596.633;153.117;8.045;90.0;0.0
UAV_9;35;7150.0;5604.39;152.858;7.761;90.0;0.0
UAV_9;36;7150.0;5611.841;152.602;7.455;90.0;0.0
UAV_9;37;7150.0;5618.964;152.349;7.127;90.0;0.0
UAV_9;38;7150.0;5625.738;152.098;6.779;90.0;0.0
UAV_9;39;7150.0;5632.143;151.85;6.41;90.0;0.0
UAV_9;40;7150.0;5638.161;151.605;6.023;90.0;0.0
UAV_9;41;7148.231;5643.773;151.364;5.889;107.492;0.0
UAV_9;42;7136.45;5648.964;151.126;12.877;156.223;0.0
UAV_9;43;7124.268;5653.718;150.891;13.079;158.683;0.0
UAV_9;44;7111.721;5658.02;150.66;13.266;161.071;0.0
UAV_9;45;7098.847;5661.86;150.433;13.436;163.394;0.0
UAV_9;46;7085.683;5665.224;150.21;13.589;165.663;0.0
UAV_9;47;7072.267;5668.104;149.991;13.723;167.884;0.0
UAV_9;48;7058.64;5670.491;149.777;13.837;170.065;0.0
UAV_9;49;7044.84;5672.378;149.568;13.929;172.214;0.0
UAV_9;50;7030.909;5673.759;149.363;14.001;174.338;0.0
UAV_9;51;7016.888;5674.63;149.162;14.05;176.443;0.0
UAV_9;52;7002.817;5674.99;148.967;14.077;178.537;0.0
UAV_9;53;6988.737;5674.836;148.777;14.082;180.627;0.0
UAV_9;54;6974.691;5674.169;148.593;14.063;182.718;0.0
UAV_9;55;6960.719;5672.991;148.414;14.023;184.818;0.0
UAV_9;56;6946.862;5671.306;148.24;13.96;186.934;0.0
UAV_9;57;6933.161;5669.119;148.072;13.876;189.072;0.0
UAV_9;58;6919.656;5666.435;147.91;13.77;191.239;0.0
UAV_9;59;6906.386;5663.263;147.754;13.644;193.443;0.0
UAV_9;60;6893.391;5659.612;147.603;13.499;195.692;0.0
UAV_9;61;6880.709;5655.494;147.459;13.335;197.993;0.0
UAV_9;62;6868.377;5650.919;147.322;13.154;200.354;0.0
UAV_9;63;6856.431;5645.901;147.19;12.958;202.783;0.0
UAV_9;64;6844.906;5640.455;147.065;12.747;205.291;0.0
UAV_9;65;6833.836;5634.598;146.947;12.525;207.885;0.0
UAV_9;66;6823.253;5628.345;146.835;12.292;210.575;0.0
UAV_9;67;6813.189;5621.717;146.73;12.052;213.371;0.0
UAV_9;68;6803.673;5614.731;146.632;11.806;216.282;0.0
UAV_9;69;6794.732;5607.408;146.541;11.557;219.318;0.0
UAV_9;70;6786.394;5599.771;146.457;11.308;222.488;0.0
UAV_9;71;6778.682;5591.841;146.379;11.062;225.799;0.0
UAV_9;72;6771.62;5583.642;146.309;10.822;229.26;0.0
UAV_9;73;6765.227;5575.197;146.246;10.592;232.874;0.0
UAV_9;74;6759.523;5566.531;146.19;10.374;236.644;0.0
UAV_9;75;6754.524;5557.671;146.141;10.173;240.57;0.0
UAV_9;76;6750.245;5548.641;146.099;9.992;244.646;0.0
UAV_9;77;6746.699;5539.469;146.065;9.834;248.863;0.0
UAV_9;78;6743.896;5530.181;146.038;9.702;253.206;0.0
UAV_9;79;6741.844;5520.804;146.018;9.599;257.656;0.0
UAV_9;80;6740.549;5511.367;146.005;9.526;262.188;0.0
UAV_9;81;6740.015;5501.896;146.0;9.486;266.774;0.0
UAV_9;82;6740.244;5492.419;146.002;9.479;271.383;0.0
UAV_9;83;6741.235;5482.965;146.012;9.506;275.982;0.0
UAV_9;84;6742.984;5473.561;146.029;9.566;280.54;0.0
UAV_9;85;6745.488;5464.234;146.053;9.657;285.026;0.0
UAV_9;86;6748.738;5455.012;146.084;9.778;289.414;0.0
UAV_9;87;6752.725;5445.922;146.123;9.926;293.684;0.0
UAV_9;88;6757.438;5436.991;146.169;10.098;297.817;0.0
UAV_9;89;6762.862;5428.244;146.222;10.292;301.804;0.0
UAV_9;90;6768.981;5419.708;146.283;10.503;305.637;0.0
UAV_9;91;6775.778;5411.408;146.35;10.729;309.313;0.0
UAV_9;92;6783.233;5403.367;146.425;10.965;312.835;0.0
UAV_9;93;6791.323;5395.61;146.506;11.209;316.205;0.0
UAV_9;94;6800.026;5388.159;146.595;11.457;319.431;0.0
UAV_9;95;6809.315;5381.036;146.69;11.706;322.519;0.0
UAV_9;96;6819.164;5374.262;146.793;11.954;325.479;0.0
UAV_9;97;6829.543;5367.857;146.902;12.197;328.32;0.0
UAV_9;98;6840.422;5361.839;147.017;12.433;331.051;0.0
UAV_9;99;6851.769;5356.227;147.14;12.66;333.682;0.0
UAV_9;100;6863.55;5351.036;147.268;12.875;336.223;0.0
UAV_9;101;6875.732;5346.282;147.404;13.077;338.683;0.0
UAV_9;102;6888.279;5341.98;147.545;13.265;341.071;0.0
UAV_9;103;6901.153;5338.14;147.693;13.435;343.394;0.0
UAV_9;104;6914.317;5334.776;147.847;13.588;345.663;0.0
UAV_9;105;6927.733;5331.896;148.006;13.722;347.884;0.0
UAV_9;106;6941.36;5329.509;148.172;13.836;350.065;0.0
UAV_9;107;6955.16;5327.622;148.343;13.929;352.214;0.0
UAV_9;108;6969.091;5326.241;148.52;14.0;354.338;0.0
UAV_9;109;6983.112;5325.37;148.703;14.05;356.443;0.0
UAV_9;110;6997.183;5325.01;148.891;14.077;358.537;0.0
UAV_9;111;7011.263;5325.164;149.084;14.082;0.627;0.0
UAV_9;112;7025.309;5325.831;149.282;14.064;2.718;0.0
UAV_9;113;7039.281;5327.009;149.485;14.023;4.818;0.0
UAV_9;114;7053.138;5328.694;149.693;13.961;6.934;0.0
UAV_9;115;7066.839;5330.881;149.905;13.876;9.072;0.0
UAV_9;116;7080.344;5333.565;150.122;13.771;11.239;0.0
UAV_9;117;7093.614;5336.737;150.343;13.645;13.443;0.0
UAV_9;118;7106.609;5340.388;150.569;13.5;15.692;0.0
UAV_9;119;7119.291;5344.506;150.798;13.336;17.993;0.0
UAV_9;120;7131.623;5349.081;151.031;13.155;20.354;0.0
UAV_9;121;7143.569;5354.099;151.268;12.959;22.783;0.0
UAV_9;122;7150.0;5359.545;151.508;8.43;40.256;0.0
UAV_9;123;7150.0;5365.402;151.752;5.863;90.0;0.0
UAV_9;124;7150.0;5371.655;151.999;6.257;90.0;0.0
UAV_9;125;7150.0;5378.283;152.248;6.634;90.0;0.0
UAV_9;126;7150.0;5385.269;152.501;6.99;90.0;0.0
UAV_9;127;7150.0;5392.592;152.756;7.327;90.0;0.0
UAV_9;128;7150.0;5400.229;153.013;7.642;90.0;0.0
UAV_9;129;7150.0;5408.159;153.273;7.934;90.0;0.0
UAV_9;130;7150.0;5416.358;153.534;8.204;90.0;0.0
UAV_9;131;7150.0;5424.803;153.797;8.449;90.0;0.0
UAV_9;132;7150.0;5433.469;154.062;8.669;90.0;0.0
UAV_9;133;7150.0;5442.329;154.329;8.864;90.0;0.0
UAV_9;134;7150.0;5451.359;154.596;9.034;90.0;0.0
UAV_9;135;7150.0;5460.531;154.865;9.176;90.0;0.0
UAV_9;136;7150.0;5469.819;155.134;9.292;90.0;0.0
UAV_9;137;7150.0;5479.196;155.405;9.38;90.0;0.0
UAV_9;138;7150.0;5488.633;155.675;9.442;90.0;0.0
UAV_9;139;7150.0;5498.104;155.946;9.475;90.0;0.0
UAV_9;140;7150.0;5507.581;156.217;9.48;90.0;0.0
UAV_9;141;7150.0;5517.035;156.487;9.458;90.0;0.0
UAV_9;142;7150.0;5526.439;156.758;9.408;90.0;0.0
UAV_9;143;7150.0;5535.766;157.027;9.331;90.0;0.0
UAV_9;144;7150.0;5544.988;157.296;9.226;90.0;0.0
UAV_9;145;7150.0;5554.078;157.564;9.094;90.0;0.0
UAV_9;146;7150.0;5563.009;157.831;8.935;90.0;0.0
UAV_9;147;7150.0;5571.756;158.097;8.751;90.0;0.0
UAV_9;148;7150.0;5580.292;158.361;8.54;90.0;0.0
UAV_9;149;7150.0;5588.592;158.623;8.305;90.0;0.0
UAV_9;150;7150.0;5596.633;158.883;8.045;90.0;0.0
UAV_9;151;7150.0;5604.39;159.142;7.761;90.0;0.0
UAV_9;152;7150.0;5611.841;159.398;7.455;90.0;0.0
UAV_9;153;7150.0;5618.964;159.651;7.127;90.0;0.0
UAV_9;154;7150.0;5625.738;159.902;6.779;90.0;0.0
UAV_9;155;7150.0;5632.143;160.15;6.41;90.0;0.0
UAV_9;156;7150.0;5638.161;160.395;6.023;90.0;0.0
UAV_9;157;7148.231;5643.773;160.636;5.889;107.492;0.0
UAV_9;158;7136.45;5648.964;160.874;12.877;156.223;0.0
UAV_9;159;7124.268;5653.718;161.109;13.079;158.683;0.0
UAV_9;160;7111.721;5658.02;161.34;13.266;161.071;0.0
UAV_9;161;7098.847;5661.86;161.567;13.436;163.394;0.0
UAV_9;162;7085.683;5665.224;161.79;13.589;165.663;0.0
UAV_9;163;7072.267;5668.104;162.009;13.723;167.884;0.0
UAV_9;164;7058.64;5670.491;162.223;13.837;170.065;0.0
UAV_9;165;7044.84;5672.378;162.432;13.929;172.214;0.0
UAV_9;166;7030.909;5673.759;162.637;14.001;174.338;0.0
UAV_9;167;7016.888;5674.63;162.838;14.05;176.443;0.0
UAV_9;168;7002.817;5674.99;163.033;14.077;178.537;0.0
UAV_9;169;6988.737;5674.836;163.223;14.082;180.627;0.0
UAV_9;170;6974.691;5674.169;163.407;14.063;182.718;0.0
UAV_9;171;6960.719;5672.991;163.586;14.023;184.818;0.0
UAV_9;172;6946.862;5671.306;163.76;13.96;186.934;0.0
UAV_9;173;6933.161;5669.119;163.928;13.876;189.072;0.0
UAV_9;174;6919.656;5666.435;164.09;13.77;191.239;0.0
UAV_9;175;6906.386;5663.263;164.246;13.644;193.443;0.0
UAV_9;176;6893.391;5659.612;164.397;13.499;195.692;0.0
UAV_9;177;6880.709;5655.494;164.541;13.335;197.993;0.0
UAV_9;178;6868.377;5650.919;164.678;13.154;200.354;0.0
UAV_9;179;6856.431;5645.901;164.81;12.958;202.783;0.0
UAV_9;180;6844.906;5640.455;164.935;12.747;205.291;0.0
UAV_9;181;6833.836;5634.598;165.053;12.525;207.885;0.0
UAV_9;182;6823.253;5628.345;165.165;12.292;210.575;0.0
UAV_9;183;6813.189;5621.717;165.27;12.052;213.371;0.0
UAV_9;184;6803.673;5614.731;165.368;11.806;216.282;0.0
UAV_9;185;6794.732;5607.408;165.459;11.557;219.318;0.0
UAV_9;186;6786.394;5599.771;165.543;11.308;222.488;0.0
UAV_9;187;6778.682;5591.841;165.621;11.062;225.799;0.0
UAV_9;188;6771.62;5583.642;165.691;10.822;229.26;0.0
UAV_9;189;6765.227;5575.197;165.754;10.592;232.874;0.0
UAV_9;190;6759.523;5566.531;165.81;10.374;236.644;0.0
UAV_9;191;6754.524;5557.671;165.859;10.173;240.57;0.0
UAV_9;192;6750.245;5548.641;165.901;9.992;244.646;0.0
UAV_9;193;6746.699;5539.469;165.935;9.834;248.863;0.0
UAV_9;194;6743.896;5530.181;165.962;9.702;253.206;0.0
UAV_9;195;6741.844;5520.804;165.982;9.599;257.656;0.0
UAV_9;196;6740.549;5511.367;165.995;9.526;262.188;0.0
UAV_9;197;6740.015;5501.896;166.0;9.486;266.774;0.0
UAV_9;198;6740.244;5492.419;165.998;9.479;271.383;0.0
UAV_9;199;6741.235;5482.965;165.988;9.506;275.982;0.0
UAV_9;200;6742.984;5473.561;165.971;9.566;280.54;0.0
UAV_9;201;6745.488;5464.234;165.947;9.657;285.026;0.0
UAV_9;202;6748.738;5455.012;165.916;9.778;289.414;0.0
UAV_9;203;6752.725;5445.922;165.877;9.926;293.684;0.0
UAV_9;204;6757.438;5436.991;165.831;10.098;297.817;0.0
UAV_9;205;6762.862;5428.244;165.778;10.292;301.804;0.0
UAV_9;206;6768.981;5419.708;165.717;10.503;305.637;0.0
UAV_9;207;6775.778;5411.408;165.65;10.729;309.313;0.0
UAV_9;208;6783.233;5403.367;165.575;10.965;312.835;0.0
UAV_9;209;6791.323;5395.61;165.494;11.209;316.205;0.0
UAV_9;210;6800.026;5388.159;165.405;11.457;319.431;0.0
UAV_9;211;6809.315;5381.036;165.31;11.706;322.519;0.0
UAV_9;212;6819.164;5374.262;165.207;11.954;325.479;0.0
UAV_9;213;6829.543;5367.857;165.098;12.197;328.32;0.0
UAV_9;214;6840.422;5361.839;164.983;12.433;331.051;0.0
UAV_9;215;6851.769;5356.227;164.86;12.66;333.682;0.0
UAV_9;216;6863.55;5351.036;164.732;12.875;336.223;0.0
UAV_9;217;6875.732;5346.282;164.596;13.077;338.683;0.0
UAV_9;218;6888.279;5341.98;164.455;13.265;341.071;0.0
UAV_9;219;6901.153;5338.14;164.307;13.435;343.394;0.0
UAV_9;220;6914.317;5334.776;164.153;13.588;345.663;0.0
UAV_9;221;6927.733;5331.896;163.994;13.722;347.884;0.0
UAV_9;222;6941.36;5329.509;163.828;13.836;350.065;0.0
UAV_9;223;6955.16;5327.622;163.657;13.929;352.214;0.0
UAV_9;224;6969.091;5326.241;163.48;14.0;354.338;0.0
UAV_9;225;6983.112;5325.37;163.297;14.05;356.443;0.0
UAV_9;226;6997.183;5325.01;163.109;14.077;358.537;0.0
UAV_9;227;7011.263;5325.164;162.916;14.082;0.627;0.0
UAV_9;228;7025.309;5325.831;162.718;14.064;2.718;0.0
UAV_9;229;7039.281;5327.009;162.515;14.023;4.818;0.0
UAV_9;230;7053.138;5328.694;162.307;13.961;6.934;0.0
UAV_9;231;7066.839;5330.881;162.095;13.876;9.072;0.0
UAV_9;232;7080.344;5333.565;161.878;13.771;11.239;0.0
UAV_9;233;7093.614;5336.737;161.657;13.645;13.443;0.0
UAV_9;234;7106.609;5340.388;161.431;13.5;15.692;0.0
UAV_9;235;7119.291;5344.506;161.202;13.336;17.993;0.0
UAV_9;236;7131.623;5349.081;160.969;13.155;20.354;0.0
UAV_9;237;7143.569;5354.099;160.732;12.959;22.783;0.0
UAV_9;238;7150.0;5359.545;160.492;8.43;40.256;0.0
UAV_9;239;7150.0;5365.402;160.248;5.863;90.0;0.0
UAV_9;240;7150.0;5371.655;160.001;6.257;90.0;0.0
UAV_9;241;7150.0;5378.283;159.752;6.634;90.0;0.0
UAV_9;242;7150.0;5385.269;159.499;6.99;90.0;0.0
UAV_9;243;7150.0;5392.592;159.244;7.327;90.0;0.0
UAV_9;244;7150.0;5400.229;158.987;7.642;90.0;0.0
UAV_9;245;7150.0;5408.159;158.727;7.934;90.0;0.0
UAV_9;246;7150.0;5416.358;158.466;8.204;90.0;0.0
UAV_9;247;7150.0;5424.803;158.203;8.449;90.0;0.0
UAV_9;248;7150.0;5433.469;157.938;8.669;90.0;0.0
UAV_9;249;7150.0;5442.329;157.671;8.864;90.0;0.0
UAV_9;250;7150.0;5451.359;157.404;9.034;90.0;0.0
UAV_9;251;7150.0;5460.531;157.135;9.176;90.0;0.0
UAV_9;252;7150.0;5469.819;156.866;9.292;90.0;0.0
UAV_9;253;7150.0;5479.196;156.595;9.38;90.0;0.0
UAV_9;254;7150.0;5488.633;156.325;9.442;90.0;0.0
UAV_9;255;7150.0;5498.104;156.054;9.475;90.0;0.0
UAV_9;256;7150.0;5507.581;155.783;9.48;90.0;0.0
UAV_9;257;7150.0;5517.035;155.513;9.458;90.0;0.0
UAV_9;258;7150.0;5526.439;155.242;9.408;90.0;0.0
UAV_9;259;7150.0;5535.766;154.973;9.331;90.0;0.0
UAV_9;260;7150.0;5544.988;154.704;9.226;90.0;0.0
UAV_9;261;7150.0;5554.078;154.436;9.094;90.0;0.0
UAV_9;262;7150.0;5563.009;154.169;8.935;90.0;0.0
UAV_9;263;7150.0;5571.756;153.903;8.751;90.0;0.0
UAV_9;264;7150.0;5580.292;153.639;8.54;90.0;0.0
UAV_9;265;7150.0;5588.592;153.377;8.305;90.0;0.0
UAV_9;266;7150.0;5596.633;153.117;8.045;90.0;0.0
UAV_9;267;7150.0;5604.39;152.858;7.761;90.0;0.0
UAV_9;268;7150.0;5611.841;152.602;7.455;90.0;0.0
UAV_9;269;7150.0;5618.964;152.349;7.127;90.0;0.0
UAV_9;270;7150.0;5625.738;152.098;6.779;90.0;0.0
UAV_9;271;7150.0;5632.143;151.85;6.41;90.0;0.0
UAV_9;272;7150.0;5638.161;151.605;6.023;90.0;0.0
UAV_9;273;7148.231;5643.773;151.364;5.889;107.492;0.0
UAV_9;274;7136.45;5648.964;151.126;12.877;156.223;0.0
UAV_9;275;7124.268;5653.718;150.891;13.079;158.683;0.0
UAV_9;276;7111.721;5658.02;150.66;13.266;161.071;0.0
UAV_9;277;7098.847;5661.86;150.433;13.436;163.394;0.0
UAV_9;278;7085.683;5665.224;150.21;13.589;165.663;0.0
UAV_9;279;7072.267;5668.104;149.991;13.723;167.884;0.0
UAV_9;280;7058.64;5670.491;149.777;13.837;170.065;0.0
UAV_9;281;7044.84;5672.378;149.568;13.929;172.214;0.0
UAV_9;282;7030.909;5673.759;149.363;14.001;174.338;0.0
UAV_9;283;7016.888;5674.63;149.162;14.05;176.443;0.0
UAV_9;284;7002.817;5674.99;148.967;14.077;178.537;0.0
UAV_9;285;6988.737;5674.836;148.777;14.082;180.627;0.0
UAV_9;286;6974.691;5674.169;148.593;14.063;182.718;0.0
UAV_9;287;6960.719;5672.991;148.414;14.023;184.818;0.0
UAV_9;288;6946.862;5671.306;148.24;13.96;186.934;0.0
UAV_9;289;6933.161;5669.119;148.072;13.876;189.072;0.0
UAV_9;290;6919.656;5666.435;147.91;13.77;191.239;0.0
UAV_9;291;6906.386;5663.263;147.754;13.644;193.443;0.0
UAV_9;292;6893.391;5659.612;147.603;13.499;195.692;0.0
UAV_9;293;6880.709;5655.494;147.459;13.335;197.993;0.0
UAV_9;294;6868.377;5650.919;147.322;13.154;200.354;0.0
UAV_9;295;6856.431;5645.901;147.19;12.958;202.783;0.0
UAV_9;296;6844.906;5640.455;147.065;12.747;205.291;0.0
UAV_9;297;6833.836;5634.598;146.947;12.525;207.885;0.0
UAV_9;298;6823.253;5628.345;146.835;12.292;210.575;0.0
UAV_9;299;6813.189;5621.717;146.73;12.052;213.371;0.0
UAV_9;300;6803.673;5614.731;146.632;11.806;216.282;0.0
UAV_9;301;6794.732;5607.408;146.541;11.557;219.318;0.0
UAV_9;302;6786.394;5599.771;146.457;11.308;222.488;0.0
UAV_9;303;6778.682;5591.841;146.379;11.062;225.799;0.0
UAV_9;304;6771.62;5583.642;146.309;10.822;229.26;0.0
UAV_9;305;6765.227;5575.197;146.246;10.592;232.874;0.0
UAV_9;306;6759.523;5566.531;146.19;10.374;236.644;0.0
UAV_9;307;6754.524;5557.671;146.141;10.173;240.57;0.0
UAV_9;308;6750.245;5548.641;146.099;9.992;244.646;0.0
UAV_9;309;6746.699;5539.469;146.065;9.834;248.863;0.0
UAV_9;310;6743.896;5530.181;146.038;9.702;253.206;0.0
UAV_9;311;6741.844;5520.804;146.018;9.599;257.656;0.0
UAV_9;312;6740.549;5511.367;146.005;9.526;262.188;0.0
UAV_9;313;6740.015;5501.896;146.0;9.486;266.774;0.0
UAV_9;314;6740.244;5492.419;146.002;9.479;271.383;0.0
UAV_9;315;6741.235;5482.965;146.012;9.506;275.982;0.0
UAV_9;316;6742.984;5473.561;146.029;9.566;280.54;0.0
UAV_9;317;6745.488;5464.234;146.053;9.657;285.026;0.0
UAV_9;318;6748.738;5455.012;146.084;9.778;289.414;0.0
UAV_9;319;6752.725;5445.922;146.123;9.926;293.684;0.0
UAV_9;320;6757.438;5436.991;146.169;10.098;297.817;0.0
UAV_9;321;6762.862;5428.244;146.222;10.292;301.804;0.0
UAV_9;322;6768.981;5419.708;146.283;10.503;305.637;0.0
UAV_9;323;6775.778;5411.408;146.35;10.729;309.313;0.0
UAV_9;324;6783.233;5403.367;146.425;10.965;312.835;0.0
UAV_9;325;6791.323;5395.61;146.506;11.209;316.205;0.0
UAV_9;326;6800.026;5388.159;146.595;11.457;319.431;0.0
UAV_9;327;6809.315;5381.036;146.69;11.706;322.519;0.0
UAV_9;328;6819.164;5374.262;146.793;11.954;325.479;0.0
UAV_9;329;6829.543;5367.857;146.902;12.197;328.32;0.0
UAV_9;330;6840.422;5361.839;147.017;12.433;331.051;0.0
UAV_9;331;6851.769;5356.227;147.14;12.66;333.682;0.0
UAV_9;332;6863.55;5351.036;147.268;12.875;336.223;0.0
UAV_9;333;6875.732;5346.282;147.404;13.077;338.683;0.0
UAV_9;334;6888.279;5341.98;147.545;13.265;341.071;0.0
UAV_9;335;6901.153;5338.14;147.693;13.435;343.394;0.0
UAV_9;336;6914.317;5334.776;147.847;13.588;345.663;0.0
UAV_9;337;6927.733;5331.896;148.006;13.722;347.884;0.0
UAV_9;338;6941.36;5329.509;148.172;13.836;350.065;0.0
UAV_9;339;6955.16;5327.622;148.343;13.929;352.214;0.0
UAV_9;340;6969.091;5326.241;148.52;14.0;354.338;0.0
UAV_9;341;6983.112;5325.37;148.703;14.05;356.443;0.0
UAV_9;342;6997.183;5325.01;148.891;14.077;358.537;0.0
UAV_9;343;7011.263;5325.164;149.084;14.082;0.627;0.0
UAV_9;344;7025.309;5325.831;149.282;14.064;2.718;0.0
UAV_9;345;7039.281;5327.009;149.485;14.023;4.818;0.0
UAV_9;346;7053.138;5328.694;149.693;13.961;6.934;0.0
UAV_9;347;7066.839;5330.881;149.905;13.876;9.072;0.0
UAV_9;348;7080.344;5333.565;150.122;13.771;11.239;0.0
UAV_9;349;7093.614;5336.737;150.343;13.645;13.443;0.0
UAV_9;350;7106.609;5340.388;150.569;13.5;15.692;0.0
UAV_9;351;7119.291;5344.506;150.798;13.336;17.993;0.0
UAV_9;352;7131.623;5349.081;151.031;13.155;20.354;0.0
UAV_9;353;7143.569;5354.099;151.268;12.959;22.783;0.0
UAV_9;354;7150.0;5359.545;151.508;8.43;40.256;0.0
UAV_9;355;7150.0;5365.402;151.752;5.863;90.0;0.0
UAV_9;356;7150.0;5371.655;151.999;6.257;90.0;0.0
UAV_9;357;7150.0;5378.283;152.248;6.634;90.0;0.0
UAV_9;358;7150.0;5385.269;152.501;6.99;90.0;0.0
UAV_9;359;7150.0;5392.592;152.756;7.327;90.0;0.0
UAV_9;360;7150.0;5400.229;153.013;7.642;90.0;0.0
UAV_9;361;7150.0;5408.159;153.273;7.934;90.0;0.0
UAV_9;362;7150.0;5416.358;153.534;8.204;90.0;0.0
UAV_9;363;7150.0;5424.803;153.797;8.449;90.0;0.0
UAV_9;364;7150.0;5433.469;154.062;8.669;90.0;0.0
UAV_9;365;7150.0;5442.329;154.329;8.864;90.0;0.0
UAV_9;366;7150.0;5451.359;154.596;9.034;90.0;0.0
UAV_9;367;7150.0;5460.531;154.865;9.176;90.0;0.0
UAV_9;368;7150.0;5469.819;155.134;9.292;90.0;0.0
UAV_9;369;7150.0;5479.196;155.405;9.38;90.0;0.0
UAV_9;370;7150.0;5488.633;155.675;9.442;90.0;0.0
UAV_9;371;7150.0;5498.104;155.946;9.475;90.0;0.0
UAV_9;372;7150.0;5507.581;156.217;9.48;90.0;0.0
UAV_9;373;7150.0;5517.035;156.487;9.458;90.0;0.0
UAV_9;374;7150.0;5526.439;156.758;9.408;90.0;0.0
UAV_9;375;7150.0;5535.766;157.027;9.331;90.0;0.0
UAV_9;376;7150.0;5544.988;157.296;9.226;90.0;0.0
UAV_9;377;7150.0;5554.078;157.564;9.094;90.0;0.0
UAV_9;378;7150.0;5563.009;157.831;8.935;90.0;0.0
UAV_9;379;7150.0;5571.756;158.097;8.751;90.0;0.0
UAV_9;380;7150.0;5580.292;158.361;8.54;90.0;0.0
UAV_9;381;7150.0;5588.592;158.623;8.305;90.0;0.0
UAV_9;382;7150.0;5596.633;158.883;8.045;90.0;0.0
UAV_9;383;7150.0;5604.39;159.142;7.761;90.0;0.0
UAV_9;384;7150.0;5611.841;159.398;7.455;90.0;0.0
UAV_9;385;7150.0;5618.964;159.651;7.127;90.0;0.0
UAV_9;386;7150.0;5625.738;159.902;6.779;90.0;0.0
UAV_9;387;7150.0;5632.143;160.15;6.41;90.0;0.0
UAV_9;388;7150.0;5638.161;160.395;6.023;90.0;0.0
UAV_9;389;7148.231;5643.773;160.636;5.889;107.492;0.0
UAV_9;390;7136.45;5648.964;160.874;12.877;156.223;0.0
UAV_9;391;7124.268;5653.718;161.109;13.079;158.683;0.0
UAV_9;392;7111.721;5658.02;161.34;13.266;161.071;0.0
UAV_9;393;7098.847;5661.86;161.567;13.436;163.394;0.0
UAV_9;394;7085.683;5665.224;161.79;13.589;165.663;0.0
UAV_9;395;7072.267;5668.104;162.009;13.723;167.884;0.0
UAV_9;396;7058.64;5670.491;162.223;13.837;170.065;0.0
UAV_9;397;7044.84;5672.378;162.432;13.929;172.214;0.0
UAV_9;398;7030.909;5673.759;162.637;14.001;174.338;0.0
UAV_9;399;7016.888;5674.63;162.838;14.05;176.443;0.0
UAV_9;400;7002.817;5674.99;163.033;14.077;178.537;0.0
UAV_9;401;6988.737;5674.836;163.223;14.082;180.627;0.0
UAV_9;402;6974.691;5674.169;163.407;14.063;182.718;0.0
UAV_9;403;6960.719;5672.991;163.586;14.023;184.818;0.0
UAV_9;404;6946.862;5671.306;163.76;13.96;186.934;0.0
UAV_9;405;6933.161;5669.119;163.928;13.876;189.072;0.0
UAV_9;406;6919.656;5666.435;164.09;13.77;191.239;0.0
UAV_9;407;6906.386;5663.263;164.246;13.644;193.443;0.0
UAV_9;408;6893.391;5659.612;164.397;13.499;195.692;0.0
UAV_9;409;6880.709;5655.494;164.541;13.335;197.993;0.0
UAV_9;410;6868.377;5650.919;164.678;13.154;200.354;0.0
UAV_9;411;6856.431;5645.901;164.81;12.958;202.783;0.0
UAV_9;412;6844.906;5640.455;164.935;12.747;205.291;0.0
UAV_9;413;6833.836;5634.598;165.053;12.525;207.885;0.0
UAV_9;414;6823.253;5628.345;165.165;12.292;210.575;0.0
UAV_9;415;6813.189;5621.717;165.27;12.052;213.371;0.0
UAV_9;416;6803.673;5614.731;165.368;11.806;216.282;0.0
UAV_9;417;6794.732;5607.408;165.459;11.557;219.318;0.0
UAV_9;418;6786.394;5599.771;165.543;11.308;222.488;0.0
UAV_9;419;6778.682;5591.841;165.621;11.062;225.799;0.0
UAV_9;420;6771.62;5583.642;165.691;10.822;229.26;0.0
UAV_9;421;6765.227;5575.197;165.754;10.592;232.874;0.0
UAV_9;422;6759.523;5566.531;165.81;10.374;236.644;0.0
UAV_9;423;6754.524;5557.671;165.859;10.173;240.57;0.0
UAV_9;424;6750.245;5548.641;165.901;9.992;244.646;0.0
UAV_9;425;6746.699;5539.469;165.935;9.834;248.863;0.0
UAV_9;426;6743.896;5530.181;165.962;9.702;253.206;0.0
UAV_9;427;6741.844;5520.804;165.982;9.599;257.656;0.0
UAV_9;428;6740.549;5511.367;165.995;9.526;262.188;0.0
UAV_9;429;6740.015;5501.896;166.0;9.486;266.774;0.0
UAV_9;430;6740.244;5492.419;165.998;9.479;271.383;0.0
UAV_9;431;6741.235;5482.965;165.988;9.506;275.982;0.0
UAV_9;432;6742.984;5473.561;165.971;9.566;280.54;0.0
UAV_9;433;6745.488;5464.234;165.947;9.657;285.026;0.0
UAV_9;434;6748.738;5455.012;165.916;9.778;289.414;0.0
UAV_9;435;6752.725;5445.922;165.877;9.926;293.684;0.0
UAV_9;436;6757.438;5436.991;165.831;10.098;297.817;0.0
UAV_9;437;6762.862;5428.244;165.778;10.292;301.804;0.0
UAV_9;438;6768.981;5419.708;165.717;10.503;305.637;0.0
UAV_9;439;6775.778;5411.408;165.65;10.729;309.313;0.0
UAV_9;440;6783.233;5403.367;165.575;10.965;312.835;0.0
UAV_9;441;6791.323;5395.61;165.494;11.209;316.205;0.0
UAV_9;442;6800.026;5388.159;165.405;11.457;319.431;0.0
UAV_9;443;6809.315;5381.036;165.31;11.706;322.519;0.0
UAV_9;444;6819.164;5374.262;165.207;11.954;325.479;0.0
UAV_9;445;6829.543;5367.857;165.098;12.197;328.32;0.0
UAV_9;446;6840.422;5361.839;164.983;12.433;331.051;0.0
UAV_9;447;6851.769;5356.227;164.86;12.66;333.682;0.0
UAV_9;448;6863.55;5351.036;164.732;12.875;336.223;0.0
UAV_9;449;6875.732;5346.282;164.596;13.077;338.683;0.0
UAV_9;450;6888.279;5341.98;164.455;13.265;341.071;0.0
UAV_9;451;6901.153;5338.14;164.307;13.435;343.394;0.0
UAV_9;452;6914.317;5334.776;164.153;13.588;345.663;0.0
UAV_9;453;6927.733;5331.896;163.994;13.722;347.884;0.0
UAV_9;454;6941.36;5329.509;163.828;13.836;350.065;0.0
UAV_9;455;6955.16;5327.622;163.657;13.929;352.214;0.0
UAV_9;456;6969.091;5326.241;163.48;14.0;354.338;0.0
UAV_9;457;6983.112;5325.37;163.297;14.05;356.443;0.0
UAV_9;458;6997.183;5325.01;163.109;14.077;358.537;0.0
UAV_9;459;7011.263;5325.164;162.916;14.082;0.627;0.0
UAV_9;460;7025.309;5325.831;162.718;14.064;2.718;0.0
UAV_9;461;7039.281;5327.009;162.515;14.023;4.818;0.0
UAV_9;462;7053.138;5328.694;162.307;13.961;6.934;0.0
UAV_9;463;7066.839;5330.881;162.095;13.876;9.072;0.0
UAV_9;464;7080.344;5333.565;161.878;13.771;11.239;0.0
UAV_9;465;7093.614;5336.737;161.657;13.645;13.443;0.0
UAV_9;466;7106.609;5340.388;161.431;13.5;15.692;0.0
UAV_9;467;7119.291;5344.506;161.202;13.336;17.993;0.0
UAV_9;468;7131.623;5349.081;160.969;13.155;20.354;0.0
UAV_9;469;7143.569;5354.099;160.732;12.959;22.783;0.0
UAV_9;470;7150.0;5359.545;160.492;8.43;40.256;0.0
UAV_9;471;7150.0;5365.402;160.248;5.863;90.0;0.0
UAV_9;472;7150.0;5371.655;160.001;6.257;90.0;0.0
UAV_9;473;7150.0;5378.283;159.752;6.634;90.0;0.0
UAV_9;474;7150.0;5385.269;159.499;6.99;90.0;0.0
UAV_9;475;7150.0;5392.592;159.244;7.327;90.0;0.0
UAV_9;476;7150.0;5400.229;158.987;7.642;90.0;0.0
UAV_9;477;7150.0;5408.159;158.727;7.934;90.0;0.0
UAV_9;478;7150.0;5416.358;158.466;8.204;90.0;0.0
UAV_9;479;7150.0;5424.803;158.203;8.449;90.0;0.0
UAV_9;480;7150.0;5433.469;157.938;8.669;90.0;0.0
UAV_9;481;7150.0;5442.329;157.671;8.864;90.0;0.0
UAV_9;482;7150.0;5451.359;157.404;9.034;90.0;0.0
UAV_9;483;7150.0;5460.531;157.135;9.176;90.0;0.0
UAV_9;484;7150.0;5469.819;156.866;9.292;90.0;0.0
UAV_9;485;7150.0;5479.196;156.595;9.38;90.0;0.0
UAV_9;486;7150.0;5488.633;156.325;9.442;90.0;0.0
UAV_9;487;7150.0;5498.104;156.054;9.475;90.0;0.0
UAV_9;488;7150.0;5507.581;155.783;9.48;90.0;0.0
UAV_9;489;7150.0;5517.035;155.513;9.458;90.0;0.0
UAV_9;490;7150.0;5526.439;155.242;9.408;90.0;0.0
UAV_9;491;7150.0;5535.766;154.973;9.331;90.0;0.0
UAV_9;492;7150.0;5544.988;154.704;9.226;90.0;0.0
UAV_9;493;7150.0;5554.078;154.436;9.094;90.0;0.0
UAV_9;494;7150.0;5563.009;154.169;8.935;90.0;0.0
UAV_9;495;7150.0;5571.756;153.903;8.751;90.0;0.0
UAV_9;496;7150.0;5580.292;153.639;8.54;90.0;0.0
UAV_9;497;7150.0;5588.592;153.377;8.305;90.0;0.0
UAV_9;498;7150.0;5596.633;153.117;8.045;90.0;0.0
UAV_9;499;7150.0;5604.39;152.858;7.761;90.0;0.0
UAV_9;500;7150.0;5611.841;152.602;7.455;90.0;0.0
UAV_9;501;7150.0;5618.964;152.349;7.127;90.0;0.0
UAV_9;502;7150.0;5625.738;152.098;6.779;90.0;0.0
UAV_9;503;7150.0;5632.143;151.85;6.41;90.0;0.0
UAV_9;504;7150.0;5638.161;151.605;6.023;90.0;0.0
UAV_9;505;7148.231;5643.773;151.364;5.889;107.492;0.0
UAV_9;506;7136.45;5648.964;151.126;12.877;156.223;0.0
UAV_9;507;7124.268;5653.718;150.891;13.079;158.683;0.0
UAV_9;508;7111.721;5658.02;150.66;13.266;161.071;0.0
UAV_9;509;7098.847;5661.86;150.433;13.436;163.394;0.0
UAV_9;510;7085.683;5665.224;150.21;13.589;165.663;0.0
UAV_9;511;7072.267;5668.104;149.991;13.723;167.884;0.0
UAV_9;512;7058.64;5670.491;149.777;13.837;170.065;0.0
UAV_9;513;7044.84;5672.378;149.568;13.929;172.214;0.0
UAV_9;514;7030.909;5673.759;149.363;14.001;174.338;0.0
UAV_9;515;7016.888;5674.63;149.162;14.05;176.443;0.0
UAV_9;516;7002.817;5674.99;148.967;14.077;178.537;0.0
UAV_9;517;6988.737;5674.836;148.777;14.082;180.627;0.0
UAV_9;518;6974.691;5674.169;148.593;14.063;182.718;0.0
UAV_9;519;6960.719;5672.991;148.414;14.023;184.818;0.0
UAV_9;520;6946.862;5671.306;148.24;13.96;186.934;0.0
UAV_9;521;6933.161;5669.119;148.072;13.876;189.072;0.0
UAV_9;522;6919.656;5666.435;147.91;13.77;191.239;0.0
UAV_9;523;6906.386;5663.263;147.754;13.644;193.443;0.0
UAV_9;524;6893.391;5659.612;147.603;13.499;195.692;0.0
UAV_9;525;6880.709;5655.494;147.459;13.335;197.993;0.0
UAV_9;526;6868.377;5650.919;147.322;13.154;200.354;0.0
UAV_9;527;6856.431;5645.901;147.19;12.958;202.783;0.0
UAV_9;528;6844.906;5640.455;147.065;12.747;205.291;0.0
UAV_9;529;6833.836;5634.598;146.947;12.525;207.885;0.0
UAV_9;530;6823.253;5628.345;146.835;12.292;210.575;0.0
UAV_9;531;6813.189;5621.717;146.73;12.052;213.371;0.0
UAV_9;532;6803.673;5614.731;146.632;11.806;216.282;0.0
UAV_9;533;6794.732;5607.408;146.541;11.557;219.318;0.0
UAV_9;534;6786.394;5599.771;146.457;11.308;222.488;0.0
UAV_9;535;6778.682;5591.841;146.379;11.062;225.799;0.0
UAV_9;536;6771.62;5583.642;146.309;10.822;229.26;0.0
UAV_9;537;6765.227;5575.197;146.246;10.592;232.874;0.0
UAV_9;538;6759.523;5566.531;146.19;10.374;236.644;0.0
UAV_9;539;6754.524;5557.671;146.141;10.173;240.57;0.0
UAV_9;540;6750.245;5548.641;146.099;9.992;244.646;0.0
UAV_9;541;6746.699;5539.469;146.065;9.834;248.863;0.0
UAV_9;542;6743.896;5530.181;146.038;9.702;253.206;0.0
UAV_9;543;6741.844;5520.804;146.018;9.599;257.656;0.0
UAV_9;544;6740.549;5511.367;146.005;9.526;262.188;0.0
UAV_9;545;6740.015;5501.896;146.0;9.486;266.774;0.0
UAV_9;546;6740.244;5492.419;146.002;9.479;271.383;0.0
UAV_9;547;6741.235;5482.965;146.012;9.506;275.982;0.0
UAV_9;548;6742.984;5473.561;146.029;9.566;280.54;0.0
UAV_9;549;6745.488;5464.234;146.053;9.657;285.026;0.0
UAV_9;550;6748.738;5455.012;146.084;9.778;289.414;0.0
UAV_9;551;6752.725;5445.922;146.123;9.926;293.684;0.0
UAV_9;552;6757.438;5436.991;146.169;10.098;297.817;0.0
UAV_9;553;6762.862;5428.244;146.222;10.292;301.804;0.0
UAV_9;554;6768.981;5419.708;146.283;10.503;305.637;0.0
UAV_9;555;6775.778;5411.408;146.35;10.729;309.313;0.0
UAV_9;556;6783.233;5403.367;146.425;10.965;312.835;0.0
UAV_9;557;6791.323;5395.61;146.506;11.209;316.205;0.0
UAV_9;558;6800.026;5388.159;146.595;11.457;319.431;0.0
UAV_9;559;6809.315;5381.036;146.69;11.706;322.519;0.0
UAV_9;560;6819.164;5374.262;146.793;11.954;325.479;0.0
UAV_9;561;6829.543;5367.857;146.902;12.197;328.32;0.0
UAV_9;562;6840.422;5361.839;147.017;12.433;331.051;0.0
UAV_9;563;6851.769;5356.227;147.14;12.66;333.682;0.0
UAV_9;564;6863.55;5351.036;147.268;12.875;336.223;0.0
UAV_9;565;6875.732;5346.282;147.404;13.077;338.683;0.0
UAV_9;566;6888.279;5341.98;147.545;13.265;341.071;0.0
UAV_9;567;6901.153;5338.14;147.693;13.435;343.394;0.0
UAV_9;568;6914.317;5334.776;147.847;13.588;345.663;0.0
UAV_9;569;6927.733;5331.896;148.006;13.722;347.884;0.0
UAV_9;570;6941.36;5329.509;148.172;13.836;350.065;0.0
UAV_9;571;6955.16;5327.622;148.343;13.929;352.214;0.0
UAV_9;572;6969.091;5326.241;148.52;14.0;354.338;0.0
UAV_9;573;6983.112;5325.37;148.703;14.05;356.443;0.0
UAV_9;574;6997.183;5325.01;148.891;14.077;358.537;0.0
UAV_9;575;7011.263;5325.164;149.084;14.082;0.627;0.0
UAV_9;576;7025.309;5325.831;149.282;14.064;2.718;0.0
UAV_9;577;7039.281;5327.009;149.485;14.023;4.818;0.0
UAV_9;578;7053.138;5328.694;149.693;13.961;6.934;0.0
UAV_9;579;7066.839;5330.881;149.905;13.876;9.072;0.0
UAV_9;580;7080.344;5333.565;150.122;13.771;11.239;0.0
UAV_9;581;7093.614;5336.737;150.343;13.645;13.443;0.0
UAV_9;582;7106.609;5340.388;150.569;13.5;15.692;0.0
UAV_9;583;7119.291;5344.506;150.798;13.336;17.993;0.0
UAV_9;584;7131.623;5349.081;151.031;13.155;20.354;0.0
UAV_9;585;7143.569;5354.099;151.268;12.959;22.783;0.0
UAV_9;586;7150.0;5359.545;151.508;8.43;40.256;0.0
UAV_9;587;7150.0;5365.402;151.752;5.863;90.0;0.0
UAV_9;588;7150.0;5371.655;151.999;6.257;90.0;0.0
UAV_9;589;7150.0;5378.283;152.248;6.634;90.0;0.0
UAV_9;590;7150.0;5385.269;152.501;6.99;90.0;0.0
UAV_9;591;7150.0;5392.592;152.756;7.327;90.0;0.0
UAV_9;592;7150.0;5400.229;153.013;7.642;90.0;0.0
UAV_9;593;7150.0;5408.159;153.273;7.934;90.0;0.0
UAV_9;594;7150.0;5416.358;153.534;8.204;90.0;0.0
UAV_9;595;7150.0;5424.803;153.797;8.449;90.0;0.0
UAV_9;596;7150.0;5433.469;154.062;8.669;90.0;0.0
UAV_9;597;7150.0;5442.329;154.329;8.864;90.0;0.0
UAV_9;598;7150.0;5451.359;154.596;9.034;90.0;0.0
UAV_9;599;7150.0;5460.531;154.865;9.176;90.0;0.0
UAV_9;600;7150.0;5469.819;155.134;9.292;90.0;0.0
UAV_10;0;5480.0;7100.0;160.0;22.0;90.0;0.0
UAV_10;1;5479.753;7109.944;160.262;9.95;91.421;0.0
UAV_10;2;5479.014;7119.86;160.523;9.948;94.264;0.0
UAV_10;3;5477.784;7129.723;160.785;9.942;97.109;0.0
UAV_10;4;5476.067;7139.503;161.045;9.934;99.959;0.0
UAV_10;5;5473.867;7149.176;161.305;9.923;102.814;0.0
UAV_10;6;5471.19;7158.713;161.564;9.909;105.675;0.0
UAV_10;7;5468.044;7168.09;161.822;9.894;108.546;0.0
UAV_10;8;5464.438;7177.28;162.079;9.876;111.426;0.0
UAV_10;9;5460.381;7186.258;162.334;9.856;114.317;0.0
UAV_10;10;5455.885;7195.0;162.588;9.834;117.22;0.0
UAV_10;11;5450.961;7203.481;162.84;9.81;120.137;0.0
UAV_10;12;5445.623;7211.679;163.09;9.786;123.068;0.0
UAV_10;13;5439.886;7219.571;163.338;9.76;126.015;0.0
UAV_10;14;5433.766;7227.135;163.584;9.733;128.977;0.0
UAV_10;15;5427.279;7234.35;163.827;9.706;131.956;0.0
UAV_10;16;5420.444;7241.198;164.067;9.678;134.952;0.0
UAV_10;17;5413.278;7247.658;164.305;9.651;137.964;0.0
UAV_10;18;5405.801;7253.713;164.54;9.624;140.994;0.0
UAV_10;19;5398.035;7259.347;164.772;9.598;144.04;0.0
UAV_10;20;5390.0;7264.545;165.0;9.572;147.103;0.0
UAV_10;21;5381.718;7269.291;165.225;9.548;150.182;0.0
UAV_10;22;5373.213;7273.574;165.446;9.525;153.276;0.0
UAV_10;23;5364.506;7277.38;165.664;9.505;156.384;0.0
UAV_10;24;5355.623;7280.701;165.878;9.486;159.505;0.0
UAV_10;25;5346.587;7283.526;166.088;9.469;162.637;0.0
UAV_10;26;5337.424;7285.848;166.293;9.455;165.78;0.0
UAV_10;27;5328.158;7287.661;166.494;9.444;168.931;0.0
UAV_10;28;5318.815;7288.959;166.691;9.435;172.088;0.0
UAV_10;29;5309.42;7289.74;166.884;9.429;175.251;0.0
UAV_10;30;5300.0;7290.0;167.071;9.426;178.417;0.0
UAV_10;31;5290.58;7289.74;167.254;9.426;181.583;0.0
UAV_10;32;5281.185;7288.959;167.431;9.429;184.749;0.0
UAV_10;33;5271.842;7287.661;167.604;9.434;187.912;0.0
UAV_10;34;5262.576;7285.848;167.771;9.443;191.069;0.0
UAV_10;35;5253.413;7283.526;167.934;9.454;194.22;0.0
UAV_10;36;5244.377;7280.701;168.09;9.468;197.363;0.0
UAV_10;37;5235.494;7277.38;168.241;9.485;200.495;0.0
UAV_10;38;5226.787;7273.574;168.387;9.503;203.616;0.0
UAV_10;39;5218.282;7269.291;168.526;9.524;206.724;0.0
UAV_10;40;5210.0;7264.545;168.66;9.546;209.818;0.0
UAV_10;41;5201.965;7259.347;168.788;9.57;212.897;0.0
UAV_10;42;5194.199;7253.713;168.91;9.596;215.96;0.0
UAV_10;43;5186.722;7247.658;169.026;9.622;219.006;0.0
UAV_10;44;5179.556;7241.198;169.135;9.649;222.036;0.0
UAV_10;45;5172.721;7234.35;169.239;9.676;225.048;0.0
UAV_10;46;5166.234;7227.135;169.336;9.703;228.044;0.0
UAV_10;47;5160.114;7219.571;169.426;9.73;231.023;0.0
UAV_10;48;5154.377;7211.679;169.511;9.757;233.985;0.0
UAV_10;49;5150.0;7203.481;169.588;9.293;241.901;0.0
UAV_10;50;5150.0;7195.0;169.659;8.482;270.0;0.0
UAV_10;51;5150.0;7186.258;169.724;8.742;270.0;0.0
UAV_10;52;5150.0;7177.28;169.781;8.978;270.0;0.0
UAV_10;53;5150.0;7168.09;169.833;9.19;270.0;0.0
UAV_10;54;5150.0;7158.713;169.877;9.377;270.0;0.0
UAV_10;55;5150.0;7149.176;169.914;9.538;270.0;0.0
UAV_10;56;5150.0;7139.503;169.945;9.672;270.0;0.0
UAV_10;57;5150.0;7129.723;169.969;9.781;270.0;0.0
UAV_10;58;5150.0;7119.86;169.986;9.862;270.0;0.0
UAV_10;59;5150.0;7109.944;169.997;9.917;270.0;0.0
UAV_10;60;5150.0;7100.0;170.0;9.944;270.0;0.0
UAV_10;61;5150.0;7090.056;169.997;9.944;270.0;0.0
UAV_10;62;5150.0;7080.14;169.986;9.917;270.0;0.0
UAV_10;63;5150.0;7070.277;169.969;9.862;270.0;0.0
UAV_10;64;5150.0;7060.497;169.945;9.781;270.0;0.0
UAV_10;65;5150.0;7050.824;169.914;9.672;270.0;0.0
UAV_10;66;5150.0;7041.287;169.877;9.538;270.0;0.0
UAV_10;67;5150.0;7031.91;169.833;9.377;270.0;0.0
UAV_10;68;5150.0;7022.72;169.781;9.19;270.0;0.0
UAV_10;69;5150.0;7013.742;169.724;8.978;270.0;0.0
UAV_10;70;5150.0;7005.0;169.659;8.742;270.0;0.0
UAV_10;71;5150.0;6996.519;169.588;8.482;270.0;0.0
UAV_10;72;5154.377;6988.321;169.511;9.293;298.099;0.0
UAV_10;73;5160.114;6980.429;169.426;9.757;306.015;0.0
UAV_10;74;5166.234;6972.865;169.336;9.73;308.977;0.0
UAV_10;75;5172.721;6965.65;169.239;9.703;311.956;0.0
UAV_10;76;5179.556;6958.802;169.135;9.676;314.952;0.0
UAV_10;77;5186.722;6952.342;169.026;9.649;317.964;0.0
UAV_10;78;5194.199;6946.287;168.91;9.622;320.994;0.0
UAV_10;79;5201.965;6940.653;168.788;9.596;324.04;0.0
UAV_10;80;5210.0;6935.455;168.66;9.57;327.103;0.0
UAV_10;81;5218.282;6930.709;168.526;9.546;330.182;0.0
UAV_10;82;5226.787;6926.426;168.387;9.524;333.276;0.0
UAV_10;83;5235.494;6922.62;168.241;9.503;336.384;0.0
UAV_10;84;5244.377;6919.299;168.09;9.485;339.505;0.0
UAV_10;85;5253.413;6916.474;167.934;9.468;342.637;0.0
UAV_10;86;5262.576;6914.152;167.771;9.454;345.78;0.0
UAV_10;87;5271.842;6912.339;167.604;9.443;348.931;0.0
UAV_10;88;5281.185;6911.041;167.431;9.434;352.088;0.0
UAV_10;89;5290.58;6910.26;167.254;9.429;355.251;0.0
UAV_10;90;5300.0;6910.0;167.071;9.426;358.417;0.0
UAV_10;91;5309.42;6910.26;166.884;9.426;1.583;0.0
UAV_10;92;5318.815;6911.041;166.691;9.429;4.749;0.0
UAV_10;93;5328.158;6912.339;166.494;9.435;7.912;0.0
UAV_10;94;5337.424;6914.152;166.293;9.444;11.069;0.0
UAV_10;95;5346.587;6916.474;166.088;9.455;14.22;0.0
UAV_10;96;5355.623;6919.299;165.878;9.469;17.363;0.0
UAV_10;97;5364.506;6922.62;165.664;9.486;20.495;0.0
UAV_10;98;5373.213;6926.426;165.446;9.505;23.616;0.0
UAV_10;99;5381.718;6930.709;165.225;9.525;26.724;0.0
UAV_10;100;5390.0;6935.455;165.0;9.548;29.818;0.0
UAV_10;101;5398.035;6940.653;164.772;9.572;32.897;0.0
UAV_10;102;5405.801;6946.287;164.54;9.598;35.96;0.0
UAV_10;103;5413.278;6952.342;164.305;9.624;39.006;0.0
UAV_10;104;5420.444;6958.802;164.067;9.651;42.036;0.0
UAV_10;105;5427.279;6965.65;163.827;9.678;45.048;0.0
UAV_10;106;5433.766;6972.865;163.584;9.706;48.044;0.0
UAV_10;107;5439.886;6980.429;163.338;9.733;51.023;0.0
UAV_10;108;5445.623;6988.321;163.09;9.76;53.985;0.0
UAV_10;109;5450.961;6996.519;162.84;9.786;56.932;0.0
UAV_10;110;5455.885;7005.0;162.588;9.81;59.863;0.0
UAV_10;111;5460.381;7013.742;162.334;9.834;62.78;0.0
UAV_10;112;5464.438;7022.72;162.079;9.856;65.683;0.0
UAV_10;113;5468.044;7031.91;161.822;9.876;68.574;0.0
UAV_10;114;5471.19;7041.287;161.564;9.894;71.454;0.0
UAV_10;115;5473.867;7050.824;161.305;9.909;74.325;0.0
UAV_10;116;5476.067;7060.497;161.045;9.923;77.186;0.0
UAV_10;117;5477.784;7070.277;160.785;9.934;80.041;0.0
UAV_10;118;5479.014;7080.14;160.523;9.942;82.891;0.0
UAV_10;119;5479.753;7090.056;160.262;9.948;85.736;0.0
UAV_10;120;5480.0;7100.0;160.0;9.95;88.579;0.0
UAV_10;121;5479.753;7109.944;159.738;9.95;91.421;0.0
UAV_10;122;5479.014;7119.86;159.477;9.948;94.264;0.0
UAV_10;123;5477.784;7129.723;159.215;9.942;97.109;0.0
UAV_10;124;5476.067;7139.503;158.955;9.934;99.959;0.0
UAV_10;125;5473.867;7149.176;158.695;9.923;102.814;0.0
UAV_10;126;5471.19;7158.713;158.436;9.909;105.675;0.0
UAV_10;127;5468.044;7168.09;158.178;9.894;108.546;0.0
UAV_10;128;5464.438;7177.28;157.921;9.876;111.426;0.0
UAV_10;129;5460.381;7186.258;157.666;9.856;114.317;0.0
UAV_10;130;5455.885;7195.0;157.412;9.834;117.22;0.0
UAV_10;131;5450.961;7203.481;157.16;9.81;120.137;0.0
UAV_10;132;5445.623;7211.679;156.91;9.786;123.068;0.0
UAV_10;133;5439.886;7219.571;156.662;9.76;126.015;0.0
UAV_10;134;5433.766;7227.135;156.416;9.733;128.977;0.0
UAV_10;135;5427.279;7234.35;156.173;9.706;131.956;0.0
UAV_10;136;5420.444;7241.198;155.933;9.678;134.952;0.0
UAV_10;137;5413.278;7247.658;155.695;9.651;137.964;0.0
UAV_10;138;5405.801;7253.713;155.46;9.624;140.994;0.0
UAV_10;139;5398.035;7259.347;155.228;9.598;144.04;0.0
UAV_10;140;5390.0;7264.545;155.0;9.572;147.103;0.0
UAV_10;141;5381.718;7269.291;154.775;9.548;150.182;0.0
UAV_10;142;5373.213;7273.574;154.554;9.525;153.276;0.0
UAV_10;143;5364.506;7277.38;154.336;9.505;156.384;0.0
UAV_10;144;5355.623;7280.701;154.122;9.486;159.505;0.0
UAV_10;145;5346.587;7283.526;153.912;9.469;162.637;0.0
UAV_10;146;5337.424;7285.848;153.707;9.455;165.78;0.0
UAV_10;147;5328.158;7287.661;153.506;9.444;168.931;0.0
UAV_10;148;5318.815;7288.959;153.309;9.435;172.088;0.0
UAV_10;149;5309.42;7289.74;153.116;9.429;175.251;0.0
UAV_10;150;5300.0;7290.0;152.929;9.426;178.417;0.0
UAV_10;151;5290.58;7289.74;152.746;9.426;181.583;0.0
UAV_10;152;5281.185;7288.959;152.569;9.429;184.749;0.0
UAV_10;153;5271.842;7287.661;152.396;9.434;187.912;0.0
UAV_10;154;5262.576;7285.848;152.229;9.443;191.069;0.0
UAV_10;155;5253.413;7283.526;152.066;9.454;194.22;0.0
UAV_10;156;5244.377;7280.701;151.91;9.468;197.363;0.0
UAV_10;157;5235.494;7277.38;151.759;9.485;200.495;0.0
UAV_10;158;5226.787;7273.574;151.613;9.503;203.616;0.0
UAV_10;159;5218.282;7269.291;151.474;9.524;206.724;0.0
UAV_10;160;5210.0;7264.545;151.34;9.546;209.818;0.0
UAV_10;161;5201.965;7259.347;151.212;9.57;212.897;0.0
UAV_10;162;5194.199;7253.713;151.09;9.596;215.96;0.0
UAV_10;163;5186.722;7247.658;150.974;9.622;219.006;0.0
UAV_10;164;5179.556;7241.198;150.865;9.649;222.036;0.0
UAV_10;165;5172.721;7234.35;150.761;9.676;225.048;0.0
UAV_10;166;5166.234;7227.135;150.664;9.703;228.044;0.0
UAV_10;167;5160.114;7219.571;150.574;9.73;231.023;0.0
UAV_10;168;5154.377;7211.679;150.489;9.757;233.985;0.0
UAV_10;169;5150.0;7203.481;150.412;9.293;241.901;0.0
UAV_10;170;5150.0;7195.0;150.341;8.482;270.0;0.0
UAV_10;171;5150.0;7186.258;150.276;8.742;270.0;0.0
UAV_10;172;5150.0;7177.28;150.219;8.978;270.0;0.0
UAV_10;173;5150.0;7168.09;150.167;9.19;270.0;0.0
UAV_10;174;5150.0;7158.713;150.123;9.377;270.0;0.0
UAV_10;175;5150.0;7149.176;150.086;9.538;270.0;0.0
UAV_10;176;5150.0;7139.503;150.055;9.672;270.0;0.0
UAV_10;177;5150.0;7129.723;150.031;9.781;270.0;0.0
UAV_10;178;5150.0;7119.86;150.014;9.862;270.0;0.0
UAV_10;179;5150.0;7109.944;150.003;9.917;270.0;0.0
UAV_10;180;5150.0;7100.0;150.0;9.944;270.0;0.0
UAV_10;181;5150.0;7090.056;150.003;9.944;270.0;0.0
UAV_10;182;5150.0;7080.14;150.014;9.917;270.0;0.0
UAV_10;183;5150.0;7070.277;150.031;9.862;270.0;0.0
UAV_10;184;5150.0;7060.497;150.055;9.781;270.0;0.0
UAV_10;185;5150.0;7050.824;150.086;9.672;270.0;0.0
UAV_10;186;5150.0;7041.287;150.123;9.538;270.0;0.0
UAV_10;187;5150.0;7031.91;150.167;9.377;270.0;0.0
UAV_10;188;5150.0;7022.72;150.219;9.19;270.0;0.0
UAV_10;189;5150.0;7013.742;150.276;8.978;270.0;0.0
UAV_10;190;5150.0;7005.0;150.341;8.742;270.0;0.0
UAV_10;191;5150.0;6996.519;150.412;8.482;270.0;0.0
UAV_10;192;5154.377;6988.321;150.489;9.293;298.099;0.0
UAV_10;193;5160.114;6980.429;150.574;9.757;306.015;0.0
UAV_10;194;5166.234;6972.865;150.664;9.73;308.977;0.0
UAV_10;195;5172.721;6965.65;150.761;9.703;311.956;0.0
UAV_10;196;5179.556;6958.802;150.865;9.676;314.952;0.0
UAV_10;197;5186.722;6952.342;150.974;9.649;317.964;0.0
UAV_10;198;5194.199;6946.287;151.09;9.622;320.994;0.0
UAV_10;199;5201.965;6940.653;151.212;9.596;324.04;0.0
UAV_10;200;5210.0;6935.455;151.34;9.57;327.103;0.0
UAV_10;201;5218.282;6930.709;151.474;9.546;330.182;0.0
UAV_10;202;5226.787;6926.426;151.613;9.524;333.276;0.0
UAV_10;203;5235.494;6922.62;151.759;9.503;336.384;0.0
UAV_10;204;5244.377;6919.299;151.91;9.485;339.505;0.0
UAV_10;205;5253.413;6916.474;152.066;9.468;342.637;0.0
UAV_10;206;5262.576;6914.152;152.229;9.454;345.78;0.0
UAV_10;207;5271.842;6912.339;152.396;9.443;348.931;0.0
UAV_10;208;5281.185;6911.041;152.569;9.434;352.088;0.0
UAV_10;209;5290.58;6910.26;152.746;9.429;355.251;0.0
UAV_10;210;5300.0;6910.0;152.929;9.426;358.417;0.0
UAV_10;211;5309.42;6910.26;153.116;9.426;1.583;0.0
UAV_10;212;5318.815;6911.041;153.309;9.429;4.749;0.0
UAV_10;213;5328.158;6912.339;153.506;9.435;7.912;0.0
UAV_10;214;5337.424;6914.152;153.707;9.444;11.069;0.0
UAV_10;215;5346.587;6916.474;153.912;9.455;14.22;0.0
UAV_10;216;5355.623;6919.299;154.122;9.469;17.363;0.0
UAV_10;217;5364.506;6922.62;154.336;9.486;20.495;0.0
UAV_10;218;5373.213;6926.426;154.554;9.505;23.616;0.0
UAV_10;219;5381.718;6930.709;154.775;9.525;26.724;0.0
UAV_10;220;5390.0;6935.455;155.0;9.548;29.818;0.0
UAV_10;221;5398.035;6940.653;155.228;9.572;32.897;0.0
UAV_10;222;5405.801;6946.287;155.46;9.598;35.96;0.0
UAV_10;223;5413.278;6952.342;155.695;9.624;39.006;0.0
UAV_10;224;5420.444;6958.802;155.933;9.651;42.036;0.0
UAV_10;225;5427.279;6965.65;156.173;9.678;45.048;0.0
UAV_10;226;5433.766;6972.865;156.416;9.706;48.044;0.0
UAV_10;227;5439.886;6980.429;156.662;9.733;51.023;0.0
UAV_10;228;5445.623;6988.321;156.91;9.76;53.985;0.0
UAV_10;229;5450.961;6996.519;157.16;9.786;56.932;0.0
UAV_10;230;5455.885;7005.0;157.412;9.81;59.863;0.0
UAV_10;231;5460.381;7013.742;157.666;9.834;62.78;0.0
UAV_10;232;5464.438;7022.72;157.921;9.856;65.683;0.0
UAV_10;233;5468.044;7031.91;158.178;9.876;68.574;0.0
UAV_10;234;5471.19;7041.287;158.436;9.894;71.454;0.0
UAV_10;235;5473.867;7050.824;158.695;9.909;74.325;0.0
UAV_10;236;5476.067;7060.497;158.955;9.923;77.186;0.0
UAV_10;237;5477.784;7070.277;159.215;9.934;80.041;0.0
UAV_10;238;5479.014;7080.14;159.477;9.942;82.891;0.0
UAV_10;239;5479.753;7090.056;159.738;9.948;85.736;0.0
UAV_10;240;5480.0;7100.0;160.0;9.95;88.579;0.0
UAV_10;241;5479.753;7109.944;160.262;9.95;91.421;0.0
UAV_10;242;5479.014;7119.86;160.523;9.948;94.264;0.0
UAV_10;243;5477.784;7129.723;160.785;9.942;97.109;0.0
UAV_10;244;5476.067;7139.503;161.045;9.934;99.959;0.0
UAV_10;245;5473.867;7149.176;161.305;9.923;102.814;0.0
UAV_10;246;5471.19;7158.713;161.564;9.909;105.675;0.0
UAV_10;247;5468.044;7168.09;161.822;9.894;108.546;0.0
UAV_10;248;5464.438;7177.28;162.079;9.876;111.426;0.0
UAV_10;249;5460.381;7186.258;162.334;9.856;114.317;0.0
UAV_10;250;5455.885;7195.0;162.588;9.834;117.22;0.0
UAV_10;251;5450.961;7203.481;162.84;9.81;120.137;0.0
UAV_10;252;5445.623;7211.679;163.09;9.786;123.068;0.0
UAV_10;253;5439.886;7219.571;163.338;9.76;126.015;0.0
UAV_10;254;5433.766;7227.135;163.584;9.733;128.977;0.0
UAV_10;255;5427.279;7234.35;163.827;9.706;131.956;0.0
UAV_10;256;5420.444;7241.198;164.067;9.678;134.952;0.0
UAV_10;257;5413.278;7247.658;164.305;9.651;137.964;0.0
UAV_10;258;5405.801;7253.713;164.54;9.624;140.994;0.0
UAV_10;259;5398.035;7259.347;164.772;9.598;144.04;0.0
UAV_10;260;5390.0;7264.545;165.0;9.572;147.103;0.0
UAV_10;261;5381.718;7269.291;165.225;9.548;150.182;0.0
UAV_10;262;5373.213;7273.574;165.446;9.525;153.276;0.0
UAV_10;263;5364.506;7277.38;165.664;9.505;156.384;0.0
UAV_10;264;5355.623;7280.701;165.878;9.486;159.505;0.0
UAV_10;265;5346.587;7283.526;166.088;9.469;162.637;0.0
UAV_10;266;5337.424;7285.848;166.293;9.455;165.78;0.0
UAV_10;267;5328.158;7287.661;166.494;9.444;168.931;0.0
UAV_10;268;5318.815;7288.959;166.691;9.435;172.088;0.0
UAV_10;269;5309.42;7289.74;166.884;9.429;175.251;0.0
UAV_10;270;5300.0;7290.0;167.071;9.426;178.417;0.0
UAV_10;271;5290.58;7289.74;167.254;9.426;181.583;0.0
UAV_10;272;5281.185;7288.959;167.431;9.429;184.749;0.0
UAV_10;273;5271.842;7287.661;167.604;9.434;187.912;0.0
UAV_10;274;5262.576;7285.848;167.771;9.443;191.069;0.0
UAV_10;275;5253.413;7283.526;167.934;9.454;194.22;0.0
UAV_10;276;5244.377;7280.701;168.09;9.468;197.363;0.0
UAV_10;277;5235.494;7277.38;168.241;9.485;200.495;0.0
UAV_10;278;5226.787;7273.574;168.387;9.503;203.616;0.0
UAV_10;279;5218.282;7269.291;168.526;9.524;206.724;0.0
UAV_10;280;5210.0;7264.545;168.66;9.546;209.818;0.0
UAV_10;281;5201.965;7259.347;168.788;9.57;212.897;0.0
UAV_10;282;5194.199;7253.713;168.91;9.596;215.96;0.0
UAV_10;283;5186.722;7247.658;169.026;9.622;219.006;0.0
UAV_10;284;5179.556;7241.198;169.135;9.649;222.036;0.0
UAV_10;285;5172.721;7234.35;169.239;9.676;225.048;0.0
UAV_10;286;5166.234;7227.135;169.336;9.703;228.044;0.0
UAV_10;287;5160.114;7219.571;169.426;9.73;231.023;0.0
UAV_10;288;5154.377;7211.679;169.511;9.757;233.985;0.0
UAV_10;289;5150.0;7203.481;169.588;9.293;241.901;0.0
UAV_10;290;5150.0;7195.0;169.659;8.482;270.0;0.0
UAV_10;291;5150.0;7186.258;169.724;8.742;270.0;0.0
UAV_10;292;5150.0;7177.28;169.781;8.978;270.0;0.0
UAV_10;293;5150.0;7168.09;169.833;9.19;270.0;0.0
UAV_10;294;5150.0;7158.713;169.877;9.377;270.0;0.0
UAV_10;295;5150.0;7149.176;169.914;9.538;270.0;0.0
UAV_10;296;5150.0;7139.503;169.945;9.672;270.0;0.0
UAV_10;297;5150.0;7129.723;169.969;9.781;270.0;0.0
UAV_10;298;5150.0;7119.86;169.986;9.862;270.0;0.0
UAV_10;299;5150.0;7109.944;169.997;9.917;270.0;0.0
UAV_10;300;5150.0;7100.0;170.0;9.944;270.0;0.0
UAV_10;301;5150.0;7090.056;169.997;9.944;270.0;0.0
UAV_10;302;5150.0;7080.14;169.986;9.917;270.0;0.0
UAV_10;303;5150.0;7070.277;169.969;9.862;270.0;0.0
UAV_10;304;5150.0;7060.497;169.945;9.781;270.0;0.0
UAV_10;305;5150.0;7050.824;169.914;9.672;270.0;0.0
UAV_10;306;5150.0;7041.287;169.877;9.538;270.0;0.0
UAV_10;307;5150.0;7031.91;169.833;9.377;270.0;0.0
UAV_10;308;5150.0;7022.72;169.781;9.19;270.0;0.0
UAV_10;309;5150.0;7013.742;169.724;8.978;270.0;0.0
UAV_10;310;5150.0;7005.0;169.659;8.742;270.0;0.0
UAV_10;311;5150.0;6996.519;169.588;8.482;270.0;0.0
UAV_10;312;5154.377;6988.321;169.511;9.293;298.099;0.0
UAV_10;313;5160.114;6980.429;169.426;9.757;306.015;0.0
UAV_10;314;5166.234;6972.865;169.336;9.73;308.977;0.0
UAV_10;315;5172.721;6965.65;169.239;9.703;311.956;0.0
UAV_10;316;5179.556;6958.802;169.135;9.676;314.952;0.0
UAV_10;317;5186.722;6952.342;169.026;9.649;317.964;0.0
UAV_10;318;5194.199;6946.287;168.91;9.622;320.994;0.0
UAV_10;319;5201.965;6940.653;168.788;9.596;324.04;0.0
UAV_10;320;5210.0;6935.455;168.66;9.57;327.103;0.0
UAV_10;321;5218.282;6930.709;168.526;9.546;330.182;0.0
UAV_10;322;5226.787;6926.426;168.387;9.524;333.276;0.0
UAV_10;323;5235.494;6922.62;168.241;9.503;336.384;0.0
UAV_10;324;5244.377;6919.299;168.09;9.485;339.505;0.0
UAV_10;325;5253.413;6916.474;167.934;9.468;342.637;0.0
UAV_10;326;5262.576;6914.152;167.771;9.454;345.78;0.0
UAV_10;327;5271.842;6912.339;167.604;9.443;348.931;0.0
UAV_10;328;5281.185;6911.041;167.431;9.434;352.088;0.0
UAV_10;329;5290.58;6910.26;167.254;9.429;355.251;0.0
UAV_10;330;5300.0;6910.0;167.071;9.426;358.417;0.0
UAV_10;331;5309.42;6910.26;166.884;9.426;1.583;0.0
UAV_10;332;5318.815;6911.041;166.691;9.429;4.749;0.0
UAV_10;333;5328.158;6912.339;166.494;9.435;7.912;0.0
UAV_10;334;5337.424;6914.152;166.293;9.444;11.069;0.0
UAV_10;335;5346.587;6916.474;166.088;9.455;14.22;0.0
UAV_10;336;5355.623;6919.299;165.878;9.469;17.363;0.0
UAV_10;337;5364.506;6922.62;165.664;9.486;20.495;0.0
UAV_10;338;5373.213;6926.426;165.446;9.505;23.616;0.0
UAV_10;339;5381.718;6930.709;165.225;9.525;26.724;0.0
UAV_10;340;5390.0;6935.455;165.0;9.548;29.818;0.0
UAV_10;341;5398.035;6940.653;164.772;9.572;32.897;0.0
UAV_10;342;5405.801;6946.287;164.54;9.598;35.96;0.0
UAV_10;343;5413.278;6952.342;164.305;9.624;39.006;0.0
UAV_10;344;5420.444;6958.802;164.067;9.651;42.036;0.0
UAV_10;345;5427.279;6965.65;163.827;9.678;45.048;0.0
UAV_10;346;5433.766;6972.865;163.584;9.706;48.044;0.0
UAV_10;347;5439.886;6980.429;163.338;9.733;51.023;0.0
UAV_10;348;5445.623;6988.321;163.09;9.76;53.985;0.0
UAV_10;349;5450.961;6996.519;162.84;9.786;56.932;0.0
UAV_10;350;5455.885;7005.0;162.588;9.81;59.863;0.0
UAV_10;351;5460.381;7013.742;162.334;9.834;62.78;0.0
UAV_10;352;5464.438;7022.72;162.079;9.856;65.683;0.0
UAV_10;353;5468.044;7031.91;161.822;9.876;68.574;0.0
UAV_10;354;5471.19;7041.287;161.564;9.894;71.454;0.0
UAV_10;355;5473.867;7050.824;161.305;9.909;74.325;0.0
UAV_10;356;5476.067;7060.497;161.045;9.923;77.186;0.0
UAV_10;357;5477.784;7070.277;160.785;9.934;80.041;0.0
UAV_10;358;5479.014;7080.14;160.523;9.942;82.891;0.0
UAV_10;359;5479.753;7090.056;160.262;9.948;85.736;0.0
UAV_10;360;5480.0;7100.0;160.0;9.95;88.579;0.0
UAV_10;361;5479.753;7109.944;159.738;9.95;91.421;0.0
UAV_10;362;5479.014;7119.86;159.477;9.948;94.264;0.0
UAV_10;363;5477.784;7129.723;159.215;9.942;97.109;0.0
UAV_10;364;5476.067;7139.503;158.955;9.934;99.959;0.0
UAV_10;365;5473.867;7149.176;158.695;9.923;102.814;0.0
UAV_10;366;5471.19;7158.713;158.436;9.909;105.675;0.0
UAV_10;367;5468.044;7168.09;158.178;9.894;108.546;0.0
UAV_10;368;5464.438;7177.28;157.921;9.876;111.426;0.0
UAV_10;369;5460.381;7186.258;157.666;9.856;114.317;0.0
UAV_10;370;5455.885;7195.0;157.412;9.834;117.22;0.0
UAV_10;371;5450.961;7203.481;157.16;9.81;120.137;0.0
UAV_10;372;5445.623;7211.679;156.91;9.786;123.068;0.0
UAV_10;373;5439.886;7219.571;156.662;9.76;126.015;0.0
UAV_10;374;5433.766;7227.135;156.416;9.733;128.977;0.0
UAV_10;375;5427.279;7234.35;156.173;9.706;131.956;0.0
UAV_10;376;5420.444;7241.198;155.933;9.678;134.952;0.0
UAV_10;377;5413.278;7247.658;155.695;9.651;137.964;0.0
UAV_10;378;5405.801;7253.713;155.46;9.624;140.994;0.0
UAV_10;379;5398.035;7259.347;155.228;9.598;144.04;0.0
UAV_10;380;5390.0;7264.545;155.0;9.572;147.103;0.0
UAV_10;381;5381.718;7269.291;154.775;9.548;150.182;0.0
UAV_10;382;5373.213;7273.574;154.554;9.525;153.276;0.0
UAV_10;383;5364.506;7277.38;154.336;9.505;156.384;0.0
UAV_10;384;5355.623;7280.701;154.122;9.486;159.505;0.0
UAV_10;385;5346.587;7283.526;153.912;9.469;162.637;0.0
UAV_10;386;5337.424;7285.848;153.707;9.455;165.78;0.0
UAV_10;387;5328.158;7287.661;153.506;9.444;168.931;0.0
UAV_10;388;5318.815;7288.959;153.309;9.435;172.088;0.0
UAV_10;389;5309.42;7289.74;153.116;9.429;175.251;0.0
UAV_10;390;5300.0;7290.0;152.929;9.426;178.417;0.0
UAV_10;391;5290.58;7289.74;152.746;9.426;181.583;0.0
UAV_10;392;5281.185;7288.959;152.569;9.429;184.749;0.0
UAV_10;393;5271.842;7287.661;152.396;9.434;187.912;0.0
UAV_10;394;5262.576;7285.848;152.229;9.443;191.069;0.0
UAV_10;395;5253.413;7283.526;152.066;9.454;194.22;0.0
UAV_10;396;5244.377;7280.701;151.91;9.468;197.363;0.0
UAV_10;397;5235.494;7277.38;151.759;9.485;200.495;0.0
UAV_10;398;5226.787;7273.574;151.613;9.503;203.616;0.0
UAV_10;399;5218.282;7269.291;151.474;9.524;206.724;0.0
UAV_10;400;5210.0;7264.545;151.34;9.546;209.818;0.0
UAV_10;401;5201.965;7259.347;151.212;9.57;212.897;0.0
UAV_10;402;5194.199;7253.713;151.09;9.596;215.96;0.0
UAV_10;403;5186.722;7247.658;150.974;9.622;219.006;0.0
UAV_10;404;5179.556;7241.198;150.865;9.649;222.036;0.0
UAV_10;405;5172.721;7234.35;150.761;9.676;225.048;0.0
UAV_10;406;5166.234;7227.135;150.664;9.703;228.044;0.0
UAV_10;407;5160.114;7219.571;150.574;9.73;231.023;0.0
UAV_10;408;5154.377;7211.679;150.489;9.757;233.985;0.0
UAV_10;409;5150.0;7203.481;150.412;9.293;241.901;0.0
UAV_10;410;5150.0;7195.0;150.341;8.482;270.0;0.0
UAV_10;411;5150.0;7186.258;150.276;8.742;270.0;0.0
UAV_10;412;5150.0;7177.28;150.219;8.978;270.0;0.0
UAV_10;413;5150.0;7168.09;150.167;9.19;270.0;0.0
UAV_10;414;5150.0;7158.713;150.123;9.377;270.0;0.0
UAV_10;415;5150.0;7149.176;150.086;9.538;270.0;0.0
UAV_10;416;5150.0;7139.503;150.055;9.672;270.0;0.0
UAV_10;417;5150.0;7129.723;150.031;9.781;270.0;0.0
UAV_10;418;5150.0;7119.86;150.014;9.862;270.0;0.0
UAV_10;419;5150.0;7109.944;150.003;9.917;270.0;0.0
UAV_10;420;5150.0;7100.0;150.0;9.944;270.0;0.0
UAV_10;421;5150.0;7090.056;150.003;9.944;270.0;0.0
UAV_10;422;5150.0;7080.14;150.014;9.917;270.0;0.0
UAV_10;423;5150.0;7070.277;150.031;9.862;270.0;0.0
UAV_10;424;5150.0;7060.497;150.055;9.781;270.0;0.0
UAV_10;425;5150.0;7050.824;150.086;9.672;270.0;0.0
UAV_10;426;5150.0;7041.287;150.123;9.538;270.0;0.0
UAV_10;427;5150.0;7031.91;150.167;9.377;270.0;0.0
UAV_10;428;5150.0;7022.72;150.219;9.19;270.0;0.0
UAV_10;429;5150.0;7013.742;150.276;8.978;270.0;0.0
UAV_10;430;5150.0;7005.0;150.341;8.742;270.0;0.0
UAV_10;431;5150.0;6996.519;150.412;8.482;270.0;0.0
UAV_10;432;5154.377;6988.321;150.489;9.293;298.099;0.0
UAV_10;433;5160.114;6980.429;150.574;9.757;306.015;0.0
UAV_10;434;5166.234;6972.865;150.664;9.73;308.977;0.0
UAV_10;435;5172.721;6965.65;150.761;9.703;311.956;0.0
UAV_10;436;5179.556;6958.802;150.865;9.676;314.952;0.0
UAV_10;437;5186.722;6952.342;150.974;9.649;317.964;0.0
UAV_10;438;5194.199;6946.287;151.09;9.622;320.994;0.0
UAV_10;439;5201.965;6940.653;151.212;9.596;324.04;0.0
UAV_10;440;5210.0;6935.455;151.34;9.57;327.103;0.0
UAV_10;441;5218.282;6930.709;151.474;9.546;330.182;0.0
UAV_10;442;5226.787;6926.426;151.613;9.524;333.276;0.0
UAV_10;443;5235.494;6922.62;151.759;9.503;336.384;0.0
UAV_10;444;5244.377;6919.299;151.91;9.485;339.505;0.0
UAV_10;445;5253.413;6916.474;152.066;9.468;342.637;0.0
UAV_10;446;5262.576;6914.152;152.229;9.454;345.78;0.0
UAV_10;447;5271.842;6912.339;152.396;9.443;348.931;0.0
UAV_10;448;5281.185;6911.041;152.569;9.434;352.088;0.0
UAV_10;449;5290.58;6910.26;152.746;9.429;355.251;0.0
UAV_10;450;5300.0;6910.0;152.929;9.426;358.417;0.0
UAV_10;451;5309.42;6910.26;153.116;9.426;1.583;0.0
UAV_10;452;5318.815;6911.041;153.309;9.429;4.749;0.0
UAV_10;453;5328.158;6912.339;153.506;9.435;7.912;0.0
UAV_10;454;5337.424;6914.152;153.707;9.444;11.069;0.0
UAV_10;455;5346.587;6916.474;153.912;9.455;14.22;0.0
UAV_10;456;5355.623;6919.299;154.122;9.469;17.363;0.0
UAV_10;457;5364.506;6922.62;154.336;9.486;20.495;0.0
UAV_10;458;5373.213;6926.426;154.554;9.505;23.616;0.0
UAV_10;459;5381.718;6930.709;154.775;9.525;26.724;0.0
UAV_10;460;5390.0;6935.455;155.0;9.548;29.818;0.0
UAV_10;461;5398.035;6940.653;155.228;9.572;32.897;0.0
UAV_10;462;5405.801;6946.287;155.46;9.598;35.96;0.0
UAV_10;463;5413.278;6952.342;155.695;9.624;39.006;0.0
UAV_10;464;5420.444;6958.802;155.933;9.651;42.036;0.0
UAV_10;465;5427.279;6965.65;156.173;9.678;45.048;0.0
UAV_10;466;5433.766;6972.865;156.416;9.706;48.044;0.0
UAV_10;467;5439.886;6980.429;156.662;9.733;51.023;0.0
UAV_10;468;5445.623;6988.321;156.91;9.76;53.985;0.0
UAV_10;469;5450.961;6996.519;157.16;9.786;56.932;0.0
UAV_10;470;5455.885;7005.0;157.412;9.81;59.863;0.0
UAV_10;471;5460.381;7013.742;157.666;9.834;62.78;0.0
UAV_10;472;5464.438;7022.72;157.921;9.856;65.683;0.0
UAV_10;473;5468.044;7031.91;158.178;9.876;68.574;0.0
UAV_10;474;5471.19;7041.287;158.436;9.894;71.454;0.0
UAV_10;475;5473.867;7050.824;158.695;9.909;74.325;0.0
UAV_10;476;5476.067;7060.497;158.955;9.923;77.186;0.0
UAV_10;477;5477.784;7070.277;159.215;9.934;80.041;0.0
UAV_10;478;5479.014;7080.14;159.477;9.942;82.891;0.0
UAV_10;479;5479.753;7090.056;159.738;9.948;85.736;0.0
UAV_10;480;5480.0;7100.0;160.0;9.95;88.579;0.0
UAV_10;481;5479.753;7109.944;160.262;9.95;91.421;0.0
UAV_10;482;5479.014;7119.86;160.523;9.948;94.264;0.0
UAV_10;483;5477.784;7129.723;160.785;9.942;97.109;0.0
UAV_10;484;5476.067;7139.503;161.045;9.934;99.959;0.0
UAV_10;485;5473.867;7149.176;161.305;9.923;102.814;0.0
UAV_10;486;5471.19;7158.713;161.564;9.909;105.675;0.0
UAV_10;487;5468.044;7168.09;161.822;9.894;108.546;0.0
UAV_10;488;5464.438;7177.28;162.079;9.876;111.426;0.0
UAV_10;489;5460.381;7186.258;162.334;9.856;114.317;0.0
UAV_10;490;5455.885;7195.0;162.588;9.834;117.22;0.0
UAV_10;491;5450.961;7203.481;162.84;9.81;120.137;0.0
UAV_10;492;5445.623;7211.679;163.09;9.786;123.068;0.0
UAV_10;493;5439.886;7219.571;163.338;9.76;126.015;0.0
UAV_10;494;5433.766;7227.135;163.584;9.733;128.977;0.0
UAV_10;495;5427.279;7234.35;163.827;9.706;131.956;0.0
UAV_10;496;5420.444;7241.198;164.067;9.678;134.952;0.0
UAV_10;497;5413.278;7247.658;164.305;9.651;137.964;0.0
UAV_10;498;5405.801;7253.713;164.54;9.624;140.994;0.0
UAV_10;499;5398.035;7259.347;164.772;9.598;144.04;0.0
UAV_10;500;5390.0;7264.545;165.0;9.572;147.103;0.0
UAV_10;501;5381.718;7269.291;165.225;9.548;150.182;0.0
UAV_10;502;5373.213;7273.574;165.446;9.525;153.276;0.0
UAV_10;503;5364.506;7277.38;165.664;9.505;156.384;0.0
UAV_10;504;5355.623;7280.701;165.878;9.486;159.505;0.0
UAV_10;505;5346.587;7283.526;166.088;9.469;162.637;0.0
UAV_10;506;5337.424;7285.848;166.293;9.455;165.78;0.0
UAV_10;507;5328.158;7287.661;166.494;9.444;168.931;0.0
UAV_10;508;5318.815;7288.959;166.691;9.435;172.088;0.0
UAV_10;509;5309.42;7289.74;166.884;9.429;175.251;0.0
UAV_10;510;5300.0;7290.0;167.071;9.426;178.417;0.0
UAV_10;511;5290.58;7289.74;167.254;9.426;181.583;0.0
UAV_10;512;5281.185;7288.959;167.431;9.429;184.749;0.0
UAV_10;513;5271.842;7287.661;167.604;9.434;187.912;0.0
UAV_10;514;5262.576;7285.848;167.771;9.443;191.069;0.0
UAV_10;515;5253.413;7283.526;167.934;9.454;194.22;0.0
UAV_10;516;5244.377;7280.701;168.09;9.468;197.363;0.0
UAV_10;517;5235.494;7277.38;168.241;9.485;200.495;0.0
UAV_10;518;5226.787;7273.574;168.387;9.503;203.616;0.0
UAV_10;519;5218.282;7269.291;168.526;9.524;206.724;0.0
UAV_10;520;5210.0;7264.545;168.66;9.546;209.818;0.0
UAV_10;521;5201.965;7259.347;168.788;9.57;212.897;0.0
UAV_10;522;5194.199;7253.713;168.91;9.596;215.96;0.0
UAV_10;523;5186.722;7247.658;169.026;9.622;219.006;0.0
UAV_10;524;5179.556;7241.198;169.135;9.649;222.036;0.0
UAV_10;525;5172.721;7234.35;169.239;9.676;225.048;0.0
UAV_10;526;5166.234;7227.135;169.336;9.703;228.044;0.0
UAV_10;527;5160.114;7219.571;169.426;9.73;231.023;0.0
UAV_10;528;5154.377;7211.679;169.511;9.757;233.985;0.0
UAV_10;529;5150.0;7203.481;169.588;9.293;241.901;0.0
UAV_10;530;5150.0;7195.0;169.659;8.482;270.0;0.0
UAV_10;531;5150.0;7186.258;169.724;8.742;270.0;0.0
UAV_10;532;5150.0;7177.28;169.781;8.978;270.0;0.0
UAV_10;533;5150.0;7168.09;169.833;9.19;270.0;0.0
UAV_10;534;5150.0;7158.713;169.877;9.377;270.0;0.0
UAV_10;535;5150.0;7149.176;169.914;9.538;270.0;0.0
UAV_10;536;5150.0;7139.503;169.945;9.672;270.0;0.0
UAV_10;537;5150.0;7129.723;169.969;9.781;270.0;0.0
UAV_10;538;5150.0;7119.86;169.986;9.862;270.0;0.0
UAV_10;539;5150.0;7109.944;169.997;9.917;270.0;0.0
UAV_10;540;5150.0;7100.0;170.0;9.944;270.0;0.0
UAV_10;541;5150.0;7090.056;169.997;9.944;270.0;0.0
UAV_10;542;5150.0;7080.14;169.986;9.917;270.0;0.0
UAV_10;543;5150.0;7070.277;169.969;9.862;270.0;0.0
UAV_10;544;5150.0;7060.497;169.945;9.781;270.0;0.0
UAV_10;545;5150.0;7050.824;169.914;9.672;270.0;0.0
UAV_10;546;5150.0;7041.287;169.877;9.538;270.0;0.0
UAV_10;547;5150.0;7031.91;169.833;9.377;270.0;0.0
UAV_10;548;5150.0;7022.72;169.781;9.19;270.0;0.0
UAV_10;549;5150.0;7013.742;169.724;8.978;270.0;0.0
UAV_10;550;5150.0;7005.0;169.659;8.742;270.0;0.0
UAV_10;551;5150.0;6996.519;169.588;8.482;270.0;0.0
UAV_10;552;5154.377;6988.321;169.511;9.293;298.099;0.0
UAV_10;553;5160.114;6980.429;169.426;9.757;306.015;0.0
UAV_10;554;5166.234;6972.865;169.336;9.73;308.977;0.0
UAV_10;555;5172.721;6965.65;169.239;9.703;311.956;0.0
UAV_10;556;5179.556;6958.802;169.135;9.676;314.952;0.0
UAV_10;557;5186.722;6952.342;169.026;9.649;317.964;0.0
UAV_10;558;5194.199;6946.287;168.91;9.622;320.994;0.0
UAV_10;559;5201.965;6940.653;168.788;9.596;324.04;0.0
UAV_10;560;5210.0;6935.455;168.66;9.57;327.103;0.0
UAV_10;561;5218.282;6930.709;168.526;9.546;330.182;0.0
UAV_10;562;5226.787;6926.426;168.387;9.524;333.276;0.0
UAV_10;563;5235.494;6922.62;168.241;9.503;336.384;0.0
UAV_10;564;5244.377;6919.299;168.09;9.485;339.505;0.0
UAV_10;565;5253.413;6916.474;167.934;9.468;342.637;0.0
UAV_10;566;5262.576;6914.152;167.771;9.454;345.78;0.0
UAV_10;567;5271.842;6912.339;167.604;9.443;348.931;0.0
UAV_10;568;5281.185;6911.041;167.431;9.434;352.088;0.0
UAV_10;569;5290.58;6910.26;167.254;9.429;355.251;0.0
UAV_10;570;5300.0;6910.0;167.071;9.426;358.417;0.0
UAV_10;571;5309.42;6910.26;166.884;9.426;1.583;0.0
UAV_10;572;5318.815;6911.041;166.691;9.429;4.749;0.0
UAV_10;573;5328.158;6912.339;166.494;9.435;7.912;0.0
UAV_10;574;5337.424;6914.152;166.293;9.444;11.069;0.0
UAV_10;575;5346.587;6916.474;166.088;9.455;14.22;0.0
UAV_10;576;5355.623;6919.299;165.878;9.469;17.363;0.0
UAV_10;577;5364.506;6922.62;165.664;9.486;20.495;0.0
UAV_10;578;5373.213;6926.426;165.446;9.505;23.616;0.0
UAV_10;579;5381.718;6930.709;165.225;9.525;26.724;0.0
UAV_10;580;5390.0;6935.455;165.0;9.548;29.818;0.0
UAV_10;581;5398.035;6940.653;164.772;9.572;32.897;0.0
UAV_10;582;5405.801;6946.287;164.54;9.598;35.96;0.0
UAV_10;583;5413.278;6952.342;164.305;9.624;39.006;0.0
UAV_10;584;5420.444;6958.802;164.067;9.651;42.036;0.0
UAV_10;585;5427.279;6965.65;163.827;9.678;45.048;0.0
UAV_10;586;5433.766;6972.865;163.584;9.706;48.044;0.0
UAV_10;587;5439.886;6980.429;163.338;9.733;51.023;0.0
UAV_10;588;5445.623;6988.321;163.09;9.76;53.985;0.0
UAV_10;589;5450.961;6996.519;162.84;9.786;56.932;0.0
UAV_10;590;5455.885;7005.0;162.588;9.81;59.863;0.0
UAV_10;591;5460.381;7013.742;162.334;9.834;62.78;0.0
UAV_10;592;5464.438;7022.72;162.079;9.856;65.683;0.0
UAV_10;593;5468.044;7031.91;161.822;9.876;68.574;0.0
UAV_10;594;5471.19;7041.287;161.564;9.894;71.454;0.0
UAV_10;595;5473.867;7050.824;161.305;9.909;74.325;0.0
UAV_10;596;5476.067;7060.497;161.045;9.923;77.186;0.0
UAV_10;597;5477.784;7070.277;160.785;9.934;80.041;0.0
UAV_10;598;5479.014;7080.14;160.523;9.942;82.891;0.0
UAV_10;599;5479.753;7090.056;160.262;9.948;85.736;0.0
UAV_10;600;5480.0;7100.0;160.0;9.95;88.579;0.0
UAV_11;0;7061.803;7294.967;169.878;23.0;162.0;0.0
UAV_11;1;7052.09;7297.925;170.081;10.156;163.061;0.0
UAV_11;2;7042.243;7300.0;170.28;10.065;168.1;0.0
UAV_11;3;7032.287;7300.0;170.475;9.957;180.0;0.0
UAV_11;4;7022.249;7300.0;170.666;10.04;180.0;0.0
UAV_11;5;7012.154;7300.0;170.853;10.097;180.0;0.0
UAV_11;6;7002.027;7300.0;171.035;10.128;180.0;0.0
UAV_11;7;6991.895;7300.0;171.213;10.133;180.0;0.0
UAV_11;8;6981.784;7300.0;171.386;10.113;180.0;0.0
UAV_11;9;6971.719;7300.0;171.554;10.066;180.0;0.0
UAV_11;10;6961.728;7300.0;171.718;9.993;180.0;0.0
UAV_11;11;6951.834;7298.966;171.877;9.949;185.965;0.0
UAV_11;12;6942.064;7296.21;172.03;10.152;195.753;0.0
UAV_11;13;6932.443;7292.951;172.179;10.159;198.716;0.0
UAV_11;14;6922.995;7289.196;172.322;10.168;201.675;0.0
UAV_11;15;6913.745;7284.955;172.46;10.177;204.628;0.0
UAV_11;16;6904.717;7280.24;172.592;10.187;207.576;0.0
UAV_11;17;6895.933;7275.062;172.719;10.197;210.518;0.0
UAV_11;18;6887.416;7269.435;172.84;10.209;213.454;0.0
UAV_11;19;6879.188;7263.372;172.956;10.221;216.383;0.0
UAV_11;20;6871.27;7256.891;173.065;10.233;219.305;0.0
UAV_11;21;6863.683;7250.006;173.169;10.246;222.219;0.0
UAV_11;22;6856.445;7242.737;173.268;10.258;225.127;0.0
UAV_11;23;6849.576;7235.101;173.36;10.271;228.027;0.0
UAV_11;24;6843.094;7227.118;173.446;10.284;230.92;0.0
UAV_11;25;6837.014;7218.809;173.526;10.296;233.806;0.0
UAV_11;26;6831.352;7210.195;173.6;10.308;236.685;0.0
UAV_11;27;6826.123;7201.298;173.668;10.32;239.557;0.0
UAV_11;28;6821.341;7192.141;173.73;10.331;242.423;0.0
UAV_11;29;6817.017;7182.748;173.785;10.341;245.284;0.0
UAV_11;30;6813.163;7173.142;173.834;10.35;248.138;0.0
UAV_11;31;6809.789;7163.348;173.877;10.359;250.988;0.0
UAV_11;32;6806.903;7153.392;173.913;10.366;253.834;0.0
UAV_11;33;6804.512;7143.299;173.943;10.373;256.676;0.0
UAV_11;34;6802.623;7133.095;173.967;10.378;259.514;0.0
UAV_11;35;6801.241;7122.805;173.984;10.382;262.35;0.0
UAV_11;36;6800.37;7112.457;173.995;10.385;265.184;0.0
UAV_11;37;6800.01;7102.077;174.0;10.386;268.017;0.0
UAV_11;38;6800.164;7091.692;173.998;10.386;270.85;0.0
UAV_11;39;6800.831;7081.328;173.99;10.385;273.682;0.0
UAV_11;40;6802.01;7071.012;173.975;10.383;276.516;0.0
UAV_11;41;6803.696;7060.771;173.954;10.38;279.351;0.0
UAV_11;42;6805.886;7050.63;173.926;10.375;282.189;0.0
UAV_11;43;6808.575;7040.616;173.892;10.369;285.029;0.0
UAV_11;44;6811.755;7030.754;173.852;10.362;287.873;0.0
UAV_11;45;6815.419;7021.07;173.805;10.354;290.721;0.0
UAV_11;46;6819.556;7011.589;173.752;10.345;293.574;0.0
UAV_11;47;6824.156;7002.335;173.693;10.335;296.432;0.0
UAV_11;48;6829.208;6993.331;173.628;10.324;299.296;0.0
UAV_11;49;6834.698;6984.601;173.556;10.313;302.166;0.0
UAV_11;50;6840.612;6976.168;173.479;10.301;305.042;0.0
UAV_11;51;6846.936;6968.052;173.395;10.289;307.925;0.0
UAV_11;52;6853.652;6960.275;173.305;10.276;310.815;0.0
UAV_11;53;6860.745;6952.856;173.209;10.264;313.712;0.0
UAV_11;54;6868.194;6945.816;173.108;10.251;316.617;0.0
UAV_11;55;6875.982;6939.171;173.0;10.238;319.529;0.0
UAV_11;56;6884.089;6932.939;172.887;10.226;322.448;0.0
UAV_11;57;6892.493;6927.136;172.768;10.214;325.374;0.0
UAV_11;58;6901.172;6921.776;172.643;10.202;328.307;0.0
UAV_11;59;6910.106;6916.874;172.513;10.191;331.246;0.0
UAV_11;60;6919.27;6912.443;172.377;10.181;334.192;0.0
UAV_11;61;6928.642;6908.492;172.236;10.171;337.143;0.0
UAV_11;62;6938.197;6905.033;172.09;10.163;340.1;0.0
UAV_11;63;6947.91;6902.075;171.939;10.155;343.061;0.0
UAV_11;64;6957.757;6899.625;171.782;10.149;346.027;0.0
UAV_11;65;6967.713;6897.689;171.62;10.143;348.996;0.0
UAV_11;66;6977.751;6896.272;171.454;10.139;351.968;0.0
UAV_11;67;6987.846;6895.379;171.283;10.136;354.942;0.0
UAV_11;68;6997.973;6895.011;171.107;10.135;357.917;0.0
UAV_11;69;7008.105;6895.168;170.926;10.135;0.893;0.0
UAV_11;70;7018.216;6895.852;170.741;10.136;3.868;0.0
UAV_11;71;7028.281;6897.06;170.552;10.138;6.843;0.0
UAV_11;72;7038.272;6898.788;170.359;10.142;9.816;0.0
UAV_11;73;7048.166;6901.034;170.161;10.147;12.786;0.0
UAV_11;74;7057.936;6903.79;169.96;10.153;15.753;0.0
UAV_11;75;7067.557;6907.049;169.754;10.16;18.716;0.0
UAV_11;76;7077.005;6910.804;169.545;10.169;21.675;0.0
UAV_11;77;7086.255;6915.045;169.333;10.178;24.628;0.0
UAV_11;78;7095.283;6919.76;169.117;10.188;27.576;0.0
UAV_11;79;7104.067;6924.938;168.897;10.199;30.518;0.0
UAV_11;80;7112.584;6930.565;168.675;10.211;33.454;0.0
UAV_11;81;7120.812;6936.628;168.449;10.223;36.383;0.0
UAV_11;82;7128.73;6943.109;168.221;10.235;39.305;0.0
UAV_11;83;7136.317;6949.994;167.99;10.248;42.219;0.0
UAV_11;84;7143.555;6957.263;167.757;10.261;45.127;0.0
UAV_11;85;7150.0;6964.899;167.521;9.995;49.833;0.0
UAV_11;86;7150.0;6972.882;167.282;7.986;90.0;0.0
UAV_11;87;7150.0;6981.191;167.042;8.312;90.0;0.0
UAV_11;88;7150.0;6989.805;166.8;8.617;90.0;0.0
UAV_11;89;7150.0;6998.702;166.556;8.9;90.0;0.0
UAV_11;90;7150.0;7007.859;166.31;9.16;90.0;0.0
UAV_11;91;7150.0;7017.252;166.063;9.397;90.0;0.0
UAV_11;92;7150.0;7026.858;165.814;9.609;90.0;0.0
UAV_11;93;7150.0;7036.652;165.564;9.797;90.0;0.0
UAV_11;94;7150.0;7046.608;165.314;9.959;90.0;0.0
UAV_11;95;7150.0;7056.701;165.062;10.096;90.0;0.0
UAV_11;96;7150.0;7066.905;164.81;10.208;90.0;0.0
UAV_11;97;7150.0;7077.195;164.557;10.292;90.0;0.0
UAV_11;98;7150.0;7087.543;164.304;10.351;90.0;0.0
UAV_11;99;7150.0;7097.923;164.051;10.383;90.0;0.0
UAV_11;100;7150.0;7108.308;163.797;10.388;90.0;0.0
UAV_11;101;7150.0;7118.672;163.544;10.367;90.0;0.0
UAV_11;102;7150.0;7128.988;163.291;10.319;90.0;0.0
UAV_11;103;7150.0;7139.229;163.039;10.245;90.0;0.0
UAV_11;104;7150.0;7149.37;162.787;10.144;90.0;0.0
UAV_11;105;7150.0;7159.384;162.536;10.017;90.0;0.0
UAV_11;106;7150.0;7169.246;162.286;9.865;90.0;0.0
UAV_11;107;7150.0;7178.93;162.037;9.687;90.0;0.0
UAV_11;108;7150.0;7188.411;161.789;9.485;90.0;0.0
UAV_11;109;7150.0;7197.665;161.543;9.258;90.0;0.0
UAV_11;110;7150.0;7206.669;161.298;9.007;90.0;0.0
UAV_11;111;7150.0;7215.399;161.055;8.733;90.0;0.0
UAV_11;112;7150.0;7223.832;160.814;8.437;90.0;0.0
UAV_11;113;7150.0;7231.948;160.575;8.119;90.0;0.0
UAV_11;114;7146.348;7239.725;160.338;8.595;115.157;0.0
UAV_11;115;7139.255;7247.144;160.103;10.266;133.712;0.0
UAV_11;116;7131.806;7254.184;159.871;10.253;136.617;0.0
UAV_11;117;7124.018;7260.829;159.642;10.24;139.529;0.0
UAV_11;118;7115.911;7267.061;159.415;10.228;142.448;0.0
UAV_11;119;7107.507;7272.864;159.191;10.215;145.374;0.0
UAV_11;120;7098.828;7278.224;158.971;10.204;148.307;0.0
UAV_11;121;7089.894;7283.126;158.753;10.192;151.246;0.0
UAV_11;122;7080.73;7287.557;158.539;10.182;154.192;0.0
UAV_11;123;7071.358;7291.508;158.329;10.172;157.143;0.0
UAV_11;124;7061.803;7294.967;158.122;10.164;160.1;0.0
UAV_11;125;7052.09;7297.925;157.919;10.156;163.061;0.0
UAV_11;126;7042.243;7300.0;157.72;10.065;168.1;0.0
UAV_11;127;7032.287;7300.0;157.525;9.957;180.0;0.0
UAV_11;128;7022.249;7300.0;157.334;10.04;180.0;0.0
UAV_11;129;7012.154;7300.0;157.147;10.097;180.0;0.0
UAV_11;130;7002.027;7300.0;156.965;10.128;180.0;0.0
UAV_11;131;6991.895;7300.0;156.787;10.133;180.0;0.0
UAV_11;132;6981.784;7300.0;156.614;10.113;180.0;0.0
UAV_11;133;6971.719;7300.0;156.446;10.066;180.0;0.0
UAV_11;134;6961.728;7300.0;156.282;9.993;180.0;0.0
UAV_11;135;6951.834;7298.966;156.123;9.949;185.965;0.0
UAV_11;136;6942.064;7296.21;155.97;10.152;195.753;0.0
UAV_11;137;6932.443;7292.951;155.821;10.159;198.716;0.0
UAV_11;138;6922.995;7289.196;155.678;10.168;201.675;0.0
UAV_11;139;6913.745;7284.955;155.54;10.177;204.628;0.0
UAV_11;140;6904.717;7280.24;155.408;10.187;207.576;0.0
UAV_11;141;6895.933;7275.062;155.281;10.197;210.518;0.0
UAV_11;142;6887.416;7269.435;155.16;10.209;213.454;0.0
UAV_11;143;6879.188;7263.372;155.044;10.221;216.383;0.0
UAV_11;144;6871.27;7256.891;154.935;10.233;219.305;0.0
UAV_11;145;6863.683;7250.006;154.831;10.246;222.219;0.0
UAV_11;146;6856.445;7242.737;154.732;10.258;225.127;0.0
UAV_11;147;6849.576;7235.101;154.64;10.271;228.027;0.0
UAV_11;148;6843.094;7227.118;154.554;10.284;230.92;0.0
UAV_11;149;6837.014;7218.809;154.474;10.296;233.806;0.0
UAV_11;150;6831.352;7210.195;154.4;10.308;236.685;0.0
UAV_11;151;6826.123;7201.298;154.332;10.32;239.557;0.0
UAV_11;152;6821.341;7192.141;154.27;10.331;242.423;0.0
UAV_11;153;6817.017;7182.748;154.215;10.341;245.284;0.0
UAV_11;154;6813.163;7173.142;154.166;10.35;248.138;0.0
UAV_11;155;6809.789;7163.348;154.123;10.359;250.988;0.0
UAV_11;156;6806.903;7153.392;154.087;10.366;253.834;0.0
UAV_11;157;6804.512;7143.299;154.057;10.373;256.676;0.0
UAV_11;158;6802.623;7133.095;154.033;10.378;259.514;0.0
UAV_11;159;6801.241;7122.805;154.016;10.382;262.35;0.0
UAV_11;160;6800.37;7112.457;154.005;10.385;265.184;0.0
UAV_11;161;6800.01;7102.077;154.0;10.386;268.017;0.0
UAV_11;162;6800.164;7091.692;154.002;10.386;270.85;0.0
UAV_11;163;6800.831;7081.328;154.01;10.385;273.682;0.0
UAV_11;164;6802.01;7071.012;154.025;10.383;276.516;0.0
UAV_11;165;6803.696;7060.771;154.046;10.38;279.351;0.0
UAV_11;166;6805.886;7050.63;154.074;10.375;282.189;0.0
UAV_11;167;6808.575;7040.616;154.108;10.369;285.029;0.0
UAV_11;168;6811.755;7030.754;154.148;10.362;287.873;0.0
UAV_11;169;6815.419;7021.07;154.195;10.354;290.721;0.0
UAV_11;170;6819.556;7011.589;154.248;10.345;293.574;0.0
UAV_11;171;6824.156;7002.335;154.307;10.335;296.432;0.0
UAV_11;172;6829.208;6993.331;154.372;10.324;299.296;0.0
UAV_11;173;6834.698;6984.601;154.444;10.313;302.166;0.0
UAV_11;174;6840.612;6976.168;154.521;10.301;305.042;0.0
UAV_11;175;6846.936;6968.052;154.605;10.289;307.925;0.0
UAV_11;176;6853.652;6960.275;154.695;10.276;310.815;0.0
UAV_11;177;6860.745;6952.856;154.791;10.264;313.712;0.0
UAV_11;178;6868.194;6945.816;154.892;10.251;316.617;0.0
UAV_11;179;6875.982;6939.171;155.0;10.238;319.529;0.0
UAV_11;180;6884.089;6932.939;155.113;10.226;322.448;0.0
UAV_11;181;6892.493;6927.136;155.232;10.214;325.374;0.0
UAV_11;182;6901.172;6921.776;155.357;10.202;328.307;0.0
UAV_11;183;6910.106;6916.874;155.487;10.191;331.246;0.0
UAV_11;184;6919.27;6912.443;155.623;10.181;334.192;0.0
UAV_11;185;6928.642;6908.492;155.764;10.171;337.143;0.0
UAV_11;186;6938.197;6905.033;155.91;10.163;340.1;0.0
UAV_11;187;6947.91;6902.075;156.061;10.155;343.061;0.0
UAV_11;188;6957.757;6899.625;156.218;10.149;346.027;0.0
UAV_11;189;6967.713;6897.689;156.38;10.143;348.996;0.0
UAV_11;190;6977.751;6896.272;156.546;10.139;351.968;0.0
UAV_11;191;6987.846;6895.379;156.717;10.136;354.942;0.0
UAV_11;192;6997.973;6895.011;156.893;10.135;357.917;0.0
UAV_11;193;7008.105;6895.168;157.074;10.135;0.893;0.0
UAV_11;194;7018.216;6895.852;157.259;10.136;3.868;0.0
UAV_11;195;7028.281;6897.06;157.448;10.138;6.843;0.0
UAV_11;196;7038.272;6898.788;157.641;10.142;9.816;0.0
UAV_11;197;7048.166;6901.034;157.839;10.147;12.786;0.0
UAV_11;198;7057.936;6903.79;158.04;10.153;15.753;0.0
UAV_11;199;7067.557;6907.049;158.246;10.16;18.716;0.0
UAV_11;200;7077.005;6910.804;158.455;10.169;21.675;0.0
UAV_11;201;7086.255;6915.045;158.667;10.178;24.628;0.0
UAV_11;202;7095.283;6919.76;158.883;10.188;27.576;0.0
UAV_11;203;7104.067;6924.938;159.103;10.199;30.518;0.0
UAV_11;204;7112.584;6930.565;159.325;10.211;33.454;0.0
UAV_11;205;7120.812;6936.628;159.551;10.223;36.383;0.0
UAV_11;206;7128.73;6943.109;159.779;10.235;39.305;0.0
UAV_11;207;7136.317;6949.994;160.01;10.248;42.219;0.0
UAV_11;208;7143.555;6957.263;160.243;10.261;45.127;0.0
UAV_11;209;7150.0;6964.899;160.479;9.995;49.833;0.0
UAV_11;210;7150.0;6972.882;160.718;7.986;90.0;0.0
UAV_11;211;7150.0;6981.191;160.958;8.312;90.0;0.0
UAV_11;212;7150.0;6989.805;161.2;8.617;90.0;0.0
UAV_11;213;7150.0;6998.702;161.444;8.9;90.0;0.0
UAV_11;214;7150.0;7007.859;161.69;9.16;90.0;0.0
UAV_11;215;7150.0;7017.252;161.937;9.397;90.0;0.0
UAV_11;216;7150.0;7026.858;162.186;9.609;90.0;0.0
UAV_11;217;7150.0;7036.652;162.436;9.797;90.0;0.0
UAV_11;218;7150.0;7046.608;162.686;9.959;90.0;0.0
UAV_11;219;7150.0;7056.701;162.938;10.096;90.0;0.0
UAV_11;220;7150.0;7066.905;163.19;10.208;90.0;0.0
UAV_11;221;7150.0;7077.195;163.443;10.292;90.0;0.0
UAV_11;222;7150.0;7087.543;163.696;10.351;90.0;0.0
UAV_11;223;7150.0;7097.923;163.949;10.383;90.0;0.0
UAV_11;224;7150.0;7108.308;164.203;10.388;90.0;0.0
UAV_11;225;7150.0;7118.672;164.456;10.367;90.0;0.0
UAV_11;226;7150.0;7128.988;164.709;10.319;90.0;0.0
UAV_11;227;7150.0;7139.229;164.961;10.245;90.0;0.0
UAV_11;228;7150.0;7149.37;165.213;10.144;90.0;0.0
UAV_11;229;7150.0;7159.384;165.464;10.017;90.0;0.0
UAV_11;230;7150.0;7169.246;165.714;9.865;90.0;0.0
UAV_11;231;7150.0;7178.93;165.963;9.687;90.0;0.0
UAV_11;232;7150.0;7188.411;166.211;9.485;90.0;0.0
UAV_11;233;7150.0;7197.665;166.457;9.258;90.0;0.0
UAV_11;234;7150.0;7206.669;166.702;9.007;90.0;0.0
UAV_11;235;7150.0;7215.399;166.945;8.733;90.0;0.0
UAV_11;236;7150.0;7223.832;167.186;8.437;90.0;0.0
UAV_11;237;7150.0;7231.948;167.425;8.119;90.0;0.0
UAV_11;238;7146.348;7239.725;167.662;8.595;115.157;0.0
UAV_11;239;7139.255;7247.144;167.897;10.266;133.712;0.0
UAV_11;240;7131.806;7254.184;168.129;10.253;136.617;0.0
UAV_11;241;7124.018;7260.829;168.358;10.24;139.529;0.0
UAV_11;242;7115.911;7267.061;168.585;10.228;142.448;0.0
UAV_11;243;7107.507;7272.864;168.809;10.215;145.374;0.0
UAV_11;244;7098.828;7278.224;169.029;10.204;148.307;0.0
UAV_11;245;7089.894;7283.126;169.247;10.192;151.246;0.0
UAV_11;246;7080.73;7287.557;169.461;10.182;154.192;0.0
UAV_11;247;7071.358;7291.508;169.671;10.172;157.143;0.0
UAV_11;248;7061.803;7294.967;169.878;10.164;160.1;0.0
UAV_11;249;7052.09;7297.925;170.081;10.156;163.061;0.0
UAV_11;250;7042.243;7300.0;170.28;10.065;168.1;0.0
UAV_11;251;7032.287;7300.0;170.475;9.957;180.0;0.0
UAV_11;252;7022.249;7300.0;170.666;10.04;180.0;0.0
UAV_11;253;7012.154;7300.0;170.853;10.097;180.0;0.0
UAV_11;254;7002.027;7300.0;171.035;10.128;180.0;0.0
UAV_11;255;6991.895;7300.0;171.213;10.133;180.0;0.0
UAV_11;256;6981.784;7300.0;171.386;10.113;180.0;0.0
UAV_11;257;6971.719;7300.0;171.554;10.066;180.0;0.0
UAV_11;258;6961.728;7300.0;171.718;9.993;180.0;0.0
UAV_11;259;6951.834;7298.966;171.877;9.949;185.965;0.0
UAV_11;260;6942.064;7296.21;172.03;10.152;195.753;0.0
UAV_11;261;6932.443;7292.951;172.179;10.159;198.716;0.0
UAV_11;262;6922.995;7289.196;172.322;10.168;201.675;0.0
UAV_11;263;6913.745;7284.955;172.46;10.177;204.628;0.0
UAV_11;264;6904.717;7280.24;172.592;10.187;207.576;0.0
UAV_11;265;6895.933;7275.062;172.719;10.197;210.518;0.0
UAV_11;266;6887.416;7269.435;172.84;10.209;213.454;0.0
UAV_11;267;6879.188;7263.372;172.956;10.221;216.383;0.0
UAV_11;268;6871.27;7256.891;173.065;10.233;219.305;0.0
UAV_11;269;6863.683;7250.006;173.169;10.246;222.219;0.0
UAV_11;270;6856.445;7242.737;173.268;10.258;225.127;0.0
UAV_11;271;6849.576;7235.101;173.36;10.271;228.027;0.0
UAV_11;272;6843.094;7227.118;173.446;10.284;230.92;0.0
UAV_11;273;6837.014;7218.809;173.526;10.296;233.806;0.0
UAV_11;274;6831.352;7210.195;173.6;10.308;236.685;0.0
UAV_11;275;6826.123;7201.298;173.668;10.32;239.557;0.0
UAV_11;276;6821.341;7192.141;173.73;10.331;242.423;0.0
UAV_11;277;6817.017;7182.748;173.785;10.341;245.284;0.0
UAV_11;278;6813.163;7173.142;173.834;10.35;248.138;0.0
UAV_11;279;6809.789;7163.348;173.877;10.359;250.988;0.0
UAV_11;280;6806.903;7153.392;173.913;10.366;253.834;0.0
UAV_11;281;6804.512;7143.299;173.943;10.373;256.676;0.0
UAV_11;282;6802.623;7133.095;173.967;10.378;259.514;0.0
UAV_11;283;6801.241;7122.805;173.984;10.382;262.35;0.0
UAV_11;284;6800.37;7112.457;173.995;10.385;265.184;0.0
UAV_11;285;6800.01;7102.077;174.0;10.386;268.017;0.0
UAV_11;286;6800.164;7091.692;173.998;10.386;270.85;0.0
UAV_11;287;6800.831;7081.328;173.99;10.385;273.682;0.0
UAV_11;288;6802.01;7071.012;173.975;10.383;276.516;0.0
UAV_11;289;6803.696;7060.771;173.954;10.38;279.351;0.0
UAV_11;290;6805.886;7050.63;173.926;10.375;282.189;0.0
UAV_11;291;6808.575;7040.616;173.892;10.369;285.029;0.0
UAV_11;292;6811.755;7030.754;173.852;10.362;287.873;0.0
UAV_11;293;6815.419;7021.07;173.805;10.354;290.721;0.0
UAV_11;294;6819.556;7011.589;173.752;10.345;293.574;0.0
UAV_11;295;6824.156;7002.335;173.693;10.335;296.432;0.0
UAV_11;296;6829.208;6993.331;173.628;10.324;299.296;0.0
UAV_11;297;6834.698;6984.601;173.556;10.313;302.166;0.0
UAV_11;298;6840.612;6976.168;173.479;10.301;305.042;0.0
UAV_11;299;6846.936;6968.052;173.395;10.289;307.925;0.0
UAV_11;300;6853.652;6960.275;173.305;10.276;310.815;0.0
UAV_11;301;6860.745;6952.856;173.209;10.264;313.712;0.0
UAV_11;302;6868.194;6945.816;173.108;10.251;316.617;0.0
UAV_11;303;6875.982;6939.171;173.0;10.238;319.529;0.0
UAV_11;304;6884.089;6932.939;172.887;10.226;322.448;0.0
UAV_11;305;6892.493;6927.136;172.768;10.214;325.374;0.0
UAV_11;306;6901.172;6921.776;172.643;10.202;328.307;0.0
UAV_11;307;6910.106;6916.874;172.513;10.191;331.246;0.0
UAV_11;308;6919.27;6912.443;172.377;10.181;334.192;0.0
UAV_11;309;6928.642;6908.492;172.236;10.171;337.143;0.0
UAV_11;310;6938.197;6905.033;172.09;10.163;340.1;0.0
UAV_11;311;6947.91;6902.075;171.939;10.155;343.061;0.0
UAV_11;312;6957.757;6899.625;171.782;10.149;346.027;0.0
UAV_11;313;6967.713;6897.689;171.62;10.143;348.996;0.0
UAV_11;314;6977.751;6896.272;171.454;10.139;351.968;0.0
UAV_11;315;6987.846;6895.379;171.283;10.136;354.942;0.0
UAV_11;316;6997.973;6895.011;171.107;10.135;357.917;0.0
UAV_11;317;7008.105;6895.168;170.926;10.135;0.893;0.0
UAV_11;318;7018.216;6895.852;170.741;10.136;3.868;0.0
UAV_11;319;7028.281;6897.06;170.552;10.138;6.843;0.0
UAV_11;320;7038.272;6898.788;170.359;10.142;9.816;0.0
UAV_11;321;7048.166;6901.034;170.161;10.147;12.786;0.0
UAV_11;322;7057.936;6903.79;169.96;10.153;15.753;0.0
UAV_11;323;7067.557;6907.049;169.754;10.16;18.716;0.0
UAV_11;324;7077.005;6910.804;169.545;10.169;21.675;0.0
UAV_11;325;7086.255;6915.045;169.333;10.178;24.628;0.0
UAV_11;326;7095.283;6919.76;169.117;10.188;27.576;0.0
UAV_11;327;7104.067;6924.938;168.897;10.199;30.518;0.0
UAV_11;328;7112.584;6930.565;168.675;10.211;33.454;0.0
UAV_11;329;7120.812;6936.628;168.449;10.223;36.383;0.0
UAV_11;330;7128.73;6943.109;168.221;10.235;39.305;0.0
UAV_11;331;7136.317;6949.994;167.99;10.248;42.219;0.0
UAV_11;332;7143.555;6957.263;167.757;10.261;45.127;0.0
UAV_11;333;7150.0;6964.899;167.521;9.995;49.833;0.0
UAV_11;334;7150.0;6972.882;167.282;7.986;90.0;0.0
UAV_11;335;7150.0;6981.191;167.042;8.312;90.0;0.0
UAV_11;336;7150.0;6989.805;166.8;8.617;90.0;0.0
UAV_11;337;7150.0;6998.702;166.556;8.9;90.0;0.0
UAV_11;338;7150.0;7007.859;166.31;9.16;90.0;0.0
UAV_11;339;7150.0;7017.252;166.063;9.397;90.0;0.0
UAV_11;340;7150.0;7026.858;165.814;9.609;90.0;0.0
UAV_11;341;7150.0;7036.652;165.564;9.797;90.0;0.0
UAV_11;342;7150.0;7046.608;165.314;9.959;90.0;0.0
UAV_11;343;7150.0;7056.701;165.062;10.096;90.0;0.0
UAV_11;344;7150.0;7066.905;164.81;10.208;90.0;0.0
UAV_11;345;7150.0;7077.195;164.557;10.292;90.0;0.0
UAV_11;346;7150.0;7087.543;164.304;10.351;90.0;0.0
UAV_11;347;7150.0;7097.923;164.051;10.383;90.0;0.0
UAV_11;348;7150.0;7108.308;163.797;10.388;90.0;0.0
UAV_11;349;7150.0;7118.672;163.544;10.367;90.0;0.0
UAV_11;350;7150.0;7128.988;163.291;10.319;90.0;0.0
UAV_11;351;7150.0;7139.229;163.039;10.245;90.0;0.0
UAV_11;352;7150.0;7149.37;162.787;10.144;90.0;0.0
UAV_11;353;7150.0;7159.384;162.536;10.017;90.0;0.0
UAV_11;354;7150.0;7169.246;162.286;9.865;90.0;0.0
UAV_11;355;7150.0;7178.93;162.037;9.687;90.0;0.0
UAV_11;356;7150.0;7188.411;161.789;9.485;90.0;0.0
UAV_11;357;7150.0;7197.665;161.543;9.258;90.0;0.0
UAV_11;358;7150.0;7206.669;161.298;9.007;90.0;0.0
UAV_11;359;7150.0;7215.399;161.055;8.733;90.0;0.0
UAV_11;360;7150.0;7223.832;160.814;8.437;90.0;0.0
UAV_11;361;7150.0;7231.948;160.575;8.119;90.0;0.0
UAV_11;362;7146.348;7239.725;160.338;8.595;115.157;0.0
UAV_11;363;7139.255;7247.144;160.103;10.266;133.712;0.0
UAV_11;364;7131.806;7254.184;159.871;10.253;136.617;0.0
UAV_11;365;7124.018;7260.829;159.642;10.24;139.529;0.0
UAV_11;366;7115.911;7267.061;159.415;10.228;142.448;0.0
UAV_11;367;7107.507;7272.864;159.191;10.215;145.374;0.0
UAV_11;368;7098.828;7278.224;158.971;10.204;148.307;0.0
UAV_11;369;7089.894;7283.126;158.753;10.192;151.246;0.0
UAV_11;370;7080.73;7287.557;158.539;10.182;154.192;0.0
UAV_11;371;7071.358;7291.508;158.329;10.172;157.143;0.0
UAV_11;372;7061.803;7294.967;158.122;10.164;160.1;0.0
UAV_11;373;7052.09;7297.925;157.919;10.156;163.061;0.0
UAV_11;374;7042.243;7300.0;157.72;10.065;168.1;0.0
UAV_11;375;7032.287;7300.0;157.525;9.957;180.0;0.0
UAV_11;376;7022.249;7300.0;157.334;10.04;180.0;0.0
UAV_11;377;7012.154;7300.0;157.147;10.097;180.0;0.0
UAV_11;378;7002.027;7300.0;156.965;10.128;180.0;0.0
UAV_11;379;6991.895;7300.0;156.787;10.133;180.0;0.0
UAV_11;380;6981.784;7300.0;156.614;10.113;180.0;0.0
UAV_11;381;6971.719;7300.0;156.446;10.066;180.0;0.0
UAV_11;382;6961.728;7300.0;156.282;9.993;180.0;0.0
UAV_11;383;6951.834;7298.966;156.123;9.949;185.965;0.0
UAV_11;384;6942.064;7296.21;155.97;10.152;195.753;0.0
UAV_11;385;6932.443;7292.951;155.821;10.159;198.716;0.0
UAV_11;386;6922.995;7289.196;155.678;10.168;201.675;0.0
UAV_11;387;6913.745;7284.955;155.54;10.177;204.628;0.0
UAV_11;388;6904.717;7280.24;155.408;10.187;207.576;0.0
UAV_11;389;6895.933;7275.062;155.281;10.197;210.518;0.0
UAV_11;390;6887.416;7269.435;155.16;10.209;213.454;0.0
UAV_11;391;6879.188;7263.372;155.044;10.221;216.383;0.0
UAV_11;392;6871.27;7256.891;154.935;10.233;219.305;0.0
UAV_11;393;6863.683;7250.006;154.831;10.246;222.219;0.0
UAV_11;394;6856.445;7242.737;154.732;10.258;225.127;0.0
UAV_11;395;6849.576;7235.101;154.64;10.271;228.027;0.0
UAV_11;396;6843.094;7227.118;154.554;10.284;230.92;0.0
UAV_11;397;6837.014;7218.809;154.474;10.296;233.806;0.0
UAV_11;398;6831.352;7210.195;154.4;10.308;236.685;0.0
UAV_11;399;6826.123;7201.298;154.332;10.32;239.557;0.0
UAV_11;400;6821.341;7192.141;154.27;10.331;242.423;0.0
UAV_11;401;6817.017;7182.748;154.215;10.341;245.284;0.0
UAV_11;402;6813.163;7173.142;154.166;10.35;248.138;0.0
UAV_11;403;6809.789;7163.348;154.123;10.359;250.988;0.0
UAV_11;404;6806.903;7153.392;154.087;10.366;253.834;0.0
UAV_11;405;6804.512;7143.299;154.057;10.373;256.676;0.0
UAV_11;406;6802.623;7133.095;154.033;10.378;259.514;0.0
UAV_11;407;6801.241;7122.805;154.016;10.382;262.35;0.0
UAV_11;408;6800.37;7112.457;154.005;10.385;265.184;0.0
UAV_11;409;6800.01;7102.077;154.0;10.386;268.017;0.0
UAV_11;410;6800.164;7091.692;154.002;10.386;270.85;0.0
UAV_11;411;6800.831;7081.328;154.01;10.385;273.682;0.0
UAV_11;412;6802.01;7071.012;154.025;10.383;276.516;0.0
UAV_11;413;6803.696;7060.771;154.046;10.38;279.351;0.0
UAV_11;414;6805.886;7050.63;154.074;10.375;282.189;0.0
UAV_11;415;6808.575;7040.616;154.108;10.369;285.029;0.0
UAV_11;416;6811.755;7030.754;154.148;10.362;287.873;0.0
UAV_11;417;6815.419;7021.07;154.195;10.354;290.721;0.0
UAV_11;418;6819.556;7011.589;154.248;10.345;293.574;0.0
UAV_11;419;6824.156;7002.335;154.307;10.335;296.432;0.0
UAV_11;420;6829.208;6993.331;154.372;10.324;299.296;0.0
UAV_11;421;6834.698;6984.601;154.444;10.313;302.166;0.0
UAV_11;422;6840.612;6976.168;154.521;10.301;305.042;0.0
UAV_11;423;6846.936;6968.052;154.605;10.289;307.925;0.0
UAV_11;424;6853.652;6960.275;154.695;10.276;310.815;0.0
UAV_11;425;6860.745;6952.856;154.791;10.264;313.712;0.0
UAV_11;426;6868.194;6945.816;154.892;10.251;316.617;0.0
UAV_11;427;6875.982;6939.171;155.0;10.238;319.529;0.0
UAV_11;428;6884.089;6932.939;155.113;10.226;322.448;0.0
UAV_11;429;6892.493;6927.136;155.232;10.214;325.374;0.0
UAV_11;430;6901.172;6921.776;155.357;10.202;328.307;0.0
UAV_11;431;6910.106;6916.874;155.487;10.191;331.246;0.0
UAV_11;432;6919.27;6912.443;155.623;10.181;334.192;0.0
UAV_11;433;6928.642;6908.492;155.764;10.171;337.143;0.0
UAV_11;434;6938.197;6905.033;155.91;10.163;340.1;0.0
UAV_11;435;6947.91;6902.075;156.061;10.155;343.061;0.0
UAV_11;436;6957.757;6899.625;156.218;10.149;346.027;0.0
UAV_11;437;6967.713;6897.689;156.38;10.143;348.996;0.0
UAV_11;438;6977.751;6896.272;156.546;10.139;351.968;0.0
UAV_11;439;6987.846;6895.379;156.717;10.136;354.942;0.0
UAV_11;440;6997.973;6895.011;156.893;10.135;357.917;0.0
UAV_11;441;7008.105;6895.168;157.074;10.135;0.893;0.0
UAV_11;442;7018.216;6895.852;157.259;10.136;3.868;0.0
UAV_11;443;7028.281;6897.06;157.448;10.138;6.843;0.0
UAV_11;444;7038.272;6898.788;157.641;10.142;9.816;0.0
UAV_11;445;7048.166;6901.034;157.839;10.147;12.786;0.0
UAV_11;446;7057.936;6903.79;158.04;10.153;15.753;0.0
UAV_11;447;7067.557;6907.049;158.246;10.16;18.716;0.0
UAV_11;448;7077.005;6910.804;158.455;10.169;21.675;0.0
UAV_11;449;7086.255;6915.045;158.667;10.178;24.628;0.0
UAV_11;450;7095.283;6919.76;158.883;10.188;27.576;0.0
UAV_11;451;7104.067;6924.938;159.103;10.199;30.518;0.0
UAV_11;452;7112.584;6930.565;159.325;10.211;33.454;0.0
UAV_11;453;7120.812;6936.628;159.551;10.223;36.383;0.0
UAV_11;454;7128.73;6943.109;159.779;10.235;39.305;0.0
UAV_11;455;7136.317;6949.994;160.01;10.248;42.219;0.0
UAV_11;456;7143.555;6957.263;160.243;10.261;45.127;0.0
UAV_11;457;7150.0;6964.899;160.479;9.995;49.833;0.0
UAV_11;458;7150.0;6972.882;160.718;7.986;90.0;0.0
UAV_11;459;7150.0;6981.191;160.958;8.312;90.0;0.0
UAV_11;460;7150.0;6989.805;161.2;8.617;90.0;0.0
UAV_11;461;7150.0;6998.702;161.444;8.9;90.0;0.0
UAV_11;462;7150.0;7007.859;161.69;9.16;90.0;0.0
UAV_11;463;7150.0;7017.252;161.937;9.397;90.0;0.0
UAV_11;464;7150.0;7026.858;162.186;9.609;90.0;0.0
UAV_11;465;7150.0;7036.652;162.436;9.797;90.0;0.0
UAV_11;466;7150.0;7046.608;162.686;9.959;90.0;0.0
UAV_11;467;7150.0;7056.701;162.938;10.096;90.0;0.0
UAV_11;468;7150.0;7066.905;163.19;10.208;90.0;0.0
UAV_11;469;7150.0;7077.195;163.443;10.292;90.0;0.0
UAV_11;470;7150.0;7087.543;163.696;10.351;90.0;0.0
UAV_11;471;7150.0;7097.923;163.949;10.383;90.0;0.0
UAV_11;472;7150.0;7108.308;164.203;10.388;90.0;0.0
UAV_11;473;7150.0;7118.672;164.456;10.367;90.0;0.0
UAV_11;474;7150.0;7128.988;164.709;10.319;90.0;0.0
UAV_11;475;7150.0;7139.229;164.961;10.245;90.0;0.0
UAV_11;476;7150.0;7149.37;165.213;10.144;90.0;0.0
UAV_11;477;7150.0;7159.384;165.464;10.017;90.0;0.0
UAV_11;478;7150.0;7169.246;165.714;9.865;90.0;0.0
UAV_11;479;7150.0;7178.93;165.963;9.687;90.0;0.0
UAV_11;480;7150.0;7188.411;166.211;9.485;90.0;0.0
UAV_11;481;7150.0;7197.665;166.457;9.258;90.0;0.0
UAV_11;482;7150.0;7206.669;166.702;9.007;90.0;0.0
UAV_11;483;7150.0;7215.399;166.945;8.733;90.0;0.0
UAV_11;484;7150.0;7223.832;167.186;8.437;90.0;0.0
UAV_11;485;7150.0;7231.948;167.425;8.119;90.0;0.0
UAV_11;486;7146.348;7239.725;167.662;8.595;115.157;0.0
UAV_11;487;7139.255;7247.144;167.897;10.266;133.712;0.0
UAV_11;488;7131.806;7254.184;168.129;10.253;136.617;0.0
UAV_11;489;7124.018;7260.829;168.358;10.24;139.529;0.0
UAV_11;490;7115.911;7267.061;168.585;10.228;142.448;0.0
UAV_11;491;7107.507;7272.864;168.809;10.215;145.374;0.0
UAV_11;492;7098.828;7278.224;169.029;10.204;148.307;0.0
UAV_11;493;7089.894;7283.126;169.247;10.192;151.246;0.0
UAV_11;494;7080.73;7287.557;169.461;10.182;154.192;0.0
UAV_11;495;7071.358;7291.508;169.671;10.172;157.143;0.0
UAV_11;496;7061.803;7294.967;169.878;10.164;160.1;0.0
UAV_11;497;7052.09;7297.925;170.081;10.156;163.061;0.0
UAV_11;498;7042.243;7300.0;170.28;10.065;168.1;0.0
UAV_11;499;7032.287;7300.0;170.475;9.957;180.0;0.0
UAV_11;500;7022.249;7300.0;170.666;10.04;180.0;0.0
UAV_11;501;7012.154;7300.0;170.853;10.097;180.0;0.0
UAV_11;502;7002.027;7300.0;171.035;10.128;180.0;0.0
UAV_11;503;6991.895;7300.0;171.213;10.133;180.0;0.0
UAV_11;504;6981.784;7300.0;171.386;10.113;180.0;0.0
UAV_11;505;6971.719;7300.0;171.554;10.066;180.0;0.0
UAV_11;506;6961.728;7300.0;171.718;9.993;180.0;0.0
UAV_11;507;6951.834;7298.966;171.877;9.949;185.965;0.0
UAV_11;508;6942.064;7296.21;172.03;10.152;195.753;0.0
UAV_11;509;6932.443;7292.951;172.179;10.159;198.716;0.0
UAV_11;510;6922.995;7289.196;172.322;10.168;201.675;0.0
UAV_11;511;6913.745;7284.955;172.46;10.177;204.628;0.0
UAV_11;512;6904.717;7280.24;172.592;10.187;207.576;0.0
UAV_11;513;6895.933;7275.062;172.719;10.197;210.518;0.0
UAV_11;514;6887.416;7269.435;172.84;10.209;213.454;0.0
UAV_11;515;6879.188;7263.372;172.956;10.221;216.383;0.0
UAV_11;516;6871.27;7256.891;173.065;10.233;219.305;0.0
UAV_11;517;6863.683;7250.006;173.169;10.246;222.219;0.0
UAV_11;518;6856.445;7242.737;173.268;10.258;225.127;0.0
UAV_11;519;6849.576;7235.101;173.36;10.271;228.027;0.0
UAV_11;520;6843.094;7227.118;173.446;10.284;230.92;0.0
UAV_11;521;6837.014;7218.809;173.526;10.296;233.806;0.0
UAV_11;522;6831.352;7210.195;173.6;10.308;236.685;0.0
UAV_11;523;6826.123;7201.298;173.668;10.32;239.557;0.0
UAV_11;524;6821.341;7192.141;173.73;10.331;242.423;0.0
UAV_11;525;6817.017;7182.748;173.785;10.341;245.284;0.0
UAV_11;526;6813.163;7173.142;173.834;10.35;248.138;0.0
UAV_11;527;6809.789;7163.348;173.877;10.359;250.988;0.0
UAV_11;528;6806.903;7153.392;173.913;10.366;253.834;0.0
UAV_11;529;6804.512;7143.299;173.943;10.373;256.676;0.0
UAV_11;530;6802.623;7133.095;173.967;10.378;259.514;0.0
UAV_11;531;6801.241;7122.805;173.984;10.382;262.35;0.0
UAV_11;532;6800.37;7112.457;173.995;10.385;265.184;0.0
UAV_11;533;6800.01;7102.077;174.0;10.386;268.017;0.0
UAV_11;534;6800.164;7091.692;173.998;10.386;270.85;0.0
UAV_11;535;6800.831;7081.328;173.99;10.385;273.682;0.0
UAV_11;536;6802.01;7071.012;173.975;10.383;276.516;0.0
UAV_11;537;6803.696;7060.771;173.954;10.38;279.351;0.0
UAV_11;538;6805.886;7050.63;173.926;10.375;282.189;0.0
UAV_11;539;6808.575;7040.616;173.892;10.369;285.029;0.0
UAV_11;540;6811.755;7030.754;173.852;10.362;287.873;0.0
UAV_11;541;6815.419;7021.07;173.805;10.354;290.721;0.0
UAV_11;542;6819.556;7011.589;173.752;10.345;293.574;0.0
UAV_11;543;6824.156;7002.335;173.693;10.335;296.432;0.0
UAV_11;544;6829.208;6993.331;173.628;10.324;299.296;0.0
UAV_11;545;6834.698;6984.601;173.556;10.313;302.166;0.0
UAV_11;546;6840.612;6976.168;173.479;10.301;305.042;0.0
UAV_11;547;6846.936;6968.052;173.395;10.289;307.925;0.0
UAV_11;548;6853.652;6960.275;173.305;10.276;310.815;0.0
UAV_11;549;6860.745;6952.856;173.209;10.264;313.712;0.0
UAV_11;550;6868.194;6945.816;173.108;10.251;316.617;0.0
UAV_11;551;6875.982;6939.171;173.0;10.238;319.529;0.0
UAV_11;552;6884.089;6932.939;172.887;10.226;322.448;0.0
UAV_11;553;6892.493;6927.136;172.768;10.214;325.374;0.0
UAV_11;554;6901.172;6921.776;172.643;10.202;328.307;0.0
UAV_11;555;6910.106;6916.874;172.513;10.191;331.246;0.0
UAV_11;556;6919.27;6912.443;172.377;10.181;334.192;0.0
UAV_11;557;6928.642;6908.492;172.236;10.171;337.143;0.0
UAV_11;558;6938.197;6905.033;172.09;10.163;340.1;0.0
UAV_11;559;6947.91;6902.075;171.939;10.155;343.061;0.0
UAV_11;560;6957.757;6899.625;171.782;10.149;346.027;0.0
UAV_11;561;6967.713;6897.689;171.62;10.143;348.996;0.0
UAV_11;562;6977.751;6896.272;171.454;10.139;351.968;0.0
UAV_11;563;6987.846;6895.379;171.283;10.136;354.942;0.0
UAV_11;564;6997.973;6895.011;171.107;10.135;357.917;0.0
UAV_11;565;7008.105;6895.168;170.926;10.135;0.893;0.0
UAV_11;566;7018.216;6895.852;170.741;10.136;3.868;0.0
UAV_11;567;7028.281;6897.06;170.552;10.138;6.843;0.0
UAV_11;568;7038.272;6898.788;170.359;10.142;9.816;0.0
UAV_11;569;7048.166;6901.034;170.161;10.147;12.786;0.0
UAV_11;570;7057.936;6903.79;169.96;10.153;15.753;0.0
UAV_11;571;7067.557;6907.049;169.754;10.16;18.716;0.0
UAV_11;572;7077.005;6910.804;169.545;10.169;21.675;0.0
UAV_11;573;7086.255;6915.045;169.333;10.178;24.628;0.0
UAV_11;574;7095.283;6919.76;169.117;10.188;27.576;0.0
UAV_11;575;7104.067;6924.938;168.897;10.199;30.518;0.0
UAV_11;576;7112.584;6930.565;168.675;10.211;33.454;0.0
UAV_11;577;7120.812;6936.628;168.449;10.223;36.383;0.0
UAV_11;578;7128.73;6943.109;168.221;10.235;39.305;0.0
UAV_11;579;7136.317;6949.994;167.99;10.248;42.219;0.0
UAV_11;580;7143.555;6957.263;167.757;10.261;45.127;0.0
UAV_11;581;7150.0;6964.899;167.521;9.995;49.833;0.0
UAV_11;582;7150.0;6972.882;167.282;7.986;90.0;0.0
UAV_11;583;7150.0;6981.191;167.042;8.312;90.0;0.0
UAV_11;584;7150.0;6989.805;166.8;8.617;90.0;0.0
UAV_11;585;7150.0;6998.702;166.556;8.9;90.0;0.0
UAV_11;586;7150.0;7007.859;166.31;9.16;90.0;0.0
UAV_11;587;7150.0;7017.252;166.063;9.397;90.0;0.0
UAV_11;588;7150.0;7026.858;165.814;9.609;90.0;0.0
UAV_11;589;7150.0;7036.652;165.564;9.797;90.0;0.0
UAV_11;590;7150.0;7046.608;165.314;9.959;90.0;0.0
UAV_11;591;7150.0;7056.701;165.062;10.096;90.0;0.0
UAV_11;592;7150.0;7066.905;164.81;10.208;90.0;0.0
UAV_11;593;7150.0;7077.195;164.557;10.292;90.0;0.0
UAV_11;594;7150.0;7087.543;164.304;10.351;90.0;0.0
UAV_11;595;7150.0;7097.923;164.051;10.383;90.0;0.0
UAV_11;596;7150.0;7108.308;163.797;10.388;90.0;0.0
UAV_11;597;7150.0;7118.672;163.544;10.367;90.0;0.0
UAV_11;598;7150.0;7128.988;163.291;10.319;90.0;0.0
UAV_11;599;7150.0;7139.229;163.039;10.245;90.0;0.0
UAV_11;600;7150.0;7149.37;162.787;10.144;90.0;0.0
UAV_12;0;5150.0;5594.046;177.511;24.0;234.0;0.0
UAV_12;1;5150.0;5587.581;177.584;6.465;270.0;0.0
UAV_12;2;5150.0;5580.905;177.651;6.676;270.0;0.0
UAV_12;3;5150.0;5574.035;177.712;6.871;270.0;0.0
UAV_12;4;5150.0;5566.986;177.768;7.049;270.0;0.0
UAV_12;5;5150.0;5559.775;177.817;7.211;270.0;0.0
UAV_12;6;5150.0;5552.421;177.861;7.354;270.0;0.0
UAV_12;7;5150.0;5544.94;177.899;7.481;270.0;0.0
UAV_12;8;5150.0;5537.351;177.931;7.589;270.0;0.0
UAV_12;9;5150.0;5529.672;177.957;7.679;270.0;0.0
UAV_12;10;5150.0;5521.922;177.976;7.75;270.0;0.0
UAV_12;11;5150.0;5514.119;177.99;7.803;270.0;0.0
UAV_12;12;5150.0;5506.282;177.998;7.837;270.0;0.0
UAV_12;13;5150.0;5498.429;178.0;7.852;270.0;0.0
UAV_12;14;5150.0;5490.581;177.996;7.849;270.0;0.0
UAV_12;15;5150.0;5482.755;177.985;7.826;270.0;0.0
UAV_12;16;5150.0;5474.97;177.969;7.784;270.0;0.0
UAV_12;17;5150.0;5467.246;177.947;7.724;270.0;0.0
UAV_12;18;5150.0;5459.601;177.919;7.645;270.0;0.0
UAV_12;19;5150.0;5452.054;177.884;7.548;270.0;0.0
UAV_12;20;5150.0;5444.621;177.844;7.432;270.0;0.0
UAV_12;21;5150.0;5437.322;177.798;7.299;270.0;0.0
UAV_12;22;5150.0;5430.175;177.746;7.148;270.0;0.0
UAV_12;23;5150.0;5423.195;177.688;6.98;270.0;0.0
UAV_12;24;5150.0;5416.4;177.625;6.795;270.0;0.0
UAV_12;25;5150.0;5409.807;177.555;6.594;270.0;0.0
UAV_12;26;5150.0;5403.431;177.48;6.376;270.0;0.0
UAV_12;27;5150.0;5397.288;177.399;6.144;270.0;0.0
UAV_12;28;5150.0;5391.392;177.312;5.896;270.0;0.0
UAV_12;29;5150.0;5385.758;177.22;5.635;270.0;0.0
UAV_12;30;5153.864;5380.399;177.122;6.608;305.796;0.0
UAV_12;31;5162.11;5375.328;177.019;9.68;328.408;0.0
UAV_12;32;5170.687;5370.557;176.91;9.815;330.919;0.0
UAV_12;33;5179.576;5366.099;176.796;9.945;333.362;0.0
UAV_12;34;5188.755;5361.962;176.677;10.069;335.744;0.0
UAV_12;35;5198.202;5358.159;176.552;10.185;338.07;0.0
UAV_12;36;5207.895;5354.697;176.422;10.293;340.345;0.0
UAV_12;37;5217.809;5351.585;176.287;10.392;342.574;0.0
UAV_12;38;5227.921;5348.831;176.147;10.482;344.764;0.0
UAV_12;39;5238.207;5346.441;176.003;10.561;346.919;0.0
UAV_12;40;5248.642;5344.421;175.853;10.63;349.043;0.0
UAV_12;41;5259.201;5342.775;175.699;10.687;351.143;0.0
UAV_12;42;5269.857;5341.509;175.54;10.733;353.222;0.0
UAV_12;43;5280.587;5340.624;175.376;10.767;355.286;0.0
UAV_12;44;5291.363;5340.123;175.209;10.789;357.339;0.0
UAV_12;45;5302.16;5340.008;175.036;10.799;359.386;0.0
UAV_12;46;5312.952;5340.278;174.86;10.797;1.432;0.0
UAV_12;47;5323.712;5340.932;174.679;10.782;3.481;0.0
UAV_12;48;5334.416;5341.97;174.494;10.755;5.538;0.0
UAV_12;49;5345.036;5343.388;174.306;10.716;7.607;0.0
UAV_12;50;5355.548;5345.184;174.114;10.666;9.694;0.0
UAV_12;51;5365.926;5347.353;173.917;10.604;11.803;0.0
UAV_12;52;5376.146;5349.889;173.718;10.531;13.939;0.0
UAV_12;53;5386.182;5352.788;173.515;10.448;16.107;0.0
UAV_12;54;5396.01;5356.04;173.308;10.355;18.312;0.0
UAV_12;55;5405.607;5359.64;173.099;10.252;20.56;0.0
UAV_12;56;5414.95;5363.578;172.886;10.141;22.854;0.0
UAV_12;57;5424.015;5367.844;172.671;10.022;25.202;0.0
UAV_12;58;5432.782;5372.429;172.452;9.896;27.608;0.0
UAV_12;59;5441.229;5377.321;172.231;9.764;30.077;0.0
UAV_12;60;5449.336;5382.508;172.007;9.627;32.616;0.0
UAV_12;61;5457.083;5387.979;171.781;9.487;35.228;0.0
UAV_12;62;5464.452;5393.72;171.553;9.344;37.92;0.0
UAV_12;63;5471.424;5399.716;171.323;9.199;40.697;0.0
UAV_12;64;5477.984;5405.954;171.09;9.055;43.562;0.0
UAV_12;65;5484.114;5412.419;170.856;8.913;46.519;0.0
UAV_12;66;5489.802;5419.095;170.62;8.773;49.572;0.0
UAV_12;67;5495.031;5425.965;170.382;8.638;52.722;0.0
UAV_12;68;5499.791;5433.014;170.143;8.509;55.97;0.0
UAV_12;69;5504.07;5440.225;169.903;8.388;59.315;0.0
UAV_12;70;5507.857;5447.579;169.661;8.276;62.754;0.0
UAV_12;71;5511.144;5455.06;169.419;8.174;66.283;0.0
UAV_12;72;5513.921;5462.649;169.175;8.085;69.896;0.0
UAV_12;73;5516.184;5470.328;168.931;8.009;73.584;0.0
UAV_12;74;5517.925;5478.078;168.687;7.947;77.336;0.0
UAV_12;75;5519.142;5485.881;168.442;7.901;81.139;0.0
UAV_12;76;5519.83;5493.718;168.196;7.871;84.979;0.0
UAV_12;77;5519.989;5501.571;167.951;7.858;88.84;0.0
UAV_12;78;5519.618;5509.419;167.706;7.861;92.706;0.0
UAV_12;79;5518.718;5517.245;167.46;7.881;96.561;0.0
UAV_12;80;5517.291;5525.03;167.215;7.918;100.388;0.0
UAV_12;81;5515.341;5532.754;166.971;7.97;104.172;0.0
UAV_12;82;5512.872;5540.399;166.727;8.038;107.899;0.0
UAV_12;83;5509.89;5547.946;166.484;8.119;111.558;0.0
UAV_12;84;5506.402;5555.379;166.242;8.213;115.139;0.0
UAV_12;85;5502.417;5562.678;166.001;8.319;118.633;0.0
UAV_12;86;5497.945;5569.825;165.761;8.435;122.035;0.0
UAV_12;87;5492.995;5576.805;165.523;8.56;125.341;0.0
UAV_12;88;5487.581;5583.6;165.286;8.691;128.55;0.0
UAV_12;89;5481.715;5590.193;165.05;8.828;131.661;0.0
UAV_12;90;5475.411;5596.569;164.817;8.969;134.675;0.0
UAV_12;91;5468.684;5602.712;164.585;9.113;137.595;0.0
UAV_12;92;5461.551;5608.608;164.355;9.257;140.424;0.0
UAV_12;93;5454.029;5614.242;164.128;9.401;143.166;0.0
UAV_12;94;5446.136;5619.601;163.903;9.543;145.826;0.0
UAV_12;95;5437.89;5624.672;163.68;9.682;148.408;0.0
UAV_12;96;5429.313;5629.443;163.46;9.817;150.919;0.0
UAV_12;97;5420.424;5633.901;163.243;9.947;153.362;0.0
UAV_12;98;5411.245;5638.038;163.028;10.07;155.744;0.0
UAV_12;99;5401.798;5641.841;162.817;10.186;158.07;0.0
UAV_12;100;5392.105;5645.303;162.609;10.294;160.345;0.0
UAV_12;101;5382.191;5648.415;162.404;10.393;162.574;0.0
UAV_12;102;5372.079;5651.169;162.202;10.483;164.764;0.0
UAV_12;103;5361.793;5653.559;162.004;10.562;166.919;0.0
UAV_12;104;5351.358;5655.579;161.809;10.63;169.043;0.0
UAV_12;105;5340.799;5657.225;161.618;10.688;171.143;0.0
UAV_12;106;5330.143;5658.491;161.431;10.733;173.222;0.0
UAV_12;107;5319.413;5659.376;161.248;10.767;175.286;0.0
UAV_12;108;5308.637;5659.877;161.069;10.789;177.339;0.0
UAV_12;109;5297.84;5659.992;160.894;10.799;179.386;0.0
UAV_12;110;5287.048;5659.722;160.724;10.796;181.432;0.0
UAV_12;111;5276.288;5659.068;160.558;10.782;183.481;0.0
UAV_12;112;5265.584;5658.03;160.396;10.755;185.538;0.0
UAV_12;113;5254.964;5656.612;160.239;10.716;187.607;0.0
UAV_12;114;5244.452;5654.816;160.086;10.665;189.694;0.0
UAV_12;115;5234.074;5652.647;159.939;10.603;191.803;0.0
UAV_12;116;5223.854;5650.111;159.796;10.53;193.939;0.0
UAV_12;117;5213.818;5647.212;159.658;10.447;196.107;0.0
UAV_12;118;5203.99;5643.96;159.525;10.353;198.312;0.0
UAV_12;119;5194.393;5640.36;159.398;10.251;200.56;0.0
UAV_12;120;5185.05;5636.422;159.275;10.139;202.854;0.0
UAV_12;121;5175.985;5632.156;159.158;10.02;205.202;0.0
UAV_12;122;5167.218;5627.571;159.046;9.894;207.608;0.0
UAV_12;123;5158.771;5622.679;158.939;9.762;210.077;0.0
UAV_12;124;5150.664;5617.492;158.838;9.625;212.616;0.0
UAV_12;125;5150.0;5612.021;158.743;5.512;263.081;0.0
UAV_12;126;5150.0;5606.28;158.653;5.741;270.0;0.0
UAV_12;127;5150.0;5600.284;158.568;5.997;270.0;0.0
UAV_12;128;5150.0;5594.046;158.489;6.239;270.0;0.0
UAV_12;129;5150.0;5587.581;158.416;6.465;270.0;0.0
UAV_12;130;5150.0;5580.905;158.349;6.676;270.0;0.0
UAV_12;131;5150.0;5574.035;158.288;6.871;270.0;0.0
UAV_12;132;5150.0;5566.986;158.232;7.049;270.0;0.0
UAV_12;133;5150.0;5559.775;158.183;7.211;270.0;0.0
UAV_12;134;5150.0;5552.421;158.139;7.354;270.0;0.0
UAV_12;135;5150.0;5544.94;158.101;7.481;270.0;0.0
UAV_12;136;5150.0;5537.351;158.069;7.589;270.0;0.0
UAV_12;137;5150.0;5529.672;158.043;7.679;270.0;0.0
UAV_12;138;5150.0;5521.922;158.024;7.75;270.0;0.0
UAV_12;139;5150.0;5514.119;158.01;7.803;270.0;0.0
UAV_12;140;5150.0;5506.282;158.002;7.837;270.0;0.0
UAV_12;141;5150.0;5498.429;158.0;7.852;270.0;0.0
UAV_12;142;5150.0;5490.581;158.004;7.849;270.0;0.0
UAV_12;143;5150.0;5482.755;158.015;7.826;270.0;0.0
UAV_12;144;5150.0;5474.97;158.031;7.784;270.0;0.0
UAV_12;145;5150.0;5467.246;158.053;7.724;270.0;0.0
UAV_12;146;5150.0;5459.601;158.081;7.645;270.0;0.0
UAV_12;147;5150.0;5452.054;158.116;7.548;270.0;0.0
UAV_12;148;5150.0;5444.621;158.156;7.432;270.0;0.0
UAV_12;149;5150.0;5437.322;158.202;7.299;270.0;0.0
UAV_12;150;5150.0;5430.175;158.254;7.148;270.0;0.0
UAV_12;151;5150.0;5423.195;158.312;6.98;270.0;0.0
UAV_12;152;5150.0;5416.4;158.375;6.795;270.0;0.0
UAV_12;153;5150.0;5409.807;158.445;6.594;270.0;0.0
UAV_12;154;5150.0;5403.431;158.52;6.376;270.0;0.0
UAV_12;155;5150.0;5397.288;158.601;6.144;270.0;0.0
UAV_12;156;5150.0;5391.392;158.688;5.896;270.0;0.0
UAV_12;157;5150.0;5385.758;158.78;5.635;270.0;0.0
UAV_12;158;5153.864;5380.399;158.878;6.608;305.796;0.0
UAV_12;159;5162.11;5375.328;158.981;9.68;328.408;0.0
UAV_12;160;5170.687;5370.557;159.09;9.815;330.919;0.0
UAV_12;161;5179.576;5366.099;159.204;9.945;333.362;0.0
UAV_12;162;5188.755;5361.962;159.323;10.069;335.744;0.0
UAV_12;163;5198.202;5358.159;159.448;10.185;338.07;0.0
UAV_12;164;5207.895;5354.697;159.578;10.293;340.345;0.0
UAV_12;165;5217.809;5351.585;159.713;10.392;342.574;0.0
UAV_12;166;5227.921;5348.831;159.853;10.482;344.764;0.0
UAV_12;167;5238.207;5346.441;159.997;10.561;346.919;0.0
UAV_12;168;5248.642;5344.421;160.147;10.63;349.043;0.0
UAV_12;169;5259.201;5342.775;160.301;10.687;351.143;0.0
UAV_12;170;5269.857;5341.509;160.46;10.733;353.222;0.0
UAV_12;171;5280.587;5340.624;160.624;10.767;355.286;0.0
UAV_12;172;5291.363;5340.123;160.791;10.789;357.339;0.0
UAV_12;173;5302.16;5340.008;160.964;10.799;359.386;0.0
UAV_12;174;5312.952;5340.278;161.14;10.797;1.432;0.0
UAV_12;175;5323.712;5340.932;161.321;10.782;3.481;0.0
UAV_12;176;5334.416;5341.97;161.506;10.755;5.538;0.0
UAV_12;177;5345.036;5343.388;161.694;10.716;7.607;0.0
UAV_12;178;5355.548;5345.184;161.886;10.666;9.694;0.0
UAV_12;179;5365.926;5347.353;162.083;10.604;11.803;0.0
UAV_12;180;5376.146;5349.889;162.282;10.531;13.939;0.0
UAV_12;181;5386.182;5352.788;162.485;10.448;16.107;0.0
UAV_12;182;5396.01;5356.04;162.692;10.355;18.312;0.0
UAV_12;183;5405.607;5359.64;162.901;10.252;20.56;0.0
UAV_12;184;5414.95;5363.578;163.114;10.141;22.854;0.0
UAV_12;185;5424.015;5367.844;163.329;10.022;25.202;0.0
UAV_12;186;5432.782;5372.429;163.548;9.896;27.608;0.0
UAV_12;187;5441.229;5377.321;163.769;9.764;30.077;0.0
UAV_12;188;5449.336;5382.508;163.993;9.627;32.616;0.0
UAV_12;189;5457.083;5387.979;164.219;9.487;35.228;0.0
UAV_12;190;5464.452;5393.72;164.447;9.344;37.92;0.0
UAV_12;191;5471.424;5399.716;164.677;9.199;40.697;0.0
UAV_12;192;5477.984;5405.954;164.91;9.055;43.562;0.0
UAV_12;193;5484.114;5412.419;165.144;8.913;46.519;0.0
UAV_12;194;5489.802;5419.095;165.38;8.773;49.572;0.0
UAV_12;195;5495.031;5425.965;165.618;8.638;52.722;0.0
UAV_12;196;5499.791;5433.014;165.857;8.509;55.97;0.0
UAV_12;197;5504.07;5440.225;166.097;8.388;59.315;0.0
UAV_12;198;5507.857;5447.579;166.339;8.276;62.754;0.0
UAV_12;199;5511.144;5455.06;166.581;8.174;66.283;0.0
UAV_12;200;5513.921;5462.649;166.825;8.085;69.896;0.0
UAV_12;201;5516.184;5470.328;167.069;8.009;73.584;0.0
UAV_12;202;5517.925;5478.078;167.313;7.947;77.336;0.0
UAV_12;203;5519.142;5485.881;167.558;7.901;81.139;0.0
UAV_12;204;5519.83;5493.718;167.804;7.871;84.979;0.0
UAV_12;205;5519.989;5501.571;168.049;7.858;88.84;0.0
UAV_12;206;5519.618;5509.419;168.294;7.861;92.706;0.0
UAV_12;207;5518.718;5517.245;168.54;7.881;96.561;0.0
UAV_12;208;5517.291;5525.03;168.785;7.918;100.388;0.0
UAV_12;209;5515.341;5532.754;169.029;7.97;104.172;0.0
UAV_12;210;5512.872;5540.399;169.273;8.038;107.899;0.0
UAV_12;211;5509.89;5547.946;169.516;8.119;111.558;0.0
UAV_12;212;5506.402;5555.379;169.758;8.213;115.139;0.0
UAV_12;213;5502.417;5562.678;169.999;8.319;118.633;0.0
UAV_12;214;5497.945;5569.825;170.239;8.435;122.035;0.0
UAV_12;215;5492.995;5576.805;170.477;8.56;125.341;0.0
UAV_12;216;5487.581;5583.6;170.714;8.691;128.55;0.0
UAV_12;217;5481.715;5590.193;170.95;8.828;131.661;0.0
UAV_12;218;5475.411;5596.569;171.183;8.969;134.675;0.0
UAV_12;219;5468.684;5602.712;171.415;9.113;137.595;0.0
UAV_12;220;5461.551;5608.608;171.645;9.257;140.424;0.0
UAV_12;221;5454.029;5614.242;171.872;9.401;143.166;0.0
UAV_12;222;5446.136;5619.601;172.097;9.543;145.826;0.0
UAV_12;223;5437.89;5624.672;172.32;9.682;148.408;0.0
UAV_12;224;5429.313;5629.443;172.54;9.817;150.919;0.0
UAV_12;225;5420.424;5633.901;172.757;9.947;153.362;0.0
UAV_12;226;5411.245;5638.038;172.972;10.07;155.744;0.0
UAV_12;227;5401.798;5641.841;173.183;10.186;158.07;0.0
UAV_12;228;5392.105;5645.303;173.391;10.294;160.345;0.0
UAV_12;229;5382.191;5648.415;173.596;10.393;162.574;0.0
UAV_12;230;5372.079;5651.169;173.798;10.483;164.764;0.0
UAV_12;231;5361.793;5653.559;173.996;10.562;166.919;0.0
UAV_12;232;5351.358;5655.579;174.191;10.63;169.043;0.0
UAV_12;233;5340.799;5657.225;174.382;10.688;171.143;0.0
UAV_12;234;5330.143;5658.491;174.569;10.733;173.222;0.0
UAV_12;235;5319.413;5659.376;174.752;10.767;175.286;0.0
UAV_12;236;5308.637;5659.877;174.931;10.789;177.339;0.0
UAV_12;237;5297.84;5659.992;175.106;10.799;179.386;0.0
UAV_12;238;5287.048;5659.722;175.276;10.796;181.432;0.0
UAV_12;239;5276.288;5659.068;175.442;10.782;183.481;0.0
UAV_12;240;5265.584;5658.03;175.604;10.755;185.538;0.0
UAV_12;241;5254.964;5656.612;175.761;10.716;187.607;0.0
UAV_12;242;5244.452;5654.816;175.914;10.665;189.694;0.0
UAV_12;243;5234.074;5652.647;176.061;10.603;191.803;0.0
UAV_12;244;5223.854;5650.111;176.204;10.53;193.939;0.0
UAV_12;245;5213.818;5647.212;176.342;10.447;196.107;0.0
UAV_12;246;5203.99;5643.96;176.475;10.353;198.312;0.0
UAV_12;247;5194.393;5640.36;176.602;10.251;200.56;0.0
UAV_12;248;5185.05;5636.422;176.725;10.139;202.854;0.0
UAV_12;249;5175.985;5632.156;176.842;10.02;205.202;0.0
UAV_12;250;5167.218;5627.571;176.954;9.894;207.608;0.0
UAV_12;251;5158.771;5622.679;177.061;9.762;210.077;0.0
UAV_12;252;5150.664;5617.492;177.162;9.625;212.616;0.0
UAV_12;253;5150.0;5612.021;177.257;5.512;263.081;0.0
UAV_12;254;5150.0;5606.28;177.347;5.741;270.0;0.0
UAV_12;255;5150.0;5600.284;177.432;5.997;270.0;0.0
UAV_12;256;5150.0;5594.046;177.511;6.239;270.0;0.0
UAV_12;257;5150.0;5587.581;177.584;6.465;270.0;0.0
UAV_12;258;5150.0;5580.905;177.651;6.676;270.0;0.0
UAV_12;259;5150.0;5574.035;177.712;6.871;270.0;0.0
UAV_12;260;5150.0;5566.986;177.768;7.049;270.0;0.0
UAV_12;261;5150.0;5559.775;177.817;7.211;270.0;0.0
UAV_12;262;5150.0;5552.421;177.861;7.354;270.0;0.0
UAV_12;263;5150.0;5544.94;177.899;7.481;270.0;0.0
UAV_12;264;5150.0;5537.351;177.931;7.589;270.0;0.0
UAV_12;265;5150.0;5529.672;177.957;7.679;270.0;0.0
UAV_12;266;5150.0;5521.922;177.976;7.75;270.0;0.0
UAV_12;267;5150.0;5514.119;177.99;7.803;270.0;0.0
UAV_12;268;5150.0;5506.282;177.998;7.837;270.0;0.0
UAV_12;269;5150.0;5498.429;178.0;7.852;270.0;0.0
UAV_12;270;5150.0;5490.581;177.996;7.849;270.0;0.0
UAV_12;271;5150.0;5482.755;177.985;7.826;270.0;0.0
UAV_12;272;5150.0;5474.97;177.969;7.784;270.0;0.0
UAV_12;273;5150.0;5467.246;177.947;7.724;270.0;0.0
UAV_12;274;5150.0;5459.601;177.919;7.645;270.0;0.0
UAV_12;275;5150.0;5452.054;177.884;7.548;270.0;0.0
UAV_12;276;5150.0;5444.621;177.844;7.432;270.0;0.0
UAV_12;277;5150.0;5437.322;177.798;7.299;270.0;0.0
UAV_12;278;5150.0;5430.175;177.746;7.148;270.0;0.0
UAV_12;279;5150.0;5423.195;177.688;6.98;270.0;0.0
UAV_12;280;5150.0;5416.4;177.625;6.795;270.0;0.0
UAV_12;281;5150.0;5409.807;177.555;6.594;270.0;0.0
UAV_12;282;5150.0;5403.431;177.48;6.376;270.0;0.0
UAV_12;283;5150.0;5397.288;177.399;6.144;270.0;0.0
UAV_12;284;5150.0;5391.392;177.312;5.896;270.0;0.0
UAV_12;285;5150.0;5385.758;177.22;5.635;270.0;0.0
UAV_12;286;5153.864;5380.399;177.122;6.608;305.796;0.0
UAV_12;287;5162.11;5375.328;177.019;9.68;328.408;0.0
UAV_12;288;5170.687;5370.557;176.91;9.815;330.919;0.0
UAV_12;289;5179.576;5366.099;176.796;9.945;333.362;0.0
UAV_12;290;5188.755;5361.962;176.677;10.069;335.744;0.0
UAV_12;291;5198.202;5358.159;176.552;10.185;338.07;0.0
UAV_12;292;5207.895;5354.697;176.422;10.293;340.345;0.0
UAV_12;293;5217.809;5351.585;176.287;10.392;342.574;0.0
UAV_12;294;5227.921;5348.831;176.147;10.482;344.764;0.0
UAV_12;295;5238.207;5346.441;176.003;10.561;346.919;0.0
UAV_12;296;5248.642;5344.421;175.853;10.63;349.043;0.0
UAV_12;297;5259.201;5342.775;175.699;10.687;351.143;0.0
UAV_12;298;5269.857;5341.509;175.54;10.733;353.222;0.0
UAV_12;299;5280.587;5340.624;175.376;10.767;355.286;0.0
UAV_12;300;5291.363;5340.123;175.209;10.789;357.339;0.0
UAV_12;301;5302.16;5340.008;175.036;10.799;359.386;0.0
UAV_12;302;5312.952;5340.278;174.86;10.797;1.432;0.0
UAV_12;303;5323.712;5340.932;174.679;10.782;3.481;0.0
UAV_12;304;5334.416;5341.97;174.494;10.755;5.538;0.0
UAV_12;305;5345.036;5343.388;174.306;10.716;7.607;0.0
UAV_12;306;5355.548;5345.184;174.114;10.666;9.694;0.0
UAV_12;307;5365.926;5347.353;173.917;10.604;11.803;0.0
UAV_12;308;5376.146;5349.889;173.718;10.531;13.939;0.0
UAV_12;309;5386.182;5352.788;173.515;10.448;16.107;0.0
UAV_12;310;5396.01;5356.04;173.308;10.355;18.312;0.0
UAV_12;311;5405.607;5359.64;173.099;10.252;20.56;0.0
UAV_12;312;5414.95;5363.578;172.886;10.141;22.854;0.0
UAV_12;313;5424.015;5367.844;172.671;10.022;25.202;0.0
UAV_12;314;5432.782;5372.429;172.452;9.896;27.608;0.0
UAV_12;315;5441.229;5377.321;172.231;9.764;30.077;0.0
UAV_12;316;5449.336;5382.508;172.007;9.627;32.616;0.0
UAV_12;317;5457.083;5387.979;171.781;9.487;35.228;0.0
UAV_12;318;5464.452;5393.72;171.553;9.344;37.92;0.0
UAV_12;319;5471.424;5399.716;171.323;9.199;40.697;0.0
UAV_12;320;5477.984;5405.954;171.09;9.055;43.562;0.0
UAV_12;321;5484.114;5412.419;170.856;8.913;46.519;0.0
UAV_12;322;5489.802;5419.095;170.62;8.773;49.572;0.0
UAV_12;323;5495.031;5425.965;170.382;8.638;52.722;0.0
UAV_12;324;5499.791;5433.014;170.143;8.509;55.97;0.0
UAV_12;325;5504.07;5440.225;169.903;8.388;59.315;0.0
UAV_12;326;5507.857;5447.579;169.661;8.276;62.754;0.0
UAV_12;327;5511.144;5455.06;169.419;8.174;66.283;0.0
UAV_12;328;5513.921;5462.649;169.175;8.085;69.896;0.0
UAV_12;329;5516.184;5470.328;168.931;8.009;73.584;0.0
UAV_12;330;5517.925;5478.078;168.687;7.947;77.336;0.0
UAV_12;331;5519.142;5485.881;168.442;7.901;81.139;0.0
UAV_12;332;5519.83;5493.718;168.196;7.871;84.979;0.0
UAV_12;333;5519.989;5501.571;167.951;7.858;88.84;0.0
UAV_12;334;5519.618;5509.419;167.706;7.861;92.706;0.0
UAV_12;335;5518.718;5517.245;167.46;7.881;96.561;0.0
UAV_12;336;5517.291;5525.03;167.215;7.918;100.388;0.0
UAV_12;337;5515.341;5532.754;166.971;7.97;104.172;0.0
UAV_12;338;5512.872;5540.399;166.727;8.038;107.899;0.0
UAV_12;339;5509.89;5547.946;166.484;8.119;111.558;0.0
UAV_12;340;5506.402;5555.379;166.242;8.213;115.139;0.0
UAV_12;341;5502.417;5562.678;166.001;8.319;118.633;0.0
UAV_12;342;5497.945;5569.825;165.761;8.435;122.035;0.0
UAV_12;343;5492.995;5576.805;165.523;8.56;125.341;0.0
UAV_12;344;5487.581;5583.6;165.286;8.691;128.55;0.0
UAV_12;345;5481.715;5590.193;165.05;8.828;131.661;0.0
UAV_12;346;5475.411;5596.569;164.817;8.969;134.675;0.0
UAV_12;347;5468.684;5602.712;164.585;9.113;137.595;0.0
UAV_12;348;5461.551;5608.608;164.355;9.257;140.424;0.0
UAV_12;349;5454.029;5614.242;164.128;9.401;143.166;0.0
UAV_12;350;5446.136;5619.601;163.903;9.543;145.826;0.0
UAV_12;351;5437.89;5624.672;163.68;9.682;148.408;0.0
UAV_12;352;5429.313;5629.443;163.46;9.817;150.919;0.0
UAV_12;353;5420.424;5633.901;163.243;9.947;153.362;0.0
UAV_12;354;5411.245;5638.038;163.028;10.07;155.744;0.0
UAV_12;355;5401.798;5641.841;162.817;10.186;158.07;0.0
UAV_12;356;5392.105;5645.303;162.609;10.294;160.345;0.0
UAV_12;357;5382.191;5648.415;162.404;10.393;162.574;0.0
UAV_12;358;5372.079;5651.169;162.202;10.483;164.764;0.0
UAV_12;359;5361.793;5653.559;162.004;10.562;166.919;0.0
UAV_12;360;5351.358;5655.579;161.809;10.63;169.043;0.0
UAV_12;361;5340.799;5657.225;161.618;10.688;171.143;0.0
UAV_12;362;5330.143;5658.491;161.431;10.733;173.222;0.0
UAV_12;363;5319.413;5659.376;161.248;10.767;175.286;0.0
UAV_12;364;5308.637;5659.877;161.069;10.789;177.339;0.0
UAV_12;365;5297.84;5659.992;160.894;10.799;179.386;0.0
UAV_12;366;5287.048;5659.722;160.724;10.796;181.432;0.0
UAV_12;367;5276.288;5659.068;160.558;10.782;183.481;0.0
UAV_12;368;5265.584;5658.03;160.396;10.755;185.538;0.0
UAV_12;369;5254.964;5656.612;160.239;10.716;187.607;0.0
UAV_12;370;5244.452;5654.816;160.086;10.665;189.694;0.0
UAV_12;371;5234.074;5652.647;159.939;10.603;191.803;0.0
UAV_12;372;5223.854;5650.111;159.796;10.53;193.939;0.0
UAV_12;373;5213.818;5647.212;159.658;10.447;196.107;0.0
UAV_12;374;5203.99;5643.96;159.525;10.353;198.312;0.0
UAV_12;375;5194.393;5640.36;159.398;10.251;200.56;0.0
UAV_12;376;5185.05;5636.422;159.275;10.139;202.854;0.0
UAV_12;377;5175.985;5632.156;159.158;10.02;205.202;0.0
UAV_12;378;5167.218;5627.571;159.046;9.894;207.608;0.0
UAV_12;379;5158.771;5622.679;158.939;9.762;210.077;0.0
UAV_12;380;5150.664;5617.492;158.838;9.625;212.616;0.0
UAV_12;381;5150.0;5612.021;158.743;5.512;263.081;0.0
UAV_12;382;5150.0;5606.28;158.653;5.741;270.0;0.0
UAV_12;383;5150.0;5600.284;158.568;5.997;270.0;0.0
UAV_12;384;5150.0;5594.046;158.489;6.239;270.0;0.0
UAV_12;385;5150.0;5587.581;158.416;6.465;270.0;0.0
UAV_12;386;5150.0;5580.905;158.349;6.676;270.0;0.0
UAV_12;387;5150.0;5574.035;158.288;6.871;270.0;0.0
UAV_12;388;5150.0;5566.986;158.232;7.049;270.0;0.0
UAV_12;389;5150.0;5559.775;158.183;7.211;270.0;0.0
UAV_12;390;5150.0;5552.421;158.139;7.354;270.0;0.0
UAV_12;391;5150.0;5544.94;158.101;7.481;270.0;0.0
UAV_12;392;5150.0;5537.351;158.069;7.589;270.0;0.0
UAV_12;393;5150.0;5529.672;158.043;7.679;270.0;0.0
UAV_12;394;5150.0;5521.922;158.024;7.75;270.0;0.0
UAV_12;395;5150.0;5514.119;158.01;7.803;270.0;0.0
UAV_12;396;5150.0;5506.282;158.002;7.837;270.0;0.0
UAV_12;397;5150.0;5498.429;158.0;7.852;270.0;0.0
UAV_12;398;5150.0;5490.581;158.004;7.849;270.0;0.0
UAV_12;399;5150.0;5482.755;158.015;7.826;270.0;0.0
UAV_12;400;5150.0;5474.97;158.031;7.784;270.0;0.0
UAV_12;401;5150.0;5467.246;158.053;7.724;270.0;0.0
UAV_12;402;5150.0;5459.601;158.081;7.645;270.0;0.0
UAV_12;403;5150.0;5452.054;158.116;7.548;270.0;0.0
UAV_12;404;5150.0;5444.621;158.156;7.432;270.0;0.0
UAV_12;405;5150.0;5437.322;158.202;7.299;270.0;0.0
UAV_12;406;5150.0;5430.175;158.254;7.148;270.0;0.0
UAV_12;407;5150.0;5423.195;158.312;6.98;270.0;0.0
UAV_12;408;5150.0;5416.4;158.375;6.795;270.0;0.0
UAV_12;409;5150.0;5409.807;158.445;6.594;270.0;0.0
UAV_12;410;5150.0;5403.431;158.52;6.376;270.0;0.0
UAV_12;411;5150.0;5397.288;158.601;6.144;270.0;0.0
UAV_12;412;5150.0;5391.392;158.688;5.896;270.0;0.0
UAV_12;413;5150.0;5385.758;158.78;5.635;270.0;0.0
UAV_12;414;5153.864;5380.399;158.878;6.608;305.796;0.0
UAV_12;415;5162.11;5375.328;158.981;9.68;328.408;0.0
UAV_12;416;5170.687;5370.557;159.09;9.815;330.919;0.0
UAV_12;417;5179.576;5366.099;159.204;9.945;333.362;0.0
UAV_12;418;5188.755;5361.962;159.323;10.069;335.744;0.0
UAV_12;419;5198.202;5358.159;159.448;10.185;338.07;0.0
UAV_12;420;5207.895;5354.697;159.578;10.293;340.345;0.0
UAV_12;421;5217.809;5351.585;159.713;10.392;342.574;0.0
UAV_12;422;5227.921;5348.831;159.853;10.482;344.764;0.0
UAV_12;423;5238.207;5346.441;159.997;10.561;346.919;0.0
UAV_12;424;5248.642;5344.421;160.147;10.63;349.043;0.0
UAV_12;425;5259.201;5342.775;160.301;10.687;351.143;0.0
UAV_12;426;5269.857;5341.509;160.46;10.733;353.222;0.0
UAV_12;427;5280.587;5340.624;160.624;10.767;355.286;0.0
UAV_12;428;5291.363;5340.123;160.791;10.789;357.339;0.0
UAV_12;429;5302.16;5340.008;160.964;10.799;359.386;0.0
UAV_12;430;5312.952;5340.278;161.14;10.797;1.432;0.0
UAV_12;431;5323.712;5340.932;161.321;10.782;3.481;0.0
UAV_12;432;5334.416;5341.97;161.506;10.755;5.538;0.0
UAV_12;433;5345.036;5343.388;161.694;10.716;7.607;0.0
UAV_12;434;5355.548;5345.184;161.886;10.666;9.694;0.0
UAV_12;435;5365.926;5347.353;162.083;10.604;11.803;0.0
UAV_12;436;5376.146;5349.889;162.282;10.531;13.939;0.0
UAV_12;437;5386.182;5352.788;162.485;10.448;16.107;0.0
UAV_12;438;5396.01;5356.04;162.692;10.355;18.312;0.0
UAV_12;439;5405.607;5359.64;162.901;10.252;20.56;0.0
UAV_12;440;5414.95;5363.578;163.114;10.141;22.854;0.0
UAV_12;441;5424.015;5367.844;163.329;10.022;25.202;0.0
UAV_12;442;5432.782;5372.429;163.548;9.896;27.608;0.0
UAV_12;443;5441.229;5377.321;163.769;9.764;30.077;0.0
UAV_12;444;5449.336;5382.508;163.993;9.627;32.616;0.0
UAV_12;445;5457.083;5387.979;164.219;9.487;35.228;0.0
UAV_12;446;5464.452;5393.72;164.447;9.344;37.92;0.0
UAV_12;447;5471.424;5399.716;164.677;9.199;40.697;0.0
UAV_12;448;5477.984;5405.954;164.91;9.055;43.562;0.0
UAV_12;449;5484.114;5412.419;165.144;8.913;46.519;0.0
UAV_12;450;5489.802;5419.095;165.38;8.773;49.572;0.0
UAV_12;451;5495.031;5425.965;165.618;8.638;52.722;0.0
UAV_12;452;5499.791;5433.014;165.857;8.509;55.97;0.0
UAV_12;453;5504.07;5440.225;166.097;8.388;59.315;0.0
UAV_12;454;5507.857;5447.579;166.339;8.276;62.754;0.0
UAV_12;455;5511.144;5455.06;166.581;8.174;66.283;0.0
UAV_12;456;5513.921;5462.649;166.825;8.085;69.896;0.0
UAV_12;457;5516.184;5470.328;167.069;8.009;73.584;0.0
UAV_12;458;5517.925;5478.078;167.313;7.947;77.336;0.0
UAV_12;459;5519.142;5485.881;167.558;7.901;81.139;0.0
UAV_12;460;5519.83;5493.718;167.804;7.871;84.979;0.0
UAV_12;461;5519.989;5501.571;168.049;7.858;88.84;0.0
UAV_12;462;5519.618;5509.419;168.294;7.861;92.706;0.0
UAV_12;463;5518.718;5517.245;168.54;7.881;96.561;0.0
UAV_12;464;5517.291;5525.03;168.785;7.918;100.388;0.0
UAV_12;465;5515.341;5532.754;169.029;7.97;104.172;0.0
UAV_12;466;5512.872;5540.399;169.273;8.038;107.899;0.0
UAV_12;467;5509.89;5547.946;169.516;8.119;111.558;0.0
UAV_12;468;5506.402;5555.379;169.758;8.213;115.139;0.0
UAV_12;469;5502.417;5562.678;169.999;8.319;118.633;0.0
UAV_12;470;5497.945;5569.825;170.239;8.435;122.035;0.0
UAV_12;471;5492.995;5576.805;170.477;8.56;125.341;0.0
UAV_12;472;5487.581;5583.6;170.714;8.691;128.55;0.0
UAV_12;473;5481.715;5590.193;170.95;8.828;131.661;0.0
UAV_12;474;5475.411;5596.569;171.183;8.969;134.675;0.0
UAV_12;475;5468.684;5602.712;171.415;9.113;137.595;0.0
UAV_12;476;5461.551;5608.608;171.645;9.257;140.424;0.0
UAV_12;477;5454.029;5614.242;171.872;9.401;143.166;0.0
UAV_12;478;5446.136;5619.601;172.097;9.543;145.826;0.0
UAV_12;479;5437.89;5624.672;172.32;9.682;148.408;0.0
UAV_12;480;5429.313;5629.443;172.54;9.817;150.919;0.0
UAV_12;481;5420.424;5633.901;172.757;9.947;153.362;0.0
UAV_12;482;5411.245;5638.038;172.972;10.07;155.744;0.0
UAV_12;483;5401.798;5641.841;173.183;10.186;158.07;0.0
UAV_12;484;5392.105;5645.303;173.391;10.294;160.345;0.0
UAV_12;485;5382.191;5648.415;173.596;10.393;162.574;0.0
UAV_12;486;5372.079;5651.169;173.798;10.483;164.764;0.0
UAV_12;487;5361.793;5653.559;173.996;10.562;166.919;0.0
UAV_12;488;5351.358;5655.579;174.191;10.63;169.043;0.0
UAV_12;489;5340.799;5657.225;174.382;10.688;171.143;0.0
UAV_12;490;5330.143;5658.491;174.569;10.733;173.222;0.0
UAV_12;491;5319.413;5659.376;174.752;10.767;175.286;0.0
UAV_12;492;5308.637;5659.877;174.931;10.789;177.339;0.0
UAV_12;493;5297.84;5659.992;175.106;10.799;179.386;0.0
UAV_12;494;5287.048;5659.722;175.276;10.796;181.432;0.0
UAV_12;495;5276.288;5659.068;175.442;10.782;183.481;0.0
UAV_12;496;5265.584;5658.03;175.604;10.755;185.538;0.0
UAV_12;497;5254.964;5656.612;175.761;10.716;187.607;0.0
UAV_12;498;5244.452;5654.816;175.914;10.665;189.694;0.0
UAV_12;499;5234.074;5652.647;176.061;10.603;191.803;0.0
UAV_12;500;5223.854;5650.111;176.204;10.53;193.939;0.0
UAV_12;501;5213.818;5647.212;176.342;10.447;196.107;0.0
UAV_12;502;5203.99;5643.96;176.475;10.353;198.312;0.0
UAV_12;503;5194.393;5640.36;176.602;10.251;200.56;0.0
UAV_12;504;5185.05;5636.422;176.725;10.139;202.854;0.0
UAV_12;505;5175.985;5632.156;176.842;10.02;205.202;0.0
UAV_12;506;5167.218;5627.571;176.954;9.894;207.608;0.0
UAV_12;507;5158.771;5622.679;177.061;9.762;210.077;0.0
UAV_12;508;5150.664;5617.492;177.162;9.625;212.616;0.0
UAV_12;509;5150.0;5612.021;177.257;5.512;263.081;0.0
UAV_12;510;5150.0;5606.28;177.347;5.741;270.0;0.0
UAV_12;511;5150.0;5600.284;177.432;5.997;270.0;0.0
UAV_12;512;5150.0;5594.046;177.511;6.239;270.0;0.0
UAV_12;513;5150.0;5587.581;177.584;6.465;270.0;0.0
UAV_12;514;5150.0;5580.905;177.651;6.676;270.0;0.0
UAV_12;515;5150.0;5574.035;177.712;6.871;270.0;0.0
UAV_12;516;5150.0;5566.986;177.768;7.049;270.0;0.0
UAV_12;517;5150.0;5559.775;177.817;7.211;270.0;0.0
UAV_12;518;5150.0;5552.421;177.861;7.354;270.0;0.0
UAV_12;519;5150.0;5544.94;177.899;7.481;270.0;0.0
UAV_12;520;5150.0;5537.351;177.931;7.589;270.0;0.0
UAV_12;521;5150.0;5529.672;177.957;7.679;270.0;0.0
UAV_12;522;5150.0;5521.922;177.976;7.75;270.0;0.0
UAV_12;523;5150.0;5514.119;177.99;7.803;270.0;0.0
UAV_12;524;5150.0;5506.282;177.998;7.837;270.0;0.0
UAV_12;525;5150.0;5498.429;178.0;7.852;270.0;0.0
UAV_12;526;5150.0;5490.581;177.996;7.849;270.0;0.0
UAV_12;527;5150.0;5482.755;177.985;7.826;270.0;0.0
UAV_12;528;5150.0;5474.97;177.969;7.784;270.0;0.0
UAV_12;529;5150.0;5467.246;177.947;7.724;270.0;0.0
UAV_12;530;5150.0;5459.601;177.919;7.645;270.0;0.0
UAV_12;531;5150.0;5452.054;177.884;7.548;270.0;0.0
UAV_12;532;5150.0;5444.621;177.844;7.432;270.0;0.0
UAV_12;533;5150.0;5437.322;177.798;7.299;270.0;0.0
UAV_12;534;5150.0;5430.175;177.746;7.148;270.0;0.0
UAV_12;535;5150.0;5423.195;177.688;6.98;270.0;0.0
UAV_12;536;5150.0;5416.4;177.625;6.795;270.0;0.0
UAV_12;537;5150.0;5409.807;177.555;6.594;270.0;0.0
UAV_12;538;5150.0;5403.431;177.48;6.376;270.0;0.0
UAV_12;539;5150.0;5397.288;177.399;6.144;270.0;0.0
UAV_12;540;5150.0;5391.392;177.312;5.896;270.0;0.0
UAV_12;541;5150.0;5385.758;177.22;5.635;270.0;0.0
UAV_12;542;5153.864;5380.399;177.122;6.608;305.796;0.0
UAV_12;543;5162.11;5375.328;177.019;9.68;328.408;0.0
UAV_12;544;5170.687;5370.557;176.91;9.815;330.919;0.0
UAV_12;545;5179.576;5366.099;176.796;9.945;333.362;0.0
UAV_12;546;5188.755;5361.962;176.677;10.069;335.744;0.0
UAV_12;547;5198.202;5358.159;176.552;10.185;338.07;0.0
UAV_12;548;5207.895;5354.697;176.422;10.293;340.345;0.0
UAV_12;549;5217.809;5351.585;176.287;10.392;342.574;0.0
UAV_12;550;5227.921;5348.831;176.147;10.482;344.764;0.0
UAV_12;551;5238.207;5346.441;176.003;10.561;346.919;0.0
UAV_12;552;5248.642;5344.421;175.853;10.63;349.043;0.0
UAV_12;553;5259.201;5342.775;175.699;10.687;351.143;0.0
UAV_12;554;5269.857;5341.509;175.54;10.733;353.222;0.0
UAV_12;555;5280.587;5340.624;175.376;10.767;355.286;0.0
UAV_12;556;5291.363;5340.123;175.209;10.789;357.339;0.0
UAV_12;557;5302.16;5340.008;175.036;10.799;359.386;0.0
UAV_12;558;5312.952;5340.278;174.86;10.797;1.432;0.0
UAV_12;559;5323.712;5340.932;174.679;10.782;3.481;0.0
UAV_12;560;5334.416;5341.97;174.494;10.755;5.538;0.0
UAV_12;561;5345.036;5343.388;174.306;10.716;7.607;0.0
UAV_12;562;5355.548;5345.184;174.114;10.666;9.694;0.0
UAV_12;563;5365.926;5347.353;173.917;10.604;11.803;0.0
UAV_12;564;5376.146;5349.889;173.718;10.531;13.939;0.0
UAV_12;565;5386.182;5352.788;173.515;10.448;16.107;0.0
UAV_12;566;5396.01;5356.04;173.308;10.355;18.312;0.0
UAV_12;567;5405.607;5359.64;173.099;10.252;20.56;0.0
UAV_12;568;5414.95;5363.578;172.886;10.141;22.854;0.0
UAV_12;569;5424.015;5367.844;172.671;10.022;25.202;0.0
UAV_12;570;5432.782;5372.429;172.452;9.896;27.608;0.0
UAV_12;571;5441.229;5377.321;172.231;9.764;30.077;0.0
UAV_12;572;5449.336;5382.508;172.007;9.627;32.616;0.0
UAV_12;573;5457.083;5387.979;171.781;9.487;35.228;0.0
UAV_12;574;5464.452;5393.72;171.553;9.344;37.92;0.0
UAV_12;575;5471.424;5399.716;171.323;9.199;40.697;0.0
UAV_12;576;5477.984;5405.954;171.09;9.055;43.562;0.0
UAV_12;577;5484.114;5412.419;170.856;8.913;46.519;0.0
UAV_12;578;5489.802;5419.095;170.62;8.773;49.572;0.0
UAV_12;579;5495.031;5425.965;170.382;8.638;52.722;0.0
UAV_12;580;5499.791;5433.014;170.143;8.509;55.97;0.0
UAV_12;581;5504.07;5440.225;169.903;8.388;59.315;0.0
UAV_12;582;5507.857;5447.579;169.661;8.276;62.754;0.0
UAV_12;583;5511.144;5455.06;169.419;8.174;66.283;0.0
UAV_12;584;5513.921;5462.649;169.175;8.085;69.896;0.0
UAV_12;585;5516.184;5470.328;168.931;8.009;73.584;0.0
UAV_12;586;5517.925;5478.078;168.687;7.947;77.336;0.0
UAV_12;587;5519.142;5485.881;168.442;7.901;81.139;0.0
UAV_12;588;5519.83;5493.718;168.196;7.871;84.979;0.0
UAV_12;589;5519.989;5501.571;167.951;7.858;88.84;0.0
UAV_12;590;5519.618;5509.419;167.706;7.861;92.706;0.0
UAV_12;591;5518.718;5517.245;167.46;7.881;96.561;0.0
UAV_12;592;5517.291;5525.03;167.215;7.918;100.388;0.0
UAV_12;593;5515.341;5532.754;166.971;7.97;104.172;0.0
UAV_12;594;5512.872;5540.399;166.727;8.038;107.899;0.0
UAV_12;595;5509.89;5547.946;166.484;8.119;111.558;0.0
UAV_12;596;5506.402;5555.379;166.242;8.213;115.139;0.0
UAV_12;597;5502.417;5562.678;166.001;8.319;118.633;0.0
UAV_12;598;5497.945;5569.825;165.761;8.435;122.035;0.0
UAV_12;599;5492.995;5576.805;165.523;8.56;125.341;0.0
UAV_12;600;5487.581;5583.6;165.286;8.691;128.55;0.0
UAV_13;0;6805.836;5397.138;181.511;25.0;306.0;0.0
UAV_13;1;6812.768;5390.518;181.434;9.586;316.32;0.0
UAV_13;2;6820.125;5384.146;181.353;9.733;319.101;0.0
UAV_13;3;6827.888;5378.036;181.266;9.88;321.8;0.0
UAV_13;4;6836.042;5372.203;181.174;10.026;324.42;0.0
UAV_13;5;6844.567;5366.659;181.076;10.17;326.965;0.0
UAV_13;6;6853.445;5361.417;180.974;10.31;329.44;0.0
UAV_13;7;6862.654;5356.489;180.866;10.445;331.849;0.0
UAV_13;8;6872.174;5351.887;180.754;10.575;334.198;0.0
UAV_13;9;6881.984;5347.619;180.636;10.698;336.492;0.0
UAV_13;10;6892.061;5343.697;180.514;10.814;338.735;0.0
UAV_13;11;6902.383;5340.13;180.387;10.922;340.931;0.0
UAV_13;12;6912.926;5336.924;180.255;11.02;343.087;0.0
UAV_13;13;6923.666;5334.087;180.118;11.109;345.207;0.0
UAV_13;14;6934.579;5331.627;179.977;11.188;347.294;0.0
UAV_13;15;6945.641;5329.548;179.831;11.256;349.355;0.0
UAV_13;16;6956.825;5327.855;179.681;11.313;351.393;0.0
UAV_13;17;6968.107;5326.552;179.526;11.358;353.412;0.0
UAV_13;18;6979.462;5325.642;179.367;11.392;355.418;0.0
UAV_13;19;6990.863;5325.127;179.204;11.414;357.413;0.0
UAV_13;20;7002.285;5325.008;179.037;11.424;359.403;0.0
UAV_13;21;7013.701;5325.285;178.866;11.421;1.392;0.0
UAV_13;22;7025.087;5325.959;178.691;11.407;3.384;0.0
UAV_13;23;7036.416;5327.026;178.513;11.38;5.383;0.0
UAV_13;24;7047.662;5328.486;178.33;11.342;7.394;0.0
UAV_13;25;7058.8;5330.333;178.144;11.292;9.42;0.0
UAV_13;26;7069.805;5332.566;177.955;11.231;11.466;0.0
UAV_13;27;7080.652;5335.177;177.762;11.159;13.537;0.0
UAV_13;28;7091.316;5338.162;177.566;11.076;15.637;0.0
UAV_13;29;7101.773;5341.514;177.366;10.983;17.77;0.0
UAV_13;30;7112.0;5345.224;177.164;10.881;19.942;0.0
UAV_13;31;7121.973;5349.285;176.959;10.77;22.157;0.0
UAV_13;32;7131.67;5353.688;176.751;10.651;24.419;0.0
UAV_13;33;7141.068;5358.422;176.54;10.526;26.734;0.0
UAV_13;34;7150.0;5363.477;176.327;10.265;29.507;0.0
UAV_13;35;7150.0;5368.841;176.111;5.368;90.0;0.0
UAV_13;36;7150.0;5374.502;175.893;5.665;90.0;0.0
UAV_13;37;7150.0;5380.447;175.672;5.95;90.0;0.0
UAV_13;38;7150.0;5386.664;175.45;6.22;90.0;0.0
UAV_13;39;7150.0;5393.137;175.226;6.477;90.0;0.0
UAV_13;40;7150.0;5399.852;174.999;6.719;90.0;0.0
UAV_13;41;7150.0;5406.794;174.772;6.946;90.0;0.0
UAV_13;42;7150.0;5413.947;174.542;7.157;90.0;0.0
UAV_13;43;7150.0;5421.295;174.311;7.352;90.0;0.0
UAV_13;44;7150.0;5428.821;174.079;7.53;90.0;0.0
UAV_13;45;7150.0;5436.509;173.846;7.691;90.0;0.0
UAV_13;46;7150.0;5444.34;173.611;7.835;90.0;0.0
UAV_13;47;7150.0;5452.298;173.376;7.961;90.0;0.0
UAV_13;48;7150.0;5460.363;173.14;8.069;90.0;0.0
UAV_13;49;7150.0;5468.518;172.903;8.159;90.0;0.0
UAV_13;50;7150.0;5476.745;172.666;8.23;90.0;0.0
UAV_13;51;7150.0;5485.024;172.428;8.283;90.0;0.0
UAV_13;52;7150.0;5493.338;172.19;8.317;90.0;0.0
UAV_13;53;7150.0;5501.666;171.952;8.332;90.0;0.0
UAV_13;54;7150.0;5509.991;171.714;8.328;90.0;0.0
UAV_13;55;7150.0;5518.292;171.477;8.305;90.0;0.0
UAV_13;56;7150.0;5526.553;171.239;8.264;90.0;0.0
UAV_13;57;7150.0;5534.753;171.002;8.204;90.0;0.0
UAV_13;58;7150.0;5542.875;170.766;8.125;90.0;0.0
UAV_13;59;7150.0;5550.899;170.53;8.028;90.0;0.0
UAV_13;60;7150.0;5558.809;170.295;7.913;90.0;0.0
UAV_13;61;7150.0;5566.585;170.061;7.779;90.0;0.0
UAV_13;62;7150.0;5574.21;169.828;7.629;90.0;0.0
UAV_13;63;7150.0;5581.667;169.596;7.461;90.0;0.0
UAV_13;64;7150.0;5588.939;169.366;7.276;90.0;0.0
UAV_13;65;7150.0;5596.009;169.137;7.074;90.0;0.0
UAV_13;66;7150.0;5602.862;168.91;6.857;90.0;0.0
UAV_13;67;7150.0;5609.482;168.684;6.624;90.0;0.0
UAV_13;68;7150.0;5615.854;168.461;6.376;90.0;0.0
UAV_13;69;7150.0;5621.964;168.239;6.114;90.0;0.0
UAV_13;70;7150.0;5627.797;168.02;5.837;90.0;0.0
UAV_13;71;7150.0;5633.341;167.803;5.548;90.0;0.0
UAV_13;72;7146.555;5638.583;167.588;6.276;123.31;0.0
UAV_13;73;7137.346;5643.511;167.375;10.447;151.849;0.0
UAV_13;74;7127.826;5648.113;167.166;10.577;154.198;0.0
UAV_13;75;7118.016;5652.381;166.959;10.7;156.492;0.0
UAV_13;76;7107.939;5656.303;166.755;10.816;158.735;0.0
UAV_13;77;7097.617;5659.87;166.554;10.923;160.931;0.0
UAV_13;78;7087.074;5663.076;166.356;11.021;163.087;0.0
UAV_13;79;7076.334;5665.913;166.161;11.11;165.207;0.0
UAV_13;80;7065.421;5668.373;165.969;11.189;167.294;0.0
UAV_13;81;7054.359;5670.452;165.781;11.257;169.355;0.0
UAV_13;82;7043.175;5672.145;165.596;11.313;171.393;0.0
UAV_13;83;7031.893;5673.448;165.415;11.359;173.412;0.0
UAV_13;84;7020.538;5674.358;165.238;11.392;175.418;0.0
UAV_13;85;7009.137;5674.873;165.065;11.414;177.413;0.0
UAV_13;86;6997.715;5674.992;164.895;11.424;179.403;0.0
UAV_13;87;6986.299;5674.715;164.73;11.421;181.392;0.0
UAV_13;88;6974.913;5674.041;164.569;11.407;183.384;0.0
UAV_13;89;6963.584;5672.974;164.411;11.38;185.383;0.0
UAV_13;90;6952.338;5671.514;164.259;11.342;187.394;0.0
UAV_13;91;6941.2;5669.667;164.11;11.291;189.42;0.0
UAV_13;92;6930.195;5667.434;163.966;11.23;191.466;0.0
UAV_13;93;6919.348;5664.823;163.827;11.158;193.537;0.0
UAV_13;94;6908.684;5661.838;163.692;11.075;195.637;0.0
UAV_13;95;6898.227;5658.486;163.562;10.982;197.77;0.0
UAV_13;96;6888.0;5654.776;163.437;10.88;199.942;0.0
UAV_13;97;6878.027;5650.715;163.316;10.769;202.157;0.0
UAV_13;98;6868.33;5646.312;163.2;10.65;204.419;0.0
UAV_13;99;6858.932;5641.578;163.09;10.524;206.734;0.0
UAV_13;100;6849.853;5636.523;162.984;10.392;209.107;0.0
UAV_13;101;6841.114;5631.159;162.884;10.254;211.542;0.0
UAV_13;102;6832.735;5625.498;162.789;10.113;214.045;0.0
UAV_13;103;6824.735;5619.553;162.699;9.968;216.619;0.0
UAV_13;104;6817.132;5613.336;162.614;9.821;219.27;0.0
UAV_13;105;6809.943;5606.863;162.535;9.674;222.001;0.0
UAV_13;106;6803.185;5600.148;162.46;9.527;224.817;0.0
UAV_13;107;6796.873;5593.206;162.392;9.383;227.72;0.0
UAV_13;108;6791.021;5586.053;162.329;9.242;230.713;0.0
UAV_13;109;6785.642;5578.705;162.271;9.106;233.796;0.0
UAV_13;110;6780.749;5571.179;162.219;8.977;236.971;0.0
UAV_13;111;6776.353;5563.491;162.172;8.856;240.235;0.0
UAV_13;112;6772.463;5555.66;162.131;8.744;243.587;0.0
UAV_13;113;6769.088;5547.702;162.095;8.643;247.021;0.0
UAV_13;114;6766.237;5539.637;162.065;8.555;250.531;0.0
UAV_13;115;6763.915;5531.482;162.041;8.479;254.109;0.0
UAV_13;116;6762.128;5523.255;162.022;8.419;257.745;0.0
UAV_13;117;6760.88;5514.976;162.009;8.373;261.427;0.0
UAV_13;118;6760.174;5506.662;162.002;8.343;265.143;0.0
UAV_13;119;6760.011;5498.334;162.0;8.33;268.878;0.0
UAV_13;120;6760.391;5490.009;162.004;8.333;272.617;0.0
UAV_13;121;6761.315;5481.708;162.014;8.353;276.346;0.0
UAV_13;122;6762.779;5473.447;162.029;8.389;280.05;0.0
UAV_13;123;6764.78;5465.247;162.05;8.441;283.716;0.0
UAV_13;124;6767.314;5457.125;162.076;8.508;287.33;0.0
UAV_13;125;6770.376;5449.101;162.109;8.589;290.882;0.0
UAV_13;126;6773.957;5441.191;162.146;8.682;294.363;0.0
UAV_13;127;6778.051;5433.415;162.19;8.788;297.764;0.0
UAV_13;128;6782.647;5425.79;162.239;8.903;301.081;0.0
UAV_13;129;6787.736;5418.333;162.293;9.028;304.31;0.0
UAV_13;130;6793.306;5411.061;162.353;9.16;307.448;0.0
UAV_13;131;6799.344;5403.991;162.419;9.298;310.495;0.0
UAV_13;132;6805.836;5397.138;162.489;9.44;313.452;0.0
UAV_13;133;6812.768;5390.518;162.566;9.586;316.32;0.0
UAV_13;134;6820.125;5384.146;162.647;9.733;319.101;0.0
UAV_13;135;6827.888;5378.036;162.734;9.88;321.8;0.0
UAV_13;136;6836.042;5372.203;162.826;10.026;324.42;0.0
UAV_13;137;6844.567;5366.659;162.924;10.17;326.965;0.0
UAV_13;138;6853.445;5361.417;163.026;10.31;329.44;0.0
UAV_13;139;6862.654;5356.489;163.134;10.445;331.849;0.0
UAV_13;140;6872.174;5351.887;163.246;10.575;334.198;0.0
UAV_13;141;6881.984;5347.619;163.364;10.698;336.492;0.0
UAV_13;142;6892.061;5343.697;163.486;10.814;338.735;0.0
UAV_13;143;6902.383;5340.13;163.613;10.922;340.931;0.0
UAV_13;144;6912.926;5336.924;163.745;11.02;343.087;0.0
UAV_13;145;6923.666;5334.087;163.882;11.109;345.207;0.0
UAV_13;146;6934.579;5331.627;164.023;11.188;347.294;0.0
UAV_13;147;6945.641;5329.548;164.169;11.256;349.355;0.0
UAV_13;148;6956.825;5327.855;164.319;11.313;351.393;0.0
UAV_13;149;6968.107;5326.552;164.474;11.358;353.412;0.0
UAV_13;150;6979.462;5325.642;164.633;11.392;355.418;0.0
UAV_13;151;6990.863;5325.127;164.796;11.414;357.413;0.0
UAV_13;152;7002.285;5325.008;164.963;11.424;359.403;0.0
UAV_13;153;7013.701;5325.285;165.134;11.421;1.392;0.0
UAV_13;154;7025.087;5325.959;165.309;11.407;3.384;0.0
UAV_13;155;7036.416;5327.026;165.487;11.38;5.383;0.0
UAV_13;156;7047.662;5328.486;165.67;11.342;7.394;0.0
UAV_13;157;7058.8;5330.333;165.856;11.292;9.42;0.0
UAV_13;158;7069.805;5332.566;166.045;11.231;11.466;0.0
UAV_13;159;7080.652;5335.177;166.238;11.159;13.537;0.0
UAV_13;160;7091.316;5338.162;166.434;11.076;15.637;0.0
UAV_13;161;7101.773;5341.514;166.634;10.983;17.77;0.0
UAV_13;162;7112.0;5345.224;166.836;10.881;19.942;0.0
UAV_13;163;7121.973;5349.285;167.041;10.77;22.157;0.0
UAV_13;164;7131.67;5353.688;167.249;10.651;24.419;0.0
UAV_13;165;7141.068;5358.422;167.46;10.526;26.734;0.0
UAV_13;166;7150.0;5363.477;167.673;10.265;29.507;0.0
UAV_13;167;7150.0;5368.841;167.889;5.368;90.0;0.0
UAV_13;168;7150.0;5374.502;168.107;5.665;90.0;0.0
UAV_13;169;7150.0;5380.447;168.328;5.95;90.0;0.0
UAV_13;170;7150.0;5386.664;168.55;6.22;90.0;0.0
UAV_13;171;7150.0;5393.137;168.774;6.477;90.0;0.0
UAV_13;172;7150.0;5399.852;169.001;6.719;90.0;0.0
UAV_13;173;7150.0;5406.794;169.228;6.946;90.0;0.0
UAV_13;174;7150.0;5413.947;169.458;7.157;90.0;0.0
UAV_13;175;7150.0;5421.295;169.689;7.352;90.0;0.0
UAV_13;176;7150.0;5428.821;169.921;7.53;90.0;0.0
UAV_13;177;7150.0;5436.509;170.154;7.691;90.0;0.0
UAV_13;178;7150.0;5444.34;170.389;7.835;90.0;0.0
UAV_13;179;7150.0;5452.298;170.624;7.961;90.0;0.0
UAV_13;180;7150.0;5460.363;170.86;8.069;90.0;0.0
UAV_13;181;7150.0;5468.518;171.097;8.159;90.0;0.0
UAV_13;182;7150.0;5476.745;171.334;8.23;90.0;0.0
UAV_13;183;7150.0;5485.024;171.572;8.283;90.0;0.0
UAV_13;184;7150.0;5493.338;171.81;8.317;90.0;0.0
UAV_13;185;7150.0;5501.666;172.048;8.332;90.0;0.0
UAV_13;186;7150.0;5509.991;172.286;8.328;90.0;0.0
UAV_13;187;7150.0;5518.292;172.523;8.305;90.0;0.0
UAV_13;188;7150.0;5526.553;172.761;8.264;90.0;0.0
UAV_13;189;7150.0;5534.753;172.998;8.204;90.0;0.0
UAV_13;190;7150.0;5542.875;173.234;8.125;90.0;0.0
UAV_13;191;7150.0;5550.899;173.47;8.028;90.0;0.0
UAV_13;192;7150.0;5558.809;173.705;7.913;90.0;0.0
UAV_13;193;7150.0;5566.585;173.939;7.779;90.0;0.0
UAV_13;194;7150.0;5574.21;174.172;7.629;90.0;0.0
UAV_13;195;7150.0;5581.667;174.404;7.461;90.0;0.0
UAV_13;196;7150.0;5588.939;174.634;7.276;90.0;0.0
UAV_13;197;7150.0;5596.009;174.863;7.074;90.0;0.0
UAV_13;198;7150.0;5602.862;175.09;6.857;90.0;0.0
UAV_13;199;7150.0;5609.482;175.316;6.624;90.0;0.0
UAV_13;200;7150.0;5615.854;175.539;6.376;90.0;0.0
UAV_13;201;7150.0;5621.964;175.761;6.114;90.0;0.0
UAV_13;202;7150.0;5627.797;175.98;5.837;90.0;0.0
UAV_13;203;7150.0;5633.341;176.197;5.548;90.0;0.0
UAV_13;204;7146.555;5638.583;176.412;6.276;123.31;0.0
UAV_13;205;7137.346;5643.511;176.625;10.447;151.849;0.0
UAV_13;206;7127.826;5648.113;176.834;10.577;154.198;0.0
UAV_13;207;7118.016;5652.381;177.041;10.7;156.492;0.0
UAV_13;208;7107.939;5656.303;177.245;10.816;158.735;0.0
UAV_13;209;7097.617;5659.87;177.446;10.923;160.931;0.0
UAV_13;210;7087.074;5663.076;177.644;11.021;163.087;0.0
UAV_13;211;7076.334;5665.913;177.839;11.11;165.207;0.0
UAV_13;212;7065.421;5668.373;178.031;11.189;167.294;0.0
UAV_13;213;7054.359;5670.452;178.219;11.257;169.355;0.0
UAV_13;214;7043.175;5672.145;178.404;11.313;171.393;0.0
UAV_13;215;7031.893;5673.448;178.585;11.359;173.412;0.0
UAV_13;216;7020.538;5674.358;178.762;11.392;175.418;0.0
UAV_13;217;7009.137;5674.873;178.935;11.414;177.413;0.0
UAV_13;218;6997.715;5674.992;179.105;11.424;179.403;0.0
UAV_13;219;6986.299;5674.715;179.27;11.421;181.392;0.0
UAV_13;220;6974.913;5674.041;179.431;11.407;183.384;0.0
UAV_13;221;6963.584;5672.974;179.589;11.38;185.383;0.0
UAV_13;222;6952.338;5671.514;179.741;11.342;187.394;0.0
UAV_13;223;6941.2;5669.667;179.89;11.291;189.42;0.0
UAV_13;224;6930.195;5667.434;180.034;11.23;191.466;0.0
UAV_13;225;6919.348;5664.823;180.173;11.158;193.537;0.0
UAV_13;226;6908.684;5661.838;180.308;11.075;195.637;0.0
UAV_13;227;6898.227;5658.486;180.438;10.982;197.77;0.0
UAV_13;228;6888.0;5654.776;180.563;10.88;199.942;0.0
UAV_13;229;6878.027;5650.715;180.684;10.769;202.157;0.0
UAV_13;230;6868.33;5646.312;180.8;10.65;204.419;0.0
UAV_13;231;6858.932;5641.578;180.91;10.524;206.734;0.0
UAV_13;232;6849.853;5636.523;181.016;10.392;209.107;0.0
UAV_13;233;6841.114;5631.159;181.116;10.254;211.542;0.0
UAV_13;234;6832.735;5625.498;181.211;10.113;214.045;0.0
UAV_13;235;6824.735;5619.553;181.301;9.968;216.619;0.0
UAV_13;236;6817.132;5613.336;181.386;9.821;219.27;0.0
UAV_13;237;6809.943;5606.863;181.465;9.674;222.001;0.0
UAV_13;238;6803.185;5600.148;181.54;9.527;224.817;0.0
UAV_13;239;6796.873;5593.206;181.608;9.383;227.72;0.0
UAV_13;240;6791.021;5586.053;181.671;9.242;230.713;0.0
UAV_13;241;6785.642;5578.705;181.729;9.106;233.796;0.0
UAV_13;242;6780.749;5571.179;181.781;8.977;236.971;0.0
UAV_13;243;6776.353;5563.491;181.828;8.856;240.235;0.0
UAV_13;244;6772.463;5555.66;181.869;8.744;243.587;0.0
UAV_13;245;6769.088;5547.702;181.905;8.643;247.021;0.0
UAV_13;246;6766.237;5539.637;181.935;8.555;250.531;0.0
UAV_13;247;6763.915;5531.482;181.959;8.479;254.109;0.0
UAV_13;248;6762.128;5523.255;181.978;8.419;257.745;0.0
UAV_13;249;6760.88;5514.976;181.991;8.373;261.427;0.0
UAV_13;250;6760.174;5506.662;181.998;8.343;265.143;0.0
UAV_13;251;6760.011;5498.334;182.0;8.33;268.878;0.0
UAV_13;252;6760.391;5490.009;181.996;8.333;272.617;0.0
UAV_13;253;6761.315;5481.708;181.986;8.353;276.346;0.0
UAV_13;254;6762.779;5473.447;181.971;8.389;280.05;0.0
UAV_13;255;6764.78;5465.247;181.95;8.441;283.716;0.0
UAV_13;256;6767.314;5457.125;181.924;8.508;287.33;0.0
UAV_13;257;6770.376;5449.101;181.891;8.589;290.882;0.0
UAV_13;258;6773.957;5441.191;181.854;8.682;294.363;0.0
UAV_13;259;6778.051;5433.415;181.81;8.788;297.764;0.0
UAV_13;260;6782.647;5425.79;181.761;8.903;301.081;0.0
UAV_13;261;6787.736;5418.333;181.707;9.028;304.31;0.0
UAV_13;262;6793.306;5411.061;181.647;9.16;307.448;0.0
UAV_13;263;6799.344;5403.991;181.581;9.298;310.495;0.0
UAV_13;264;6805.836;5397.138;181.511;9.44;313.452;0.0
UAV_13;265;6812.768;5390.518;181.434;9.586;316.32;0.0
UAV_13;266;6820.125;5384.146;181.353;9.733;319.101;0.0
UAV_13;267;6827.888;5378.036;181.266;9.88;321.8;0.0
UAV_13;268;6836.042;5372.203;181.174;10.026;324.42;0.0
UAV_13;269;6844.567;5366.659;181.076;10.17;326.965;0.0
UAV_13;270;6853.445;5361.417;180.974;10.31;329.44;0.0
UAV_13;271;6862.654;5356.489;180.866;10.445;331.849;0.0
UAV_13;272;6872.174;5351.887;180.754;10.575;334.198;0.0
UAV_13;273;6881.984;5347.619;180.636;10.698;336.492;0.0
UAV_13;274;6892.061;5343.697;180.514;10.814;338.735;0.0
UAV_13;275;6902.383;5340.13;180.387;10.922;340.931;0.0
UAV_13;276;6912.926;5336.924;180.255;11.02;343.087;0.0
UAV_13;277;6923.666;5334.087;180.118;11.109;345.207;0.0
UAV_13;278;6934.579;5331.627;179.977;11.188;347.294;0.0
UAV_13;279;6945.641;5329.548;179.831;11.256;349.355;0.0
UAV_13;280;6956.825;5327.855;179.681;11.313;351.393;0.0
UAV_13;281;6968.107;5326.552;179.526;11.358;353.412;0.0
UAV_13;282;6979.462;5325.642;179.367;11.392;355.418;0.0
UAV_13;283;6990.863;5325.127;179.204;11.414;357.413;0.0
UAV_13;284;7002.285;5325.008;179.037;11.424;359.403;0.0
UAV_13;285;7013.701;5325.285;178.866;11.421;1.392;0.0
UAV_13;286;7025.087;5325.959;178.691;11.407;3.384;0.0
UAV_13;287;7036.416;5327.026;178.513;11.38;5.383;0.0
UAV_13;288;7047.662;5328.486;178.33;11.342;7.394;0.0
UAV_13;289;7058.8;5330.333;178.144;11.292;9.42;0.0
UAV_13;290;7069.805;5332.566;177.955;11.231;11.466;0.0
UAV_13;291;7080.652;5335.177;177.762;11.159;13.537;0.0
UAV_13;292;7091.316;5338.162;177.566;11.076;15.637;0.0
UAV_13;293;7101.773;5341.514;177.366;10.983;17.77;0.0
UAV_13;294;7112.0;5345.224;177.164;10.881;19.942;0.0
UAV_13;295;7121.973;5349.285;176.959;10.77;22.157;0.0
UAV_13;296;7131.67;5353.688;176.751;10.651;24.419;0.0
UAV_13;297;7141.068;5358.422;176.54;10.526;26.734;0.0
UAV_13;298;7150.0;5363.477;176.327;10.265;29.507;0.0
UAV_13;299;7150.0;5368.841;176.111;5.368;90.0;0.0
UAV_13;300;7150.0;5374.502;175.893;5.665;90.0;0.0
UAV_13;301;7150.0;5380.447;175.672;5.95;90.0;0.0
UAV_13;302;7150.0;5386.664;175.45;6.22;90.0;0.0
UAV_13;303;7150.0;5393.137;175.226;6.477;90.0;0.0
UAV_13;304;7150.0;5399.852;174.999;6.719;90.0;0.0
UAV_13;305;7150.0;5406.794;174.772;6.946;90.0;0.0
UAV_13;306;7150.0;5413.947;174.542;7.157;90.0;0.0
UAV_13;307;7150.0;5421.295;174.311;7.352;90.0;0.0
UAV_13;308;7150.0;5428.821;174.079;7.53;90.0;0.0
UAV_13;309;7150.0;5436.509;173.846;7.691;90.0;0.0
UAV_13;310;7150.0;5444.34;173.611;7.835;90.0;0.0
UAV_13;311;7150.0;5452.298;173.376;7.961;90.0;0.0
UAV_13;312;7150.0;5460.363;173.14;8.069;90.0;0.0
UAV_13;313;7150.0;5468.518;172.903;8.159;90.0;0.0
UAV_13;314;7150.0;5476.745;172.666;8.23;90.0;0.0
UAV_13;315;7150.0;5485.024;172.428;8.283;90.0;0.0
UAV_13;316;7150.0;5493.338;172.19;8.317;90.0;0.0
UAV_13;317;7150.0;5501.666;171.952;8.332;90.0;0.0
UAV_13;318;7150.0;5509.991;171.714;8.328;90.0;0.0
UAV_13;319;7150.0;5518.292;171.477;8.305;90.0;0.0
UAV_13;320;7150.0;5526.553;171.239;8.264;90.0;0.0
UAV_13;321;7150.0;5534.753;171.002;8.204;90.0;0.0
UAV_13;322;7150.0;5542.875;170.766;8.125;90.0;0.0
UAV_13;323;7150.0;5550.899;170.53;8.028;90.0;0.0
UAV_13;324;7150.0;5558.809;170.295;7.913;90.0;0.0
UAV_13;325;7150.0;5566.585;170.061;7.779;90.0;0.0
UAV_13;326;7150.0;5574.21;169.828;7.629;90.0;0.0
UAV_13;327;7150.0;5581.667;169.596;7.461;90.0;0.0
UAV_13;328;7150.0;5588.939;169.366;7.276;90.0;0.0
UAV_13;329;7150.0;5596.009;169.137;7.074;90.0;0.0
UAV_13;330;7150.0;5602.862;168.91;6.857;90.0;0.0
UAV_13;331;7150.0;5609.482;168.684;6.624;90.0;0.0
UAV_13;332;7150.0;5615.854;168.461;6.376;90.0;0.0
UAV_13;333;7150.0;5621.964;168.239;6.114;90.0;0.0
UAV_13;334;7150.0;5627.797;168.02;5.837;90.0;0.0
UAV_13;335;7150.0;5633.341;167.803;5.548;90.0;0.0
UAV_13;336;7146.555;5638.583;167.588;6.276;123.31;0.0
UAV_13;337;7137.346;5643.511;167.375;10.447;151.849;0.0
UAV_13;338;7127.826;5648.113;167.166;10.577;154.198;0.0
UAV_13;339;7118.016;5652.381;166.959;10.7;156.492;0.0
UAV_13;340;7107.939;5656.303;166.755;10.816;158.735;0.0
UAV_13;341;7097.617;5659.87;166.554;10.923;160.931;0.0
UAV_13;342;7087.074;5663.076;166.356;11.021;163.087;0.0
UAV_13;343;7076.334;5665.913;166.161;11.11;165.207;0.0
UAV_13;344;7065.421;5668.373;165.969;11.189;167.294;0.0
UAV_13;345;7054.359;5670.452;165.781;11.257;169.355;0.0
UAV_13;346;7043.175;5672.145;165.596;11.313;171.393;0.0
UAV_13;347;7031.893;5673.448;165.415;11.359;173.412;0.0
UAV_13;348;7020.538;5674.358;165.238;11.392;175.418;0.0
UAV_13;349;7009.137;5674.873;165.065;11.414;177.413;0.0
UAV_13;350;6997.715;5674.992;164.895;11.424;179.403;0.0
UAV_13;351;6986.299;5674.715;164.73;11.421;181.392;0.0
UAV_13;352;6974.913;5674.041;164.569;11.407;183.384;0.0
UAV_13;353;6963.584;5672.974;164.411;11.38;185.383;0.0
UAV_13;354;6952.338;5671.514;164.259;11.342;187.394;0.0
UAV_13;355;6941.2;5669.667;164.11;11.291;189.42;0.0
UAV_13;356;6930.195;5667.434;163.966;11.23;191.466;0.0
UAV_13;357;6919.348;5664.823;163.827;11.158;193.537;0.0
UAV_13;358;6908.684;5661.838;163.692;11.075;195.637;0.0
UAV_13;359;6898.227;5658.486;163.562;10.982;197.77;0.0
UAV_13;360;6888.0;5654.776;163.437;10.88;199.942;0.0
UAV_13;361;6878.027;5650.715;163.316;10.769;202.157;0.0
UAV_13;362;6868.33;5646.312;163.2;10.65;204.419;0.0
UAV_13;363;6858.932;5641.578;163.09;10.524;206.734;0.0
UAV_13;364;6849.853;5636.523;162.984;10.392;209.107;0.0
UAV_13;365;6841.114;5631.159;162.884;10.254;211.542;0.0
UAV_13;366;6832.735;5625.498;162.789;10.113;214.045;0.0
UAV_13;367;6824.735;5619.553;162.699;9.968;216.619;0.0
UAV_13;368;6817.132;5613.336;162.614;9.821;219.27;0.0
UAV_13;369;6809.943;5606.863;162.535;9.674;222.001;0.0
UAV_13;370;6803.185;5600.148;162.46;9.527;224.817;0.0
UAV_13;371;6796.873;5593.206;162.392;9.383;227.72;0.0
UAV_13;372;6791.021;5586.053;162.329;9.242;230.713;0.0
UAV_13;373;6785.642;5578.705;162.271;9.106;233.796;0.0
UAV_13;374;6780.749;5571.179;162.219;8.977;236.971;0.0
UAV_13;375;6776.353;5563.491;162.172;8.856;240.235;0.0
UAV_13;376;6772.463;5555.66;162.131;8.744;243.587;0.0
UAV_13;377;6769.088;5547.702;162.095;8.643;247.021;0.0
UAV_13;378;6766.237;5539.637;162.065;8.555;250.531;0.0
UAV_13;379;6763.915;5531.482;162.041;8.479;254.109;0.0
UAV_13;380;6762.128;5523.255;162.022;8.419;257.745;0.0
UAV_13;381;6760.88;5514.976;162.009;8.373;261.427;0.0
UAV_13;382;6760.174;5506.662;162.002;8.343;265.143;0.0
UAV_13;383;6760.011;5498.334;162.0;8.33;268.878;0.0
UAV_13;384;6760.391;5490.009;162.004;8.333;272.617;0.0
UAV_13;385;6761.315;5481.708;162.014;8.353;276.346;0.0
UAV_13;386;6762.779;5473.447;162.029;8.389;280.05;0.0
UAV_13;387;6764.78;5465.247;162.05;8.441;283.716;0.0
UAV_13;388;6767.314;5457.125;162.076;8.508;287.33;0.0
UAV_13;389;6770.376;5449.101;162.109;8.589;290.882;0.0
UAV_13;390;6773.957;5441.191;162.146;8.682;294.363;0.0
UAV_13;391;6778.051;5433.415;162.19;8.788;297.764;0.0
UAV_13;392;6782.647;5425.79;162.239;8.903;301.081;0.0
UAV_13;393;6787.736;5418.333;162.293;9.028;304.31;0.0
UAV_13;394;6793.306;5411.061;162.353;9.16;307.448;0.0
UAV_13;395;6799.344;5403.991;162.419;9.298;310.495;0.0
UAV_13;396;6805.836;5397.138;162.489;9.44;313.452;0.0
UAV_13;397;6812.768;5390.518;162.566;9.586;316.32;0.0
UAV_13;398;6820.125;5384.146;162.647;9.733;319.101;0.0
UAV_13;399;6827.888;5378.036;162.734;9.88;321.8;0.0
UAV_13;400;6836.042;5372.203;162.826;10.026;324.42;0.0
UAV_13;401;6844.567;5366.659;162.924;10.17;326.965;0.0
UAV_13;402;6853.445;5361.417;163.026;10.31;329.44;0.0
UAV_13;403;6862.654;5356.489;163.134;10.445;331.849;0.0
UAV_13;404;6872.174;5351.887;163.246;10.575;334.198;0.0
UAV_13;405;6881.984;5347.619;163.364;10.698;336.492;0.0
UAV_13;406;6892.061;5343.697;163.486;10.814;338.735;0.0
UAV_13;407;6902.383;5340.13;163.613;10.922;340.931;0.0
UAV_13;408;6912.926;5336.924;163.745;11.02;343.087;0.0
UAV_13;409;6923.666;5334.087;163.882;11.109;345.207;0.0
UAV_13;410;6934.579;5331.627;164.023;11.188;347.294;0.0
UAV_13;411;6945.641;5329.548;164.169;11.256;349.355;0.0
UAV_13;412;6956.825;5327.855;164.319;11.313;351.393;0.0
UAV_13;413;6968.107;5326.552;164.474;11.358;353.412;0.0
UAV_13;414;6979.462;5325.642;164.633;11.392;355.418;0.0
UAV_13;415;6990.863;5325.127;164.796;11.414;357.413;0.0
UAV_13;416;7002.285;5325.008;164.963;11.424;359.403;0.0
UAV_13;417;7013.701;5325.285;165.134;11.421;1.392;0.0
UAV_13;418;7025.087;5325.959;165.309;11.407;3.384;0.0
UAV_13;419;7036.416;5327.026;165.487;11.38;5.383;0.0
UAV_13;420;7047.662;5328.486;165.67;11.342;7.394;0.0
UAV_13;421;7058.8;5330.333;165.856;11.292;9.42;0.0
UAV_13;422;7069.805;5332.566;166.045;11.231;11.466;0.0
UAV_13;423;7080.652;5335.177;166.238;11.159;13.537;0.0
UAV_13;424;7091.316;5338.162;166.434;11.076;15.637;0.0
UAV_13;425;7101.773;5341.514;166.634;10.983;17.77;0.0
UAV_13;426;7112.0;5345.224;166.836;10.881;19.942;0.0
UAV_13;427;7121.973;5349.285;167.041;10.77;22.157;0.0
UAV_13;428;7131.67;5353.688;167.249;10.651;24.419;0.0
UAV_13;429;7141.068;5358.422;167.46;10.526;26.734;0.0
UAV_13;430;7150.0;5363.477;167.673;10.265;29.507;0.0
UAV_13;431;7150.0;5368.841;167.889;5.368;90.0;0.0
UAV_13;432;7150.0;5374.502;168.107;5.665;90.0;0.0
UAV_13;433;7150.0;5380.447;168.328;5.95;90.0;0.0
UAV_13;434;7150.0;5386.664;168.55;6.22;90.0;0.0
UAV_13;435;7150.0;5393.137;168.774;6.477;90.0;0.0
UAV_13;436;7150.0;5399.852;169.001;6.719;90.0;0.0
UAV_13;437;7150.0;5406.794;169.228;6.946;90.0;0.0
UAV_13;438;7150.0;5413.947;169.458;7.157;90.0;0.0
UAV_13;439;7150.0;5421.295;169.689;7.352;90.0;0.0
UAV_13;440;7150.0;5428.821;169.921;7.53;90.0;0.0
UAV_13;441;7150.0;5436.509;170.154;7.691;90.0;0.0
UAV_13;442;7150.0;5444.34;170.389;7.835;90.0;0.0
UAV_13;443;7150.0;5452.298;170.624;7.961;90.0;0.0
UAV_13;444;7150.0;5460.363;170.86;8.069;90.0;0.0
UAV_13;445;7150.0;5468.518;171.097;8.159;90.0;0.0
UAV_13;446;7150.0;5476.745;171.334;8.23;90.0;0.0
UAV_13;447;7150.0;5485.024;171.572;8.283;90.0;0.0
UAV_13;448;7150.0;5493.338;171.81;8.317;90.0;0.0
UAV_13;449;7150.0;5501.666;172.048;8.332;90.0;0.0
UAV_13;450;7150.0;5509.991;172.286;8.328;90.0;0.0
UAV_13;451;7150.0;5518.292;172.523;8.305;90.0;0.0
UAV_13;452;7150.0;5526.553;172.761;8.264;90.0;0.0
UAV_13;453;7150.0;5534.753;172.998;8.204;90.0;0.0
UAV_13;454;7150.0;5542.875;173.234;8.125;90.0;0.0
UAV_13;455;7150.0;5550.899;173.47;8.028;90.0;0.0
UAV_13;456;7150.0;5558.809;173.705;7.913;90.0;0.0
UAV_13;457;7150.0;5566.585;173.939;7.779;90.0;0.0
UAV_13;458;7150.0;5574.21;174.172;7.629;90.0;0.0
UAV_13;459;7150.0;5581.667;174.404;7.461;90.0;0.0
UAV_13;460;7150.0;5588.939;174.634;7.276;90.0;0.0
UAV_13;461;7150.0;5596.009;174.863;7.074;90.0;0.0
UAV_13;462;7150.0;5602.862;175.09;6.857;90.0;0.0
UAV_13;463;7150.0;5609.482;175.316;6.624;90.0;0.0
UAV_13;464;7150.0;5615.854;175.539;6.376;90.0;0.0
UAV_13;465;7150.0;5621.964;175.761;6.114;90.0;0.0
UAV_13;466;7150.0;5627.797;175.98;5.837;90.0;0.0
UAV_13;467;7150.0;5633.341;176.197;5.548;90.0;0.0
UAV_13;468;7146.555;5638.583;176.412;6.276;123.31;0.0
UAV_13;469;7137.346;5643.511;176.625;10.447;151.849;0.0
UAV_13;470;7127.826;5648.113;176.834;10.577;154.198;0.0
UAV_13;471;7118.016;5652.381;177.041;10.7;156.492;0.0
UAV_13;472;7107.939;5656.303;177.245;10.816;158.735;0.0
UAV_13;473;7097.617;5659.87;177.446;10.923;160.931;0.0
UAV_13;474;7087.074;5663.076;177.644;11.021;163.087;0.0
UAV_13;475;7076.334;5665.913;177.839;11.11;165.207;0.0
UAV_13;476;7065.421;5668.373;178.031;11.189;167.294;0.0
UAV_13;477;7054.359;5670.452;178.219;11.257;169.355;0.0
UAV_13;478;7043.175;5672.145;178.404;11.313;171.393;0.0
UAV_13;479;7031.893;5673.448;178.585;11.359;173.412;0.0
UAV_13;480;7020.538;5674.358;178.762;11.392;175.418;0.0
UAV_13;481;7009.137;5674.873;178.935;11.414;177.413;0.0
UAV_13;482;6997.715;5674.992;179.105;11.424;179.403;0.0
UAV_13;483;6986.299;5674.715;179.27;11.421;181.392;0.0
UAV_13;484;6974.913;5674.041;179.431;11.407;183.384;0.0
UAV_13;485;6963.584;5672.974;179.589;11.38;185.383;0.0
UAV_13;486;6952.338;5671.514;179.741;11.342;187.394;0.0
UAV_13;487;6941.2;5669.667;179.89;11.291;189.42;0.0
UAV_13;488;6930.195;5667.434;180.034;11.23;191.466;0.0
UAV_13;489;6919.348;5664.823;180.173;11.158;193.537;0.0
UAV_13;490;6908.684;5661.838;180.308;11.075;195.637;0.0
UAV_13;491;6898.227;5658.486;180.438;10.982;197.77;0.0
UAV_13;492;6888.0;5654.776;180.563;10.88;199.942;0.0
UAV_13;493;6878.027;5650.715;180.684;10.769;202.157;0.0
UAV_13;494;6868.33;5646.312;180.8;10.65;204.419;0.0
UAV_13;495;6858.932;5641.578;180.91;10.524;206.734;0.0
UAV_13;496;6849.853;5636.523;181.016;10.392;209.107;0.0
UAV_13;497;6841.114;5631.159;181.116;10.254;211.542;0.0
UAV_13;498;6832.735;5625.498;181.211;10.113;214.045;0.0
UAV_13;499;6824.735;5619.553;181.301;9.968;216.619;0.0
UAV_13;500;6817.132;5613.336;181.386;9.821;219.27;0.0
UAV_13;501;6809.943;5606.863;181.465;9.674;222.001;0.0
UAV_13;502;6803.185;5600.148;181.54;9.527;224.817;0.0
UAV_13;503;6796.873;5593.206;181.608;9.383;227.72;0.0
UAV_13;504;6791.021;5586.053;181.671;9.242;230.713;0.0
UAV_13;505;6785.642;5578.705;181.729;9.106;233.796;0.0
UAV_13;506;6780.749;5571.179;181.781;8.977;236.971;0.0
UAV_13;507;6776.353;5563.491;181.828;8.856;240.235;0.0
UAV_13;508;6772.463;5555.66;181.869;8.744;243.587;0.0
UAV_13;509;6769.088;5547.702;181.905;8.643;247.021;0.0
UAV_13;510;6766.237;5539.637;181.935;8.555;250.531;0.0
UAV_13;511;6763.915;5531.482;181.959;8.479;254.109;0.0
UAV_13;512;6762.128;5523.255;181.978;8.419;257.745;0.0
UAV_13;513;6760.88;5514.976;181.991;8.373;261.427;0.0
UAV_13;514;6760.174;5506.662;181.998;8.343;265.143;0.0
UAV_13;515;6760.011;5498.334;182.0;8.33;268.878;0.0
UAV_13;516;6760.391;5490.009;181.996;8.333;272.617;0.0
UAV_13;517;6761.315;5481.708;181.986;8.353;276.346;0.0
UAV_13;518;6762.779;5473.447;181.971;8.389;280.05;0.0
UAV_13;519;6764.78;5465.247;181.95;8.441;283.716;0.0
UAV_13;520;6767.314;5457.125;181.924;8.508;287.33;0.0
UAV_13;521;6770.376;5449.101;181.891;8.589;290.882;0.0
UAV_13;522;6773.957;5441.191;181.854;8.682;294.363;0.0
UAV_13;523;6778.051;5433.415;181.81;8.788;297.764;0.0
UAV_13;524;6782.647;5425.79;181.761;8.903;301.081;0.0
UAV_13;525;6787.736;5418.333;181.707;9.028;304.31;0.0
UAV_13;526;6793.306;5411.061;181.647;9.16;307.448;0.0
UAV_13;527;6799.344;5403.991;181.581;9.298;310.495;0.0
UAV_13;528;6805.836;5397.138;181.511;9.44;313.452;0.0
UAV_13;529;6812.768;5390.518;181.434;9.586;316.32;0.0
UAV_13;530;6820.125;5384.146;181.353;9.733;319.101;0.0
UAV_13;531;6827.888;5378.036;181.266;9.88;321.8;0.0
UAV_13;532;6836.042;5372.203;181.174;10.026;324.42;0.0
UAV_13;533;6844.567;5366.659;181.076;10.17;326.965;0.0
UAV_13;534;6853.445;5361.417;180.974;10.31;329.44;0.0
UAV_13;535;6862.654;5356.489;180.866;10.445;331.849;0.0
UAV_13;536;6872.174;5351.887;180.754;10.575;334.198;0.0
UAV_13;537;6881.984;5347.619;180.636;10.698;336.492;0.0
UAV_13;538;6892.061;5343.697;180.514;10.814;338.735;0.0
UAV_13;539;6902.383;5340.13;180.387;10.922;340.931;0.0
UAV_13;540;6912.926;5336.924;180.255;11.02;343.087;0.0
UAV_13;541;6923.666;5334.087;180.118;11.109;345.207;0.0
UAV_13;542;6934.579;5331.627;179.977;11.188;347.294;0.0
UAV_13;543;6945.641;5329.548;179.831;11.256;349.355;0.0
UAV_13;544;6956.825;5327.855;179.681;11.313;351.393;0.0
UAV_13;545;6968.107;5326.552;179.526;11.358;353.412;0.0
UAV_13;546;6979.462;5325.642;179.367;11.392;355.418;0.0
UAV_13;547;6990.863;5325.127;179.204;11.414;357.413;0.0
UAV_13;548;7002.285;5325.008;179.037;11.424;359.403;0.0
UAV_13;549;7013.701;5325.285;178.866;11.421;1.392;0.0
UAV_13;550;7025.087;5325.959;178.691;11.407;3.384;0.0
UAV_13;551;7036.416;5327.026;178.513;11.38;5.383;0.0
UAV_13;552;7047.662;5328.486;178.33;11.342;7.394;0.0
UAV_13;553;7058.8;5330.333;178.144;11.292;9.42;0.0
UAV_13;554;7069.805;5332.566;177.955;11.231;11.466;0.0
UAV_13;555;7080.652;5335.177;177.762;11.159;13.537;0.0
UAV_13;556;7091.316;5338.162;177.566;11.076;15.637;0.0
UAV_13;557;7101.773;5341.514;177.366;10.983;17.77;0.0
UAV_13;558;7112.0;5345.224;177.164;10.881;19.942;0.0
UAV_13;559;7121.973;5349.285;176.959;10.77;22.157;0.0
UAV_13;560;7131.67;5353.688;176.751;10.651;24.419;0.0
UAV_13;561;7141.068;5358.422;176.54;10.526;26.734;0.0
UAV_13;562;7150.0;5363.477;176.327;10.265;29.507;0.0
UAV_13;563;7150.0;5368.841;176.111;5.368;90.0;0.0
UAV_13;564;7150.0;5374.502;175.893;5.665;90.0;0.0
UAV_13;565;7150.0;5380.447;175.672;5.95;90.0;0.0
UAV_13;566;7150.0;5386.664;175.45;6.22;90.0;0.0
UAV_13;567;7150.0;5393.137;175.226;6.477;90.0;0.0
UAV_13;568;7150.0;5399.852;174.999;6.719;90.0;0.0
UAV_13;569;7150.0;5406.794;174.772;6.946;90.0;0.0
UAV_13;570;7150.0;5413.947;174.542;7.157;90.0;0.0
UAV_13;571;7150.0;5421.295;174.311;7.352;90.0;0.0
UAV_13;572;7150.0;5428.821;174.079;7.53;90.0;0.0
UAV_13;573;7150.0;5436.509;173.846;7.691;90.0;0.0
UAV_13;574;7150.0;5444.34;173.611;7.835;90.0;0.0
UAV_13;575;7150.0;5452.298;173.376;7.961;90.0;0.0
UAV_13;576;7150.0;5460.363;173.14;8.069;90.0;0.0
UAV_13;577;7150.0;5468.518;172.903;8.159;90.0;0.0
UAV_13;578;7150.0;5476.745;172.666;8.23;90.0;0.0
UAV_13;579;7150.0;5485.024;172.428;8.283;90.0;0.0
UAV_13;580;7150.0;5493.338;172.19;8.317;90.0;0.0
UAV_13;581;7150.0;5501.666;171.952;8.332;90.0;0.0
UAV_13;582;7150.0;5509.991;171.714;8.328;90.0;0.0
UAV_13;583;7150.0;5518.292;171.477;8.305;90.0;0.0
UAV_13;584;7150.0;5526.553;171.239;8.264;90.0;0.0
UAV_13;585;7150.0;5534.753;171.002;8.204;90.0;0.0
UAV_13;586;7150.0;5542.875;170.766;8.125;90.0;0.0
UAV_13;587;7150.0;5550.899;170.53;8.028;90.0;0.0
UAV_13;588;7150.0;5558.809;170.295;7.913;90.0;0.0
UAV_13;589;7150.0;5566.585;170.061;7.779;90.0;0.0
UAV_13;590;7150.0;5574.21;169.828;7.629;90.0;0.0
UAV_13;591;7150.0;5581.667;169.596;7.461;90.0;0.0
UAV_13;592;7150.0;5588.939;169.366;7.276;90.0;0.0
UAV_13;593;7150.0;5596.009;169.137;7.074;90.0;0.0
UAV_13;594;7150.0;5602.862;168.91;6.857;90.0;0.0
UAV_13;595;7150.0;5609.482;168.684;6.624;90.0;0.0
UAV_13;596;7150.0;5615.854;168.461;6.376;90.0;0.0
UAV_13;597;7150.0;5621.964;168.239;6.114;90.0;0.0
UAV_13;598;7150.0;5627.797;168.02;5.837;90.0;0.0
UAV_13;599;7150.0;5633.341;167.803;5.548;90.0;0.0
UAV_13;600;7146.555;5638.583;167.588;6.276;123.31;0.0
UAV_14;0;5380.344;6919.299;181.878;26.0;18.0;0.0
UAV_14;1;5391.679;6922.204;181.689;11.702;14.373;0.0
UAV_14;2;5402.817;6925.487;181.498;11.614;16.426;0.0
UAV_14;3;5413.737;6929.144;181.304;11.517;18.513;0.0
UAV_14;4;5424.413;6933.165;181.106;11.41;20.637;0.0
UAV_14;5;5434.824;6937.541;180.906;11.295;22.802;0.0
UAV_14;6;5444.947;6942.265;180.704;11.173;25.014;0.0
UAV_14;7;5454.761;6947.325;180.499;11.044;27.276;0.0
UAV_14;8;5464.245;6952.711;180.291;10.908;29.593;0.0
UAV_14;9;5473.378;6958.412;180.081;10.768;31.97;0.0
UAV_14;10;5482.141;6964.414;179.869;10.624;34.41;0.0
UAV_14;11;5490.516;6970.706;179.655;10.477;36.918;0.0
UAV_14;12;5498.484;6977.274;179.439;10.328;39.498;0.0
UAV_14;13;5506.028;6984.103;179.222;10.179;42.154;0.0
UAV_14;14;5513.133;6991.18;179.002;10.03;44.888;0.0
UAV_14;15;5519.782;6998.49;178.781;9.884;47.705;0.0
UAV_14;16;5525.963;7006.015;178.558;9.741;50.605;0.0
UAV_14;17;5531.662;7013.742;178.334;9.603;53.59;0.0
UAV_14;18;5536.866;7021.652;178.109;9.472;56.66;0.0
UAV_14;19;5541.565;7029.73;177.883;9.348;59.814;0.0
UAV_14;20;5545.748;7037.958;177.656;9.233;63.05;0.0
UAV_14;21;5549.407;7046.318;177.427;9.128;66.364;0.0
UAV_14;22;5552.533;7054.792;177.198;9.036;69.75;0.0
UAV_14;23;5555.121;7063.363;176.969;8.956;73.201;0.0
UAV_14;24;5557.164;7072.013;176.739;8.89;76.709;0.0
UAV_14;25;5558.658;7080.722;176.508;8.839;80.264;0.0
UAV_14;26;5559.601;7089.472;176.277;8.804;83.853;0.0
UAV_14;27;5559.989;7098.244;176.046;8.784;87.465;0.0
UAV_14;28;5559.822;7107.021;175.815;8.781;91.087;0.0
UAV_14;29;5559.101;7115.782;175.584;8.794;94.704;0.0
UAV_14;30;5557.828;7124.51;175.354;8.823;98.304;0.0
UAV_14;31;5556.004;7133.185;175.123;8.868;101.874;0.0
UAV_14;32;5553.633;7141.79;174.893;8.928;105.402;0.0
UAV_14;33;5550.721;7150.305;174.664;9.002;108.877;0.0
UAV_14;34;5547.275;7158.713;174.436;9.09;112.29;0.0
UAV_14;35;5543.3;7166.996;174.208;9.19;115.634;0.0
UAV_14;36;5538.807;7175.136;173.981;9.301;118.901;0.0
UAV_14;37;5533.803;7183.115;173.755;9.421;122.089;0.0
UAV_14;38;5528.301;7190.917;173.531;9.55;125.193;0.0
UAV_14;39;5522.312;7198.525;173.308;9.685;128.212;0.0
UAV_14;40;5515.848;7205.923;173.086;9.826;131.146;0.0
UAV_14;41;5508.923;7213.095;172.866;9.971;133.995;0.0
UAV_14;42;5501.553;7220.025;172.647;10.119;136.762;0.0
UAV_14;43;5493.753;7226.699;172.431;10.268;139.449;0.0
UAV_14;44;5485.539;7233.103;172.216;10.417;142.059;0.0
UAV_14;45;5476.929;7239.223;172.003;10.565;144.595;0.0
UAV_14;46;5467.941;7245.046;171.792;10.711;147.062;0.0
UAV_14;47;5458.595;7250.559;171.584;10.853;149.463;0.0
UAV_14;48;5448.911;7255.751;171.378;10.99;151.804;0.0
UAV_14;49;5438.909;7260.61;171.174;11.122;154.087;0.0
UAV_14;50;5428.611;7265.127;170.973;11.247;156.319;0.0
UAV_14;51;5418.038;7269.291;170.775;11.365;158.502;0.0
UAV_14;52;5407.213;7273.094;170.579;11.475;160.642;0.0
UAV_14;53;5396.159;7276.528;170.387;11.576;162.743;0.0
UAV_14;54;5384.9;7279.585;170.197;11.668;164.81;0.0
UAV_14;55;5373.46;7282.259;170.011;11.75;166.845;0.0
UAV_14;56;5361.863;7284.543;169.827;11.821;168.855;0.0
UAV_14;57;5350.134;7286.434;169.647;11.882;170.842;0.0
UAV_14;58;5338.298;7287.927;169.47;11.931;172.81;0.0
UAV_14;59;5326.381;7289.019;169.297;11.969;174.765;0.0
UAV_14;60;5314.407;7289.708;169.128;11.995;176.708;0.0
UAV_14;61;5302.402;7289.992;168.962;12.009;178.646;0.0
UAV_14;62;5290.393;7289.87;168.799;12.011;180.58;0.0
UAV_14;63;5278.403;7289.343;168.641;12.002;182.516;0.0
UAV_14;64;5266.46;7288.412;168.487;11.98;184.457;0.0
UAV_14;65;5254.589;7287.08;168.336;11.947;186.407;0.0
UAV_14;66;5242.814;7285.347;168.19;11.902;188.369;0.0
UAV_14;67;5231.161;7283.22;168.048;11.846;190.348;0.0
UAV_14;68;5219.656;7280.701;167.91;11.779;192.348;0.0
UAV_14;69;5208.321;7277.796;167.776;11.701;194.373;0.0
UAV_14;70;5197.183;7274.513;167.647;11.613;196.426;0.0
UAV_14;71;5186.263;7270.856;167.522;11.516;198.513;0.0
UAV_14;72;5175.587;7266.835;167.402;11.409;200.637;0.0
UAV_14;73;5165.176;7262.459;167.286;11.294;202.802;0.0
UAV_14;74;5155.053;7257.735;167.175;11.172;205.014;0.0
UAV_14;75;5150.0;7252.675;167.069;7.152;225.042;0.0
UAV_14;76;5150.0;7247.289;166.968;5.387;270.0;0.0
UAV_14;77;5150.0;7241.588;166.871;5.701;270.0;0.0
UAV_14;78;5150.0;7235.586;166.779;6.003;270.0;0.0
UAV_14;79;5150.0;7229.294;166.692;6.292;270.0;0.0
UAV_14;80;5150.0;7222.726;166.61;6.568;270.0;0.0
UAV_14;81;5150.0;7215.897;166.533;6.83;270.0;0.0
UAV_14;82;5150.0;7208.82;166.461;7.077;270.0;0.0
UAV_14;83;5150.0;7201.51;166.394;7.31;270.0;0.0
UAV_14;84;5150.0;7193.985;166.333;7.526;270.0;0.0
UAV_14;85;5150.0;7186.258;166.276;7.727;270.0;0.0
UAV_14;86;5150.0;7178.348;166.225;7.911;270.0;0.0
UAV_14;87;5150.0;7170.27;166.179;8.078;270.0;0.0
UAV_14;88;5150.0;7162.042;166.138;8.228;270.0;0.0
UAV_14;89;5150.0;7153.682;166.102;8.36;270.0;0.0
UAV_14;90;5150.0;7145.208;166.072;8.475;270.0;0.0
UAV_14;91;5150.0;7136.637;166.047;8.571;270.0;0.0
UAV_14;92;5150.0;7127.987;166.027;8.649;270.0;0.0
UAV_14;93;5150.0;7119.278;166.013;8.709;270.0;0.0
UAV_14;94;5150.0;7110.528;166.004;8.75;270.0;0.0
UAV_14;95;5150.0;7101.756;166.0;8.773;270.0;0.0
UAV_14;96;5150.0;7092.979;166.002;8.776;270.0;0.0
UAV_14;97;5150.0;7084.218;166.009;8.761;270.0;0.0
UAV_14;98;5150.0;7075.49;166.021;8.728;270.0;0.0
UAV_14;99;5150.0;7066.815;166.039;8.675;270.0;0.0
UAV_14;100;5150.0;7058.21;166.061;8.605;270.0;0.0
UAV_14;101;5150.0;7049.695;166.09;8.515;270.0;0.0
UAV_14;102;5150.0;7041.287;166.123;8.408;270.0;0.0
UAV_14;103;5150.0;7033.004;166.162;8.283;270.0;0.0
UAV_14;104;5150.0;7024.864;166.206;8.14;270.0;0.0
UAV_14;105;5150.0;7016.885;166.255;7.98;270.0;0.0
UAV_14;106;5150.0;7009.083;166.31;7.802;270.0;0.0
UAV_14;107;5150.0;7001.475;166.369;7.608;270.0;0.0
UAV_14;108;5150.0;6994.077;166.434;7.398;270.0;0.0
UAV_14;109;5150.0;6986.905;166.504;7.172;270.0;0.0
UAV_14;110;5150.0;6979.975;166.579;6.931;270.0;0.0
UAV_14;111;5150.0;6973.301;166.659;6.675;270.0;0.0
UAV_14;112;5150.0;6966.897;166.744;6.404;270.0;0.0
UAV_14;113;5150.0;6960.777;166.833;6.12;270.0;0.0
UAV_14;114;5150.0;6954.954;166.928;5.823;270.0;0.0
UAV_14;115;5150.0;6949.441;167.028;5.514;270.0;0.0
UAV_14;116;5151.089;6944.249;167.132;5.306;281.845;0.0
UAV_14;117;5161.091;6939.39;167.241;11.121;334.087;0.0
UAV_14;118;5171.389;6934.873;167.355;11.246;336.319;0.0
UAV_14;119;5181.962;6930.709;167.474;11.364;338.502;0.0
UAV_14;120;5192.787;6926.906;167.597;11.474;340.642;0.0
UAV_14;121;5203.841;6923.472;167.724;11.575;342.743;0.0
UAV_14;122;5215.1;6920.415;167.856;11.667;344.81;0.0
UAV_14;123;5226.54;6917.741;167.992;11.749;346.845;0.0
UAV_14;124;5238.137;6915.457;168.133;11.821;348.855;0.0
UAV_14;125;5249.866;6913.566;168.277;11.881;350.842;0.0
UAV_14;126;5261.702;6912.073;168.426;11.931;352.81;0.0
UAV_14;127;5273.619;6910.981;168.579;11.968;354.765;0.0
UAV_14;128;5285.593;6910.292;168.736;11.995;356.708;0.0
UAV_14;129;5297.598;6910.008;168.896;12.009;358.646;0.0
UAV_14;130;5309.607;6910.13;169.061;12.011;0.58;0.0
UAV_14;131;5321.597;6910.657;169.229;12.002;2.516;0.0
UAV_14;132;5333.54;6911.588;169.401;11.981;4.457;0.0
UAV_14;133;5345.411;6912.92;169.576;11.947;6.407;0.0
UAV_14;134;5357.186;6914.653;169.755;11.903;8.369;0.0
UAV_14;135;5368.839;6916.78;169.937;11.847;10.348;0.0
UAV_14;136;5380.344;6919.299;170.122;11.78;12.348;0.0
UAV_14;137;5391.679;6922.204;170.311;11.702;14.373;0.0
UAV_14;138;5402.817;6925.487;170.502;11.614;16.426;0.0
UAV_14;139;5413.737;6929.144;170.696;11.517;18.513;0.0
UAV_14;140;5424.413;6933.165;170.894;11.41;20.637;0.0
UAV_14;141;5434.824;6937.541;171.094;11.295;22.802;0.0
UAV_14;142;5444.947;6942.265;171.296;11.173;25.014;0.0
UAV_14;143;5454.761;6947.325;171.501;11.044;27.276;0.0
UAV_14;144;5464.245;6952.711;171.709;10.908;29.593;0.0
UAV_14;145;5473.378;6958.412;171.919;10.768;31.97;0.0
UAV_14;146;5482.141;6964.414;172.131;10.624;34.41;0.0
UAV_14;147;5490.516;6970.706;172.345;10.477;36.918;0.0
UAV_14;148;5498.484;6977.274;172.561;10.328;39.498;0.0
UAV_14;149;5506.028;6984.103;172.778;10.179;42.154;0.0
UAV_14;150;5513.133;6991.18;172.998;10.03;44.888;0.0
UAV_14;151;5519.782;6998.49;173.219;9.884;47.705;0.0
UAV_14;152;5525.963;7006.015;173.442;9.741;50.605;0.0
UAV_14;153;5531.662;7013.742;173.666;9.603;53.59;0.0
UAV_14;154;5536.866;7021.652;173.891;9.472;56.66;0.0
UAV_14;155;5541.565;7029.73;174.117;9.348;59.814;0.0
UAV_14;156;5545.748;7037.958;174.344;9.233;63.05;0.0
UAV_14;157;5549.407;7046.318;174.573;9.128;66.364;0.0
UAV_14;158;5552.533;7054.792;174.802;9.036;69.75;0.0
UAV_14;159;5555.121;7063.363;175.031;8.956;73.201;0.0
UAV_14;160;5557.164;7072.013;175.261;8.89;76.709;0.0
UAV_14;161;5558.658;7080.722;175.492;8.839;80.264;0.0
UAV_14;162;5559.601;7089.472;175.723;8.804;83.853;0.0
UAV_14;163;5559.989;7098.244;175.954;8.784;87.465;0.0
UAV_14;164;5559.822;7107.021;176.185;8.781;91.087;0.0
UAV_14;165;5559.101;7115.782;176.416;8.794;94.704;0.0
UAV_14;166;5557.828;7124.51;176.646;8.823;98.304;0.0
UAV_14;167;5556.004;7133.185;176.877;8.868;101.874;0.0
UAV_14;168;5553.633;7141.79;177.107;8.928;105.402;0.0
UAV_14;169;5550.721;7150.305;177.336;9.002;108.877;0.0
UAV_14;170;5547.275;7158.713;177.564;9.09;112.29;0.0
UAV_14;171;5543.3;7166.996;177.792;9.19;115.634;0.0
UAV_14;172;5538.807;7175.136;178.019;9.301;118.901;0.0
UAV_14;173;5533.803;7183.115;178.245;9.421;122.089;0.0
UAV_14;174;5528.301;7190.917;178.469;9.55;125.193;0.0
UAV_14;175;5522.312;7198.525;178.692;9.685;128.212;0.0
UAV_14;176;5515.848;7205.923;178.914;9.826;131.146;0.0
UAV_14;177;5508.923;7213.095;179.134;9.971;133.995;0.0
UAV_14;178;5501.553;7220.025;179.353;10.119;136.762;0.0
UAV_14;179;5493.753;7226.699;179.569;10.268;139.449;0.0
UAV_14;180;5485.539;7233.103;179.784;10.417;142.059;0.0
UAV_14;181;5476.929;7239.223;179.997;10.565;144.595;0.0
UAV_14;182;5467.941;7245.046;180.208;10.711;147.062;0.0
UAV_14;183;5458.595;7250.559;180.416;10.853;149.463;0.0
UAV_14;184;5448.911;7255.751;180.622;10.99;151.804;0.0
UAV_14;185;5438.909;7260.61;180.826;11.122;154.087;0.0
UAV_14;186;5428.611;7265.127;181.027;11.247;156.319;0.0
UAV_14;187;5418.038;7269.291;181.225;11.365;158.502;0.0
UAV_14;188;5407.213;7273.094;181.421;11.475;160.642;0.0
UAV_14;189;5396.159;7276.528;181.613;11.576;162.743;0.0
UAV_14;190;5384.9;7279.585;181.803;11.668;164.81;0.0
UAV_14;191;5373.46;7282.259;181.989;11.75;166.845;0.0
UAV_14;192;5361.863;7284.543;182.173;11.821;168.855;0.0
UAV_14;193;5350.134;7286.434;182.353;11.882;170.842;0.0
UAV_14;194;5338.298;7287.927;182.53;11.931;172.81;0.0
UAV_14;195;5326.381;7289.019;182.703;11.969;174.765;0.0
UAV_14;196;5314.407;7289.708;182.872;11.995;176.708;0.0
UAV_14;197;5302.402;7289.992;183.038;12.009;178.646;0.0
UAV_14;198;5290.393;7289.87;183.201;12.011;180.58;0.0
UAV_14;199;5278.403;7289.343;183.359;12.002;182.516;0.0
UAV_14;200;5266.46;7288.412;183.513;11.98;184.457;0.0
UAV_14;201;5254.589;7287.08;183.664;11.947;186.407;0.0
UAV_14;202;5242.814;7285.347;183.81;11.902;188.369;0.0
UAV_14;203;5231.161;7283.22;183.952;11.846;190.348;0.0
UAV_14;204;5219.656;7280.701;184.09;11.779;192.348;0.0
UAV_14;205;5208.321;7277.796;184.224;11.701;194.373;0.0
UAV_14;206;5197.183;7274.513;184.353;11.613;196.426;0.0
UAV_14;207;5186.263;7270.856;184.478;11.516;198.513;0.0
UAV_14;208;5175.587;7266.835;184.598;11.409;200.637;0.0
UAV_14;209;5165.176;7262.459;184.714;11.294;202.802;0.0
UAV_14;210;5155.053;7257.735;184.825;11.172;205.014;0.0
UAV_14;211;5150.0;7252.675;184.931;7.152;225.042;0.0
UAV_14;212;5150.0;7247.289;185.032;5.387;270.0;0.0
UAV_14;213;5150.0;7241.588;185.129;5.701;270.0;0.0
UAV_14;214;5150.0;7235.586;185.221;6.003;270.0;0.0
UAV_14;215;5150.0;7229.294;185.308;6.292;270.0;0.0
UAV_14;216;5150.0;7222.726;185.39;6.568;270.0;0.0
UAV_14;217;5150.0;7215.897;185.467;6.83;270.0;0.0
UAV_14;218;5150.0;7208.82;185.539;7.077;270.0;0.0
UAV_14;219;5150.0;7201.51;185.606;7.31;270.0;0.0
UAV_14;220;5150.0;7193.985;185.667;7.526;270.0;0.0
UAV_14;221;5150.0;7186.258;185.724;7.727;270.0;0.0
UAV_14;222;5150.0;7178.348;185.775;7.911;270.0;0.0
UAV_14;223;5150.0;7170.27;185.821;8.078;270.0;0.0
UAV_14;224;5150.0;7162.042;185.862;8.228;270.0;0.0
UAV_14;225;5150.0;7153.682;185.898;8.36;270.0;0.0
UAV_14;226;5150.0;7145.208;185.928;8.475;270.0;0.0
UAV_14;227;5150.0;7136.637;185.953;8.571;270.0;0.0
UAV_14;228;5150.0;7127.987;185.973;8.649;270.0;0.0
UAV_14;229;5150.0;7119.278;185.987;8.709;270.0;0.0
UAV_14;230;5150.0;7110.528;185.996;8.75;270.0;0.0
UAV_14;231;5150.0;7101.756;186.0;8.773;270.0;0.0
UAV_14;232;5150.0;7092.979;185.998;8.776;270.0;0.0
UAV_14;233;5150.0;7084.218;185.991;8.761;270.0;0.0
UAV_14;234;5150.0;7075.49;185.979;8.728;270.0;0.0
UAV_14;235;5150.0;7066.815;185.961;8.675;270.0;0.0
UAV_14;236;5150.0;7058.21;185.939;8.605;270.0;0.0
UAV_14;237;5150.0;7049.695;185.91;8.515;270.0;0.0
UAV_14;238;5150.0;7041.287;185.877;8.408;270.0;0.0
UAV_14;239;5150.0;7033.004;185.838;8.283;270.0;0.0
UAV_14;240;5150.0;7024.864;185.794;8.14;270.0;0.0
UAV_14;241;5150.0;7016.885;185.745;7.98;270.0;0.0
UAV_14;242;5150.0;7009.083;185.69;7.802;270.0;0.0
UAV_14;243;5150.0;7001.475;185.631;7.608;270.0;0.0
UAV_14;244;5150.0;6994.077;185.566;7.398;270.0;0.0
UAV_14;245;5150.0;6986.905;185.496;7.172;270.0;0.0
UAV_14;246;5150.0;6979.975;185.421;6.931;270.0;0.0
UAV_14;247;5150.0;6973.301;185.341;6.675;270.0;0.0
UAV_14;248;5150.0;6966.897;185.256;6.404;270.0;0.0
UAV_14;249;5150.0;6960.777;185.167;6.12;270.0;0.0
UAV_14;250;5150.0;6954.954;185.072;5.823;270.0;0.0
UAV_14;251;5150.0;6949.441;184.972;5.514;270.0;0.0
UAV_14;252;5151.089;6944.249;184.868;5.306;281.845;0.0
UAV_14;253;5161.091;6939.39;184.759;11.121;334.087;0.0
UAV_14;254;5171.389;6934.873;184.645;11.246;336.319;0.0
UAV_14;255;5181.962;6930.709;184.526;11.364;338.502;0.0
UAV_14;256;5192.787;6926.906;184.403;11.474;340.642;0.0
UAV_14;257;5203.841;6923.472;184.276;11.575;342.743;0.0
UAV_14;258;5215.1;6920.415;184.144;11.667;344.81;0.0
UAV_14;259;5226.54;6917.741;184.008;11.749;346.845;0.0
UAV_14;260;5238.137;6915.457;183.867;11.821;348.855;0.0
UAV_14;261;5249.866;6913.566;183.723;11.881;350.842;0.0
UAV_14;262;5261.702;6912.073;183.574;11.931;352.81;0.0
UAV_14;263;5273.619;6910.981;183.421;11.968;354.765;0.0
UAV_14;264;5285.593;6910.292;183.264;11.995;356.708;0.0
UAV_14;265;5297.598;6910.008;183.104;12.009;358.646;0.0
UAV_14;266;5309.607;6910.13;182.939;12.011;0.58;0.0
UAV_14;267;5321.597;6910.657;182.771;12.002;2.516;0.0
UAV_14;268;5333.54;6911.588;182.599;11.981;4.457;0.0
UAV_14;269;5345.411;6912.92;182.424;11.947;6.407;0.0
UAV_14;270;5357.186;6914.653;182.245;11.903;8.369;0.0
UAV_14;271;5368.839;6916.78;182.063;11.847;10.348;0.0
UAV_14;272;5380.344;6919.299;181.878;11.78;12.348;0.0
UAV_14;273;5391.679;6922.204;181.689;11.702;14.373;0.0
UAV_14;274;5402.817;6925.487;181.498;11.614;16.426;0.0
UAV_14;275;5413.737;6929.144;181.304;11.517;18.513;0.0
UAV_14;276;5424.413;6933.165;181.106;11.41;20.637;0.0
UAV_14;277;5434.824;6937.541;180.906;11.295;22.802;0.0
UAV_14;278;5444.947;6942.265;180.704;11.173;25.014;0.0
UAV_14;279;5454.761;6947.325;180.499;11.044;27.276;0.0
UAV_14;280;5464.245;6952.711;180.291;10.908;29.593;0.0
UAV_14;281;5473.378;6958.412;180.081;10.768;31.97;0.0
UAV_14;282;5482.141;6964.414;179.869;10.624;34.41;0.0
UAV_14;283;5490.516;6970.706;179.655;10.477;36.918;0.0
UAV_14;284;5498.484;6977.274;179.439;10.328;39.498;0.0
UAV_14;285;5506.028;6984.103;179.222;10.179;42.154;0.0
UAV_14;286;5513.133;6991.18;179.002;10.03;44.888;0.0
UAV_14;287;5519.782;6998.49;178.781;9.884;47.705;0.0
UAV_14;288;5525.963;7006.015;178.558;9.741;50.605;0.0
UAV_14;289;5531.662;7013.742;178.334;9.603;53.59;0.0
UAV_14;290;5536.866;7021.652;178.109;9.472;56.66;0.0
UAV_14;291;5541.565;7029.73;177.883;9.348;59.814;0.0
UAV_14;292;5545.748;7037.958;177.656;9.233;63.05;0.0
UAV_14;293;5549.407;7046.318;177.427;9.128;66.364;0.0
UAV_14;294;5552.533;7054.792;177.198;9.036;69.75;0.0
UAV_14;295;5555.121;7063.363;176.969;8.956;73.201;0.0
UAV_14;296;5557.164;7072.013;176.739;8.89;76.709;0.0
UAV_14;297;5558.658;7080.722;176.508;8.839;80.264;0.0
UAV_14;298;5559.601;7089.472;176.277;8.804;83.853;0.0
UAV_14;299;5559.989;7098.244;176.046;8.784;87.465;0.0
UAV_14;300;5559.822;7107.021;175.815;8.781;91.087;0.0
UAV_14;301;5559.101;7115.782;175.584;8.794;94.704;0.0
UAV_14;302;5557.828;7124.51;175.354;8.823;98.304;0.0
UAV_14;303;5556.004;7133.185;175.123;8.868;101.874;0.0
UAV_14;304;5553.633;7141.79;174.893;8.928;105.402;0.0
UAV_14;305;5550.721;7150.305;174.664;9.002;108.877;0.0
UAV_14;306;5547.275;7158.713;174.436;9.09;112.29;0.0
UAV_14;307;5543.3;7166.996;174.208;9.19;115.634;0.0
UAV_14;308;5538.807;7175.136;173.981;9.301;118.901;0.0
UAV_14;309;5533.803;7183.115;173.755;9.421;122.089;0.0
UAV_14;310;5528.301;7190.917;173.531;9.55;125.193;0.0
UAV_14;311;5522.312;7198.525;173.308;9.685;128.212;0.0
UAV_14;312;5515.848;7205.923;173.086;9.826;131.146;0.0
UAV_14;313;5508.923;7213.095;172.866;9.971;133.995;0.0
UAV_14;314;5501.553;7220.025;172.647;10.119;136.762;0.0
UAV_14;315;5493.753;7226.699;172.431;10.268;139.449;0.0
UAV_14;316;5485.539;7233.103;172.216;10.417;142.059;0.0
UAV_14;317;5476.929;7239.223;172.003;10.565;144.595;0.0
UAV_14;318;5467.941;7245.046;171.792;10.711;147.062;0.0
UAV_14;319;5458.595;7250.559;171.584;10.853;149.463;0.0
UAV_14;320;5448.911;7255.751;171.378;10.99;151.804;0.0
UAV_14;321;5438.909;7260.61;171.174;11.122;154.087;0.0
UAV_14;322;5428.611;7265.127;170.973;11.247;156.319;0.0
UAV_14;323;5418.038;7269.291;170.775;11.365;158.502;0.0
UAV_14;324;5407.213;7273.094;170.579;11.475;160.642;0.0
UAV_14;325;5396.159;7276.528;170.387;11.576;162.743;0.0
UAV_14;326;5384.9;7279.585;170.197;11.668;164.81;0.0
UAV_14;327;5373.46;7282.259;170.011;11.75;166.845;0.0
UAV_14;328;5361.863;7284.543;169.827;11.821;168.855;0.0
UAV_14;329;5350.134;7286.434;169.647;11.882;170.842;0.0
UAV_14;330;5338.298;7287.927;169.47;11.931;172.81;0.0
UAV_14;331;5326.381;7289.019;169.297;11.969;174.765;0.0
UAV_14;332;5314.407;7289.708;169.128;11.995;176.708;0.0
UAV_14;333;5302.402;7289.992;168.962;12.009;178.646;0.0
UAV_14;334;5290.393;7289.87;168.799;12.011;180.58;0.0
UAV_14;335;5278.403;7289.343;168.641;12.002;182.516;0.0
UAV_14;336;5266.46;7288.412;168.487;11.98;184.457;0.0
UAV_14;337;5254.589;7287.08;168.336;11.947;186.407;0.0
UAV_14;338;5242.814;7285.347;168.19;11.902;188.369;0.0
UAV_14;339;5231.161;7283.22;168.048;11.846;190.348;0.0
UAV_14;340;5219.656;7280.701;167.91;11.779;192.348;0.0
UAV_14;341;5208.321;7277.796;167.776;11.701;194.373;0.0
UAV_14;342;5197.183;7274.513;167.647;11.613;196.426;0.0
UAV_14;343;5186.263;7270.856;167.522;11.516;198.513;0.0
UAV_14;344;5175.587;7266.835;167.402;11.409;200.637;0.0
UAV_14;345;5165.176;7262.459;167.286;11.294;202.802;0.0
UAV_14;346;5155.053;7257.735;167.175;11.172;205.014;0.0
UAV_14;347;5150.0;7252.675;167.069;7.152;225.042;0.0
UAV_14;348;5150.0;7247.289;166.968;5.387;270.0;0.0
UAV_14;349;5150.0;7241.588;166.871;5.701;270.0;0.0
UAV_14;350;5150.0;7235.586;166.779;6.003;270.0;0.0
UAV_14;351;5150.0;7229.294;166.692;6.292;270.0;0.0
UAV_14;352;5150.0;7222.726;166.61;6.568;270.0;0.0
UAV_14;353;5150.0;7215.897;166.533;6.83;270.0;0.0
UAV_14;354;5150.0;7208.82;166.461;7.077;270.0;0.0
UAV_14;355;5150.0;7201.51;166.394;7.31;270.0;0.0
UAV_14;356;5150.0;7193.985;166.333;7.526;270.0;0.0
UAV_14;357;5150.0;7186.258;166.276;7.727;270.0;0.0
UAV_14;358;5150.0;7178.348;166.225;7.911;270.0;0.0
UAV_14;359;5150.0;7170.27;166.179;8.078;270.0;0.0
UAV_14;360;5150.0;7162.042;166.138;8.228;270.0;0.0
UAV_14;361;5150.0;7153.682;166.102;8.36;270.0;0.0
UAV_14;362;5150.0;7145.208;166.072;8.475;270.0;0.0
UAV_14;363;5150.0;7136.637;166.047;8.571;270.0;0.0
UAV_14;364;5150.0;7127.987;166.027;8.649;270.0;0.0
UAV_14;365;5150.0;7119.278;166.013;8.709;270.0;0.0
UAV_14;366;5150.0;7110.528;166.004;8.75;270.0;0.0
UAV_14;367;5150.0;7101.756;166.0;8.773;270.0;0.0
UAV_14;368;5150.0;7092.979;166.002;8.776;270.0;0.0
UAV_14;369;5150.0;7084.218;166.009;8.761;270.0;0.0
UAV_14;370;5150.0;7075.49;166.021;8.728;270.0;0.0
UAV_14;371;5150.0;7066.815;166.039;8.675;270.0;0.0
UAV_14;372;5150.0;7058.21;166.061;8.605;270.0;0.0
UAV_14;373;5150.0;7049.695;166.09;8.515;270.0;0.0
UAV_14;374;5150.0;7041.287;166.123;8.408;270.0;0.0
UAV_14;375;5150.0;7033.004;166.162;8.283;270.0;0.0
UAV_14;376;5150.0;7024.864;166.206;8.14;270.0;0.0
UAV_14;377;5150.0;7016.885;166.255;7.98;270.0;0.0
UAV_14;378;5150.0;7009.083;166.31;7.802;270.0;0.0
UAV_14;379;5150.0;7001.475;166.369;7.608;270.0;0.0
UAV_14;380;5150.0;6994.077;166.434;7.398;270.0;0.0
UAV_14;381;5150.0;6986.905;166.504;7.172;270.0;0.0
UAV_14;382;5150.0;6979.975;166.579;6.931;270.0;0.0
UAV_14;383;5150.0;6973.301;166.659;6.675;270.0;0.0
UAV_14;384;5150.0;6966.897;166.744;6.404;270.0;0.0
UAV_14;385;5150.0;6960.777;166.833;6.12;270.0;0.0
UAV_14;386;5150.0;6954.954;166.928;5.823;270.0;0.0
UAV_14;387;5150.0;6949.441;167.028;5.514;270.0;0.0
UAV_14;388;5151.089;6944.249;167.132;5.306;281.845;0.0
UAV_14;389;5161.091;6939.39;167.241;11.121;334.087;0.0
UAV_14;390;5171.389;6934.873;167.355;11.246;336.319;0.0
UAV_14;391;5181.962;6930.709;167.474;11.364;338.502;0.0
UAV_14;392;5192.787;6926.906;167.597;11.474;340.642;0.0
UAV_14;393;5203.841;6923.472;167.724;11.575;342.743;0.0
UAV_14;394;5215.1;6920.415;167.856;11.667;344.81;0.0
UAV_14;395;5226.54;6917.741;167.992;11.749;346.845;0.0
UAV_14;396;5238.137;6915.457;168.133;11.821;348.855;0.0
UAV_14;397;5249.866;6913.566;168.277;11.881;350.842;0.0
UAV_14;398;5261.702;6912.073;168.426;11.931;352.81;0.0
UAV_14;399;5273.619;6910.981;168.579;11.968;354.765;0.0
UAV_14;400;5285.593;6910.292;168.736;11.995;356.708;0.0
UAV_14;401;5297.598;6910.008;168.896;12.009;358.646;0.0
UAV_14;402;5309.607;6910.13;169.061;12.011;0.58;0.0
UAV_14;403;5321.597;6910.657;169.229;12.002;2.516;0.0
UAV_14;404;5333.54;6911.588;169.401;11.981;4.457;0.0
UAV_14;405;5345.411;6912.92;169.576;11.947;6.407;0.0
UAV_14;406;5357.186;6914.653;169.755;11.903;8.369;0.0
UAV_14;407;5368.839;6916.78;169.937;11.847;10.348;0.0
UAV_14;408;5380.344;6919.299;170.122;11.78;12.348;0.0
UAV_14;409;5391.679;6922.204;170.311;11.702;14.373;0.0
UAV_14;410;5402.817;6925.487;170.502;11.614;16.426;0.0
UAV_14;411;5413.737;6929.144;170.696;11.517;18.513;0.0
UAV_14;412;5424.413;6933.165;170.894;11.41;20.637;0.0
UAV_14;413;5434.824;6937.541;171.094;11.295;22.802;0.0
UAV_14;414;5444.947;6942.265;171.296;11.173;25.014;0.0
UAV_14;415;5454.761;6947.325;171.501;11.044;27.276;0.0
UAV_14;416;5464.245;6952.711;171.709;10.908;29.593;0.0
UAV_14;417;5473.378;6958.412;171.919;10.768;31.97;0.0
UAV_14;418;5482.141;6964.414;172.131;10.624;34.41;0.0
UAV_14;419;5490.516;6970.706;172.345;10.477;36.918;0.0
UAV_14;420;5498.484;6977.274;172.561;10.328;39.498;0.0
UAV_14;421;5506.028;6984.103;172.778;10.179;42.154;0.0
UAV_14;422;5513.133;6991.18;172.998;10.03;44.888;0.0
UAV_14;423;5519.782;6998.49;173.219;9.884;47.705;0.0
UAV_14;424;5525.963;7006.015;173.442;9.741;50.605;0.0
UAV_14;425;5531.662;7013.742;173.666;9.603;53.59;0.0
UAV_14;426;5536.866;7021.652;173.891;9.472;56.66;0.0
UAV_14;427;5541.565;7029.73;174.117;9.348;59.814;0.0
UAV_14;428;5545.748;7037.958;174.344;9.233;63.05;0.0
UAV_14;429;5549.407;7046.318;174.573;9.128;66.364;0.0
UAV_14;430;5552.533;7054.792;174.802;9.036;69.75;0.0
UAV_14;431;5555.121;7063.363;175.031;8.956;73.201;0.0
UAV_14;432;5557.164;7072.013;175.261;8.89;76.709;0.0
UAV_14;433;5558.658;7080.722;175.492;8.839;80.264;0.0
UAV_14;434;5559.601;7089.472;175.723;8.804;83.853;0.0
UAV_14;435;5559.989;7098.244;175.954;8.784;87.465;0.0
UAV_14;436;5559.822;7107.021;176.185;8.781;91.087;0.0
UAV_14;437;5559.101;7115.782;176.416;8.794;94.704;0.0
UAV_14;438;5557.828;7124.51;176.646;8.823;98.304;0.0
UAV_14;439;5556.004;7133.185;176.877;8.868;101.874;0.0
UAV_14;440;5553.633;7141.79;177.107;8.928;105.402;0.0
UAV_14;441;5550.721;7150.305;177.336;9.002;108.877;0.0
UAV_14;442;5547.275;7158.713;177.564;9.09;112.29;0.0
UAV_14;443;5543.3;7166.996;177.792;9.19;115.634;0.0
UAV_14;444;5538.807;7175.136;178.019;9.301;118.901;0.0
UAV_14;445;5533.803;7183.115;178.245;9.421;122.089;0.0
UAV_14;446;5528.301;7190.917;178.469;9.55;125.193;0.0
UAV_14;447;5522.312;7198.525;178.692;9.685;128.212;0.0
UAV_14;448;5515.848;7205.923;178.914;9.826;131.146;0.0
UAV_14;449;5508.923;7213.095;179.134;9.971;133.995;0.0
UAV_14;450;5501.553;7220.025;179.353;10.119;136.762;0.0
UAV_14;451;5493.753;7226.699;179.569;10.268;139.449;0.0
UAV_14;452;5485.539;7233.103;179.784;10.417;142.059;0.0
UAV_14;453;5476.929;7239.223;179.997;10.565;144.595;0.0
UAV_14;454;5467.941;7245.046;180.208;10.711;147.062;0.0
UAV_14;455;5458.595;7250.559;180.416;10.853;149.463;0.0
UAV_14;456;5448.911;7255.751;180.622;10.99;151.804;0.0
UAV_14;457;5438.909;7260.61;180.826;11.122;154.087;0.0
UAV_14;458;5428.611;7265.127;181.027;11.247;156.319;0.0
UAV_14;459;5418.038;7269.291;181.225;11.365;158.502;0.0
UAV_14;460;5407.213;7273.094;181.421;11.475;160.642;0.0
UAV_14;461;5396.159;7276.528;181.613;11.576;162.743;0.0
UAV_14;462;5384.9;7279.585;181.803;11.668;164.81;0.0
UAV_14;463;5373.46;7282.259;181.989;11.75;166.845;0.0
UAV_14;464;5361.863;7284.543;182.173;11.821;168.855;0.0
UAV_14;465;5350.134;7286.434;182.353;11.882;170.842;0.0
UAV_14;466;5338.298;7287.927;182.53;11.931;172.81;0.0
UAV_14;467;5326.381;7289.019;182.703;11.969;174.765;0.0
UAV_14;468;5314.407;7289.708;182.872;11.995;176.708;0.0
UAV_14;469;5302.402;7289.992;183.038;12.009;178.646;0.0
UAV_14;470;5290.393;7289.87;183.201;12.011;180.58;0.0
UAV_14;471;5278.403;7289.343;183.359;12.002;182.516;0.0
UAV_14;472;5266.46;7288.412;183.513;11.98;184.457;0.0
UAV_14;473;5254.589;7287.08;183.664;11.947;186.407;0.0
UAV_14;474;5242.814;7285.347;183.81;11.902;188.369;0.0
UAV_14;475;5231.161;7283.22;183.952;11.846;190.348;0.0
UAV_14;476;5219.656;7280.701;184.09;11.779;192.348;0.0
UAV_14;477;5208.321;7277.796;184.224;11.701;194.373;0.0
UAV_14;478;5197.183;7274.513;184.353;11.613;196.426;0.0
UAV_14;479;5186.263;7270.856;184.478;11.516;198.513;0.0
UAV_14;480;5175.587;7266.835;184.598;11.409;200.637;0.0
UAV_14;481;5165.176;7262.459;184.714;11.294;202.802;0.0
UAV_14;482;5155.053;7257.735;184.825;11.172;205.014;0.0
UAV_14;483;5150.0;7252.675;184.931;7.152;225.042;0.0
UAV_14;484;5150.0;7247.289;185.032;5.387;270.0;0.0
UAV_14;485;5150.0;7241.588;185.129;5.701;270.0;0.0
UAV_14;486;5150.0;7235.586;185.221;6.003;270.0;0.0
UAV_14;487;5150.0;7229.294;185.308;6.292;270.0;0.0
UAV_14;488;5150.0;7222.726;185.39;6.568;270.0;0.0
UAV_14;489;5150.0;7215.897;185.467;6.83;270.0;0.0
UAV_14;490;5150.0;7208.82;185.539;7.077;270.0;0.0
UAV_14;491;5150.0;7201.51;185.606;7.31;270.0;0.0
UAV_14;492;5150.0;7193.985;185.667;7.526;270.0;0.0
UAV_14;493;5150.0;7186.258;185.724;7.727;270.0;0.0
UAV_14;494;5150.0;7178.348;185.775;7.911;270.0;0.0
UAV_14;495;5150.0;7170.27;185.821;8.078;270.0;0.0
UAV_14;496;5150.0;7162.042;185.862;8.228;270.0;0.0
UAV_14;497;5150.0;7153.682;185.898;8.36;270.0;0.0
UAV_14;498;5150.0;7145.208;185.928;8.475;270.0;0.0
UAV_14;499;5150.0;7136.637;185.953;8.571;270.0;0.0
UAV_14;500;5150.0;7127.987;185.973;8.649;270.0;0.0
UAV_14;501;5150.0;7119.278;185.987;8.709;270.0;0.0
UAV_14;502;5150.0;7110.528;185.996;8.75;270.0;0.0
UAV_14;503;5150.0;7101.756;186.0;8.773;270.0;0.0
UAV_14;504;5150.0;7092.979;185.998;8.776;270.0;0.0
UAV_14;505;5150.0;7084.218;185.991;8.761;270.0;0.0
UAV_14;506;5150.0;7075.49;185.979;8.728;270.0;0.0
UAV_14;507;5150.0;7066.815;185.961;8.675;270.0;0.0
UAV_14;508;5150.0;7058.21;185.939;8.605;270.0;0.0
UAV_14;509;5150.0;7049.695;185.91;8.515;270.0;0.0
UAV_14;510;5150.0;7041.287;185.877;8.408;270.0;0.0
UAV_14;511;5150.0;7033.004;185.838;8.283;270.0;0.0
UAV_14;512;5150.0;7024.864;185.794;8.14;270.0;0.0
UAV_14;513;5150.0;7016.885;185.745;7.98;270.0;0.0
UAV_14;514;5150.0;7009.083;185.69;7.802;270.0;0.0
UAV_14;515;5150.0;7001.475;185.631;7.608;270.0;0.0
UAV_14;516;5150.0;6994.077;185.566;7.398;270.0;0.0
UAV_14;517;5150.0;6986.905;185.496;7.172;270.0;0.0
UAV_14;518;5150.0;6979.975;185.421;6.931;270.0;0.0
UAV_14;519;5150.0;6973.301;185.341;6.675;270.0;0.0
UAV_14;520;5150.0;6966.897;185.256;6.404;270.0;0.0
UAV_14;521;5150.0;6960.777;185.167;6.12;270.0;0.0
UAV_14;522;5150.0;6954.954;185.072;5.823;270.0;0.0
UAV_14;523;5150.0;6949.441;184.972;5.514;270.0;0.0
UAV_14;524;5151.089;6944.249;184.868;5.306;281.845;0.0
UAV_14;525;5161.091;6939.39;184.759;11.121;334.087;0.0
UAV_14;526;5171.389;6934.873;184.645;11.246;336.319;0.0
UAV_14;527;5181.962;6930.709;184.526;11.364;338.502;0.0
UAV_14;528;5192.787;6926.906;184.403;11.474;340.642;0.0
UAV_14;529;5203.841;6923.472;184.276;11.575;342.743;0.0
UAV_14;530;5215.1;6920.415;184.144;11.667;344.81;0.0
UAV_14;531;5226.54;6917.741;184.008;11.749;346.845;0.0
UAV_14;532;5238.137;6915.457;183.867;11.821;348.855;0.0
UAV_14;533;5249.866;6913.566;183.723;11.881;350.842;0.0
UAV_14;534;5261.702;6912.073;183.574;11.931;352.81;0.0
UAV_14;535;5273.619;6910.981;183.421;11.968;354.765;0.0
UAV_14;536;5285.593;6910.292;183.264;11.995;356.708;0.0
UAV_14;537;5297.598;6910.008;183.104;12.009;358.646;0.0
UAV_14;538;5309.607;6910.13;182.939;12.011;0.58;0.0
UAV_14;539;5321.597;6910.657;182.771;12.002;2.516;0.0
UAV_14;540;5333.54;6911.588;182.599;11.981;4.457;0.0
UAV_14;541;5345.411;6912.92;182.424;11.947;6.407;0.0
UAV_14;542;5357.186;6914.653;182.245;11.903;8.369;0.0
UAV_14;543;5368.839;6916.78;182.063;11.847;10.348;0.0
UAV_14;544;5380.344;6919.299;181.878;11.78;12.348;0.0
UAV_14;545;5391.679;6922.204;181.689;11.702;14.373;0.0
UAV_14;546;5402.817;6925.487;181.498;11.614;16.426;0.0
UAV_14;547;5413.737;6929.144;181.304;11.517;18.513;0.0
UAV_14;548;5424.413;6933.165;181.106;11.41;20.637;0.0
UAV_14;549;5434.824;6937.541;180.906;11.295;22.802;0.0
UAV_14;550;5444.947;6942.265;180.704;11.173;25.014;0.0
UAV_14;551;5454.761;6947.325;180.499;11.044;27.276;0.0
UAV_14;552;5464.245;6952.711;180.291;10.908;29.593;0.0
UAV_14;553;5473.378;6958.412;180.081;10.768;31.97;0.0
UAV_14;554;5482.141;6964.414;179.869;10.624;34.41;0.0
UAV_14;555;5490.516;6970.706;179.655;10.477;36.918;0.0
UAV_14;556;5498.484;6977.274;179.439;10.328;39.498;0.0
UAV_14;557;5506.028;6984.103;179.222;10.179;42.154;0.0
UAV_14;558;5513.133;6991.18;179.002;10.03;44.888;0.0
UAV_14;559;5519.782;6998.49;178.781;9.884;47.705;0.0
UAV_14;560;5525.963;7006.015;178.558;9.741;50.605;0.0
UAV_14;561;5531.662;7013.742;178.334;9.603;53.59;0.0
UAV_14;562;5536.866;7021.652;178.109;9.472;56.66;0.0
UAV_14;563;5541.565;7029.73;177.883;9.348;59.814;0.0
UAV_14;564;5545.748;7037.958;177.656;9.233;63.05;0.0
UAV_14;565;5549.407;7046.318;177.427;9.128;66.364;0.0
UAV_14;566;5552.533;7054.792;177.198;9.036;69.75;0.0
UAV_14;567;5555.121;7063.363;176.969;8.956;73.201;0.0
UAV_14;568;5557.164;7072.013;176.739;8.89;76.709;0.0
UAV_14;569;5558.658;7080.722;176.508;8.839;80.264;0.0
UAV_14;570;5559.601;7089.472;176.277;8.804;83.853;0.0
UAV_14;571;5559.989;7098.244;176.046;8.784;87.465;0.0
UAV_14;572;5559.822;7107.021;175.815;8.781;91.087;0.0
UAV_14;573;5559.101;7115.782;175.584;8.794;94.704;0.0
UAV_14;574;5557.828;7124.51;175.354;8.823;98.304;0.0
UAV_14;575;5556.004;7133.185;175.123;8.868;101.874;0.0
UAV_14;576;5553.633;7141.79;174.893;8.928;105.402;0.0
UAV_14;577;5550.721;7150.305;174.664;9.002;108.877;0.0
UAV_14;578;5547.275;7158.713;174.436;9.09;112.29;0.0
UAV_14;579;5543.3;7166.996;174.208;9.19;115.634;0.0
UAV_14;580;5538.807;7175.136;173.981;9.301;118.901;0.0
UAV_14;581;5533.803;7183.115;173.755;9.421;122.089;0.0
UAV_14;582;5528.301;7190.917;173.531;9.55;125.193;0.0
UAV_14;583;5522.312;7198.525;173.308;9.685;128.212;0.0
UAV_14;584;5515.848;7205.923;173.086;9.826;131.146;0.0
UAV_14;585;5508.923;7213.095;172.866;9.971;133.995;0.0
UAV_14;586;5501.553;7220.025;172.647;10.119;136.762;0.0
UAV_14;587;5493.753;7226.699;172.431;10.268;139.449;0.0
UAV_14;588;5485.539;7233.103;172.216;10.417;142.059;0.0
UAV_14;589;5476.929;7239.223;172.003;10.565;144.595;0.0
UAV_14;590;5467.941;7245.046;171.792;10.711;147.062;0.0
UAV_14;591;5458.595;7250.559;171.584;10.853;149.463;0.0
UAV_14;592;5448.911;7255.751;171.378;10.99;151.804;0.0
UAV_14;593;5438.909;7260.61;171.174;11.122;154.087;0.0
UAV_14;594;5428.611;7265.127;170.973;11.247;156.319;0.0
UAV_14;595;5418.038;7269.291;170.775;11.365;158.502;0.0
UAV_14;596;5407.213;7273.094;170.579;11.475;160.642;0.0
UAV_14;597;5396.159;7276.528;170.387;11.576;162.743;0.0
UAV_14;598;5384.9;7279.585;170.197;11.668;164.81;0.0
UAV_14;599;5373.46;7282.259;170.011;11.75;166.845;0.0
UAV_14;600;5361.863;7284.543;169.827;11.821;168.855;0.0
UAV_15;0;7150.0;7100.0;180.0;27.0;90.0;0.0
UAV_15;1;7150.0;7109.197;180.224;9.2;90.0;0.0
UAV_15;2;7150.0;7118.376;180.449;9.182;90.0;0.0
UAV_15;3;7150.0;7127.518;180.673;9.145;90.0;0.0
UAV_15;4;7150.0;7136.604;180.896;9.089;90.0;0.0
UAV_15;5;7150.0;7145.617;181.12;9.015;90.0;0.0
UAV_15;6;7150.0;7154.538;181.342;8.924;90.0;0.0
UAV_15;7;7150.0;7163.348;181.564;8.814;90.0;0.0
UAV_15;8;7150.0;7172.032;181.786;8.686;90.0;0.0
UAV_15;9;7150.0;7180.57;182.006;8.541;90.0;0.0
UAV_15;10;7150.0;7188.946;182.225;8.379;90.0;0.0
UAV_15;11;7150.0;7197.143;182.443;8.2;90.0;0.0
UAV_15;12;7150.0;7205.144;182.66;8.004;90.0;0.0
UAV_15;13;7150.0;7212.934;182.876;7.793;90.0;0.0
UAV_15;14;7145.623;7220.496;183.09;8.74;120.062;0.0
UAV_15;15;7140.73;7227.815;183.303;8.807;123.765;0.0
UAV_15;16;7135.553;7234.877;183.514;8.759;126.243;0.0
UAV_15;17;7130.103;7241.668;183.723;8.709;128.75;0.0
UAV_15;18;7124.391;7248.173;183.93;8.659;131.285;0.0
UAV_15;19;7118.429;7254.38;184.136;8.609;133.849;0.0
UAV_15;20;7112.228;7260.275;184.339;8.559;136.444;0.0
UAV_15;21;7105.801;7265.848;184.54;8.509;139.07;0.0
UAV_15;22;7099.161;7271.088;184.739;8.46;141.726;0.0
UAV_15;23;7092.322;7275.982;184.935;8.413;144.412;0.0
UAV_15;24;7085.296;7280.522;185.129;8.367;147.128;0.0
UAV_15;25;7078.099;7284.699;185.32;8.324;149.874;0.0
UAV_15;26;7070.745;7288.503;185.509;8.283;152.647;0.0
UAV_15;27;7063.247;7291.928;185.695;8.244;155.447;0.0
UAV_15;28;7055.623;7294.967;185.878;8.21;158.272;0.0
UAV_15;29;7047.887;7297.612;186.058;8.178;161.12;0.0
UAV_15;30;7040.054;7299.86;186.235;8.151;163.988;0.0
UAV_15;31;7032.14;7300.0;186.409;7.917;178.988;0.0
UAV_15;32;7024.162;7300.0;186.579;7.98;180.0;0.0
UAV_15;33;7016.135;7300.0;186.747;8.029;180.0;0.0
UAV_15;34;7008.076;7300.0;186.911;8.061;180.0;0.0
UAV_15;35;7000.0;7300.0;187.071;8.077;180.0;0.0
UAV_15;36;6991.924;7300.0;187.228;8.077;180.0;0.0
UAV_15;37;6983.865;7300.0;187.381;8.061;180.0;0.0
UAV_15;38;6975.838;7300.0;187.531;8.028;180.0;0.0
UAV_15;39;6967.86;7300.0;187.676;7.98;180.0;0.0
UAV_15;40;6959.946;7299.86;187.818;7.916;181.012;0.0
UAV_15;41;6952.113;7297.612;187.956;8.15;196.012;0.0
UAV_15;42;6944.377;7294.967;188.09;8.177;198.88;0.0
UAV_15;43;6936.753;7291.928;188.22;8.209;201.728;0.0
UAV_15;44;6929.255;7288.503;188.346;8.243;204.553;0.0
UAV_15;45;6921.901;7284.699;188.467;8.281;207.353;0.0
UAV_15;46;6914.704;7280.522;188.584;8.322;210.126;0.0
UAV_15;47;6907.678;7275.982;188.697;8.366;212.872;0.0
UAV_15;48;6900.839;7271.088;188.806;8.411;215.588;0.0
UAV_15;49;6894.199;7265.848;188.91;8.459;218.274;0.0
UAV_15;50;6887.772;7260.275;189.01;8.507;220.93;0.0
UAV_15;51;6881.571;7254.38;189.105;8.557;223.556;0.0
UAV_15;52;6875.609;7248.173;189.195;8.607;226.151;0.0
UAV_15;53;6869.897;7241.668;189.281;8.657;228.715;0.0
UAV_15;54;6864.447;7234.877;189.362;8.707;231.25;0.0
UAV_15;55;6859.27;7227.815;189.439;8.757;233.757;0.0
UAV_15;56;6854.377;7220.496;189.511;8.805;236.235;0.0
UAV_15;57;6849.777;7212.934;189.578;8.852;238.687;0.0
UAV_15;58;6845.479;7205.144;189.64;8.897;241.114;0.0
UAV_15;59;6841.493;7197.143;189.697;8.94;243.516;0.0
UAV_15;60;6837.826;7188.946;189.749;8.98;245.897;0.0
UAV_15;61;6834.485;7180.57;189.797;9.018;248.256;0.0
UAV_15;62;6831.478;7172.032;189.839;9.053;250.597;0.0
UAV_15;63;6828.81;7163.348;189.877;9.084;252.921;0.0
UAV_15;64;6826.487;7154.538;189.909;9.112;255.229;0.0
UAV_15;65;6824.513;7145.617;189.937;9.137;257.524;0.0
UAV_15;66;6822.893;7136.604;189.96;9.157;259.808;0.0
UAV_15;67;6821.629;7127.518;189.977;9.174;262.083;0.0
UAV_15;68;6820.725;7118.376;189.99;9.186;264.35;0.0
UAV_15;69;6820.181;7109.197;189.997;9.195;266.612;0.0
UAV_15;70;6820.0;7100.0;190.0;9.199;268.871;0.0
UAV_15;71;6820.181;7090.803;189.997;9.199;271.129;0.0
UAV_15;72;6820.725;7081.624;189.99;9.195;273.388;0.0
UAV_15;73;6821.629;7072.482;189.977;9.186;275.65;0.0
UAV_15;74;6822.893;7063.396;189.96;9.174;277.917;0.0
UAV_15;75;6824.513;7054.383;189.937;9.157;280.192;0.0
UAV_15;76;6826.487;7045.462;189.909;9.137;282.476;0.0
UAV_15;77;6828.81;7036.652;189.877;9.112;284.771;0.0
UAV_15;78;6831.478;7027.968;189.839;9.084;287.079;0.0
UAV_15;79;6834.485;7019.43;189.797;9.053;289.403;0.0
UAV_15;80;6837.826;7011.054;189.749;9.018;291.744;0.0
UAV_15;81;6841.493;7002.857;189.697;8.98;294.103;0.0
UAV_15;82;6845.479;6994.856;189.64;8.94;296.484;0.0
UAV_15;83;6849.777;6987.066;189.578;8.897;298.886;0.0
UAV_15;84;6854.377;6979.504;189.511;8.852;301.313;0.0
UAV_15;85;6859.27;6972.185;189.439;8.805;303.765;0.0
UAV_15;86;6864.447;6965.123;189.362;8.757;306.243;0.0
UAV_15;87;6869.897;6958.332;189.281;8.707;308.75;0.0
UAV_15;88;6875.609;6951.827;189.195;8.657;311.285;0.0
UAV_15;89;6881.571;6945.62;189.105;8.607;313.849;0.0
UAV_15;90;6887.772;6939.725;189.01;8.557;316.444;0.0
UAV_15;91;6894.199;6934.152;188.91;8.507;319.07;0.0
UAV_15;92;6900.839;6928.912;188.806;8.459;321.726;0.0
UAV_15;93;6907.678;6924.018;188.697;8.411;324.412;0.0
UAV_15;94;6914.704;6919.478;188.584;8.366;327.128;0.0
UAV_15;95;6921.901;6915.301;188.467;8.322;329.874;0.0
UAV_15;96;6929.255;6911.497;188.346;8.281;332.647;0.0
UAV_15;97;6936.753;6908.072;188.22;8.243;335.447;0.0
UAV_15;98;6944.377;6905.033;188.09;8.209;338.272;0.0
UAV_15;99;6952.113;6902.388;187.956;8.177;341.12;0.0
UAV_15;100;6959.946;6900.14;187.818;8.15;343.988;0.0
UAV_15;101;6967.86;6898.294;187.676;8.127;346.874;0.0
UAV_15;102;6975.838;6896.855;187.531;8.108;349.775;0.0
UAV_15;103;6983.865;6895.825;187.381;8.094;352.688;0.0
UAV_15;104;6991.924;6895.206;187.228;8.085;355.609;0.0
UAV_15;105;7000.0;6895.0;187.071;8.08;358.536;0.0
UAV_15;106;7008.076;6895.206;186.911;8.08;1.464;0.0
UAV_15;107;7016.135;6895.825;186.747;8.085;4.391;0.0
UAV_15;108;7024.162;6896.855;186.579;8.094;7.312;0.0
UAV_15;109;7032.14;6898.294;186.409;8.109;10.225;0.0
UAV_15;110;7040.054;6900.14;186.235;8.128;13.126;0.0
UAV_15;111;7047.887;6902.388;186.058;8.151;16.012;0.0
UAV_15;112;7055.623;6905.033;185.878;8.178;18.88;0.0
UAV_15;113;7063.247;6908.072;185.695;8.21;21.728;0.0
UAV_15;114;7070.745;6911.497;185.509;8.244;24.553;0.0
UAV_15;115;7078.099;6915.301;185.32;8.283;27.353;0.0
UAV_15;116;7085.296;6919.478;185.129;8.324;30.126;0.0
UAV_15;117;7092.322;6924.018;184.935;8.367;32.872;0.0
UAV_15;118;7099.161;6928.912;184.739;8.413;35.588;0.0
UAV_15;119;7105.801;6934.152;184.54;8.46;38.274;0.0
UAV_15;120;7112.228;6939.725;184.339;8.509;40.93;0.0
UAV_15;121;7118.429;6945.62;184.136;8.559;43.556;0.0
UAV_15;122;7124.391;6951.827;183.93;8.609;46.151;0.0
UAV_15;123;7130.103;6958.332;183.723;8.659;48.715;0.0
UAV_15;124;7135.553;6965.123;183.514;8.709;51.25;0.0
UAV_15;125;7140.73;6972.185;183.303;8.759;53.757;0.0
UAV_15;126;7145.623;6979.504;183.09;8.807;56.235;0.0
UAV_15;127;7150.0;6987.066;182.876;8.74;59.938;0.0
UAV_15;128;7150.0;6994.856;182.66;7.793;90.0;0.0
UAV_15;129;7150.0;7002.857;182.443;8.004;90.0;0.0
UAV_15;130;7150.0;7011.054;182.225;8.2;90.0;0.0
UAV_15;131;7150.0;7019.43;182.006;8.379;90.0;0.0
UAV_15;132;7150.0;7027.968;181.786;8.541;90.0;0.0
UAV_15;133;7150.0;7036.652;181.564;8.686;90.0;0.0
UAV_15;134;7150.0;7045.462;181.342;8.814;90.0;0.0
UAV_15;135;7150.0;7054.383;181.12;8.924;90.0;0.0
UAV_15;136;7150.0;7063.396;180.896;9.015;90.0;0.0
UAV_15;137;7150.0;7072.482;180.673;9.089;90.0;0.0
UAV_15;138;7150.0;7081.624;180.449;9.145;90.0;0.0
UAV_15;139;7150.0;7090.803;180.224;9.182;90.0;0.0
UAV_15;140;7150.0;7100.0;180.0;9.2;90.0;0.0
UAV_15;141;7150.0;7109.197;179.776;9.2;90.0;0.0
UAV_15;142;7150.0;7118.376;179.551;9.182;90.0;0.0
UAV_15;143;7150.0;7127.518;179.327;9.145;90.0;0.0
UAV_15;144;7150.0;7136.604;179.104;9.089;90.0;0.0
UAV_15;145;7150.0;7145.617;178.88;9.015;90.0;0.0
UAV_15;146;7150.0;7154.538;178.658;8.924;90.0;0.0
UAV_15;147;7150.0;7163.348;178.436;8.814;90.0;0.0
UAV_15;148;7150.0;7172.032;178.214;8.686;90.0;0.0
UAV_15;149;7150.0;7180.57;177.994;8.541;90.0;0.0
UAV_15;150;7150.0;7188.946;177.775;8.379;90.0;0.0
UAV_15;151;7150.0;7197.143;177.557;8.2;90.0;0.0
UAV_15;152;7150.0;7205.144;177.34;8.004;90.0;0.0
UAV_15;153;7150.0;7212.934;177.124;7.793;90.0;0.0
UAV_15;154;7145.623;7220.496;176.91;8.74;120.062;0.0
UAV_15;155;7140.73;7227.815;176.697;8.807;123.765;0.0
UAV_15;156;7135.553;7234.877;176.486;8.759;126.243;0.0
UAV_15;157;7130.103;7241.668;176.277;8.709;128.75;0.0
UAV_15;158;7124.391;7248.173;176.07;8.659;131.285;0.0
UAV_15;159;7118.429;7254.38;175.864;8.609;133.849;0.0
UAV_15;160;7112.228;7260.275;175.661;8.559;136.444;0.0
UAV_15;161;7105.801;7265.848;175.46;8.509;139.07;0.0
UAV_15;162;7099.161;7271.088;175.261;8.46;141.726;0.0
UAV_15;163;7092.322;7275.982;175.065;8.413;144.412;0.0
UAV_15;164;7085.296;7280.522;174.871;8.367;147.128;0.0
UAV_15;165;7078.099;7284.699;174.68;8.324;149.874;0.0
UAV_15;166;7070.745;7288.503;174.491;8.283;152.647;0.0
UAV_15;167;7063.247;7291.928;174.305;8.244;155.447;0.0
UAV_15;168;7055.623;7294.967;174.122;8.21;158.272;0.0
UAV_15;169;7047.887;7297.612;173.942;8.178;161.12;0.0
UAV_15;170;7040.054;7299.86;173.765;8.151;163.988;0.0
UAV_15;171;7032.14;7300.0;173.591;7.917;178.988;0.0
UAV_15;172;7024.162;7300.0;173.421;7.98;180.0;0.0
UAV_15;173;7016.135;7300.0;173.253;8.029;180.0;0.0
UAV_15;174;7008.076;7300.0;173.089;8.061;180.0;0.0
UAV_15;175;7000.0;7300.0;172.929;8.077;180.0;0.0
UAV_15;176;6991.924;7300.0;172.772;8.077;180.0;0.0
UAV_15;177;6983.865;7300.0;172.619;8.061;180.0;0.0
UAV_15;178;6975.838;7300.0;172.469;8.028;180.0;0.0
UAV_15;179;6967.86;7300.0;172.324;7.98;180.0;0.0
UAV_15;180;6959.946;7299.86;172.182;7.916;181.012;0.0
UAV_15;181;6952.113;7297.612;172.044;8.15;196.012;0.0
UAV_15;182;6944.377;7294.967;171.91;8.177;198.88;0.0
UAV_15;183;6936.753;7291.928;171.78;8.209;201.728;0.0
UAV_15;184;6929.255;7288.503;171.654;8.243;204.553;0.0
UAV_15;185;6921.901;7284.699;171.533;8.281;207.353;0.0
UAV_15;186;6914.704;7280.522;171.416;8.322;210.126;0.0
UAV_15;187;6907.678;7275.982;171.303;8.366;212.872;0.0
UAV_15;188;6900.839;7271.088;171.194;8.411;215.588;0.0
UAV_15;189;6894.199;7265.848;171.09;8.459;218.274;0.0
UAV_15;190;6887.772;7260.275;170.99;8.507;220.93;0.0
UAV_15;191;6881.571;7254.38;170.895;8.557;223.556;0.0
UAV_15;192;6875.609;7248.173;170.805;8.607;226.151;0.0
UAV_15;193;6869.897;7241.668;170.719;8.657;228.715;0.0
UAV_15;194;6864.447;7234.877;170.638;8.707;231.25;0.0
UAV_15;195;6859.27;7227.815;170.561;8.757;233.757;0.0
UAV_15;196;6854.377;7220.496;170.489;8.805;236.235;0.0
UAV_15;197;6849.777;7212.934;170.422;8.852;238.687;0.0
UAV_15;198;6845.479;7205.144;170.36;8.897;241.114;0.0
UAV_15;199;6841.493;7197.143;170.303;8.94;243.516;0.0
UAV_15;200;6837.826;7188.946;170.251;8.98;245.897;0.0
UAV_15;201;6834.485;7180.57;170.203;9.018;248.256;0.0
UAV_15;202;6831.478;7172.032;170.161;9.053;250.597;0.0
UAV_15;203;6828.81;7163.348;170.123;9.084;252.921;0.0
UAV_15;204;6826.487;7154.538;170.091;9.112;255.229;0.0
UAV_15;205;6824.513;7145.617;170.063;9.137;257.524;0.0
UAV_15;206;6822.893;7136.604;170.04;9.157;259.808;0.0
UAV_15;207;6821.629;7127.518;170.023;9.174;262.083;0.0
UAV_15;208;6820.725;7118.376;170.01;9.186;264.35;0.0
UAV_15;209;6820.181;7109.197;170.003;9.195;266.612;0.0
UAV_15;210;6820.0;7100.0;170.0;9.199;268.871;0.0
UAV_15;211;6820.181;7090.803;170.003;9.199;271.129;0.0
UAV_15;212;6820.725;7081.624;170.01;9.195;273.388;0.0
UAV_15;213;6821.629;7072.482;170.023;9.186;275.65;0.0
UAV_15;214;6822.893;7063.396;170.04;9.174;277.917;0.0
UAV_15;215;6824.513;7054.383;170.063;9.157;280.192;0.0
UAV_15;216;6826.487;7045.462;170.091;9.137;282.476;0.0
UAV_15;217;6828.81;7036.652;170.123;9.112;284.771;0.0
UAV_15;218;6831.478;7027.968;170.161;9.084;287.079;0.0
UAV_15;219;6834.485;7019.43;170.203;9.053;289.403;0.0
UAV_15;220;6837.826;7011.054;170.251;9.018;291.744;0.0
UAV_15;221;6841.493;7002.857;170.303;8.98;294.103;0.0
UAV_15;222;6845.479;6994.856;170.36;8.94;296.484;0.0
UAV_15;223;6849.777;6987.066;170.422;8.897;298.886;0.0
UAV_15;224;6854.377;6979.504;170.489;8.852;301.313;0.0
UAV_15;225;6859.27;6972.185;170.561;8.805;303.765;0.0
UAV_15;226;6864.447;6965.123;170.638;8.757;306.243;0.0
UAV_15;227;6869.897;6958.332;170.719;8.707;308.75;0.0
UAV_15;228;6875.609;6951.827;170.805;8.657;311.285;0.0
UAV_15;229;6881.571;6945.62;170.895;8.607;313.849;0.0
UAV_15;230;6887.772;6939.725;170.99;8.557;316.444;0.0
UAV_15;231;6894.199;6934.152;171.09;8.507;319.07;0.0
UAV_15;232;6900.839;6928.912;171.194;8.459;321.726;0.0
UAV_15;233;6907.678;6924.018;171.303;8.411;324.412;0.0
UAV_15;234;6914.704;6919.478;171.416;8.366;327.128;0.0
UAV_15;235;6921.901;6915.301;171.533;8.322;329.874;0.0
UAV_15;236;6929.255;6911.497;171.654;8.281;332.647;0.0
UAV_15;237;6936.753;6908.072;171.78;8.243;335.447;0.0
UAV_15;238;6944.377;6905.033;171.91;8.209;338.272;0.0
UAV_15;239;6952.113;6902.388;172.044;8.177;341.12;0.0
UAV_15;240;6959.946;6900.14;172.182;8.15;343.988;0.0
UAV_15;241;6967.86;6898.294;172.324;8.127;346.874;0.0
UAV_15;242;6975.838;6896.855;172.469;8.108;349.775;0.0
UAV_15;243;6983.865;6895.825;172.619;8.094;352.688;0.0
UAV_15;244;6991.924;6895.206;172.772;8.085;355.609;0.0
UAV_15;245;7000.0;6895.0;172.929;8.08;358.536;0.0
UAV_15;246;7008.076;6895.206;173.089;8.08;1.464;0.0
UAV_15;247;7016.135;6895.825;173.253;8.085;4.391;0.0
UAV_15;248;7024.162;6896.855;173.421;8.094;7.312;0.0
UAV_15;249;7032.14;6898.294;173.591;8.109;10.225;0.0
UAV_15;250;7040.054;6900.14;173.765;8.128;13.126;0.0
UAV_15;251;7047.887;6902.388;173.942;8.151;16.012;0.0
UAV_15;252;7055.623;6905.033;174.122;8.178;18.88;0.0
UAV_15;253;7063.247;6908.072;174.305;8.21;21.728;0.0
UAV_15;254;7070.745;6911.497;174.491;8.244;24.553;0.0
UAV_15;255;7078.099;6915.301;174.68;8.283;27.353;0.0
UAV_15;256;7085.296;6919.478;174.871;8.324;30.126;0.0
UAV_15;257;7092.322;6924.018;175.065;8.367;32.872;0.0
UAV_15;258;7099.161;6928.912;175.261;8.413;35.588;0.0
UAV_15;259;7105.801;6934.152;175.46;8.46;38.274;0.0
UAV_15;260;7112.228;6939.725;175.661;8.509;40.93;0.0
UAV_15;261;7118.429;6945.62;175.864;8.559;43.556;0.0
UAV_15;262;7124.391;6951.827;176.07;8.609;46.151;0.0
UAV_15;263;7130.103;6958.332;176.277;8.659;48.715;0.0
UAV_15;264;7135.553;6965.123;176.486;8.709;51.25;0.0
UAV_15;265;7140.73;6972.185;176.697;8.759;53.757;0.0
UAV_15;266;7145.623;6979.504;176.91;8.807;56.235;0.0
UAV_15;267;7150.0;6987.066;177.124;8.74;59.938;0.0
UAV_15;268;7150.0;6994.856;177.34;7.793;90.0;0.0
UAV_15;269;7150.0;7002.857;177.557;8.004;90.0;0.0
UAV_15;270;7150.0;7011.054;177.775;8.2;90.0;0.0
UAV_15;271;7150.0;7019.43;177.994;8.379;90.0;0.0
UAV_15;272;7150.0;7027.968;178.214;8.541;90.0;0.0
UAV_15;273;7150.0;7036.652;178.436;8.686;90.0;0.0
UAV_15;274;7150.0;7045.462;178.658;8.814;90.0;0.0
UAV_15;275;7150.0;7054.383;178.88;8.924;90.0;0.0
UAV_15;276;7150.0;7063.396;179.104;9.015;90.0;0.0
UAV_15;277;7150.0;7072.482;179.327;9.089;90.0;0.0
UAV_15;278;7150.0;7081.624;179.551;9.145;90.0;0.0
UAV_15;279;7150.0;7090.803;179.776;9.182;90.0;0.0
UAV_15;280;7150.0;7100.0;180.0;9.2;90.0;0.0
UAV_15;281;7150.0;7109.197;180.224;9.2;90.0;0.0
UAV_15;282;7150.0;7118.376;180.449;9.182;90.0;0.0
UAV_15;283;7150.0;7127.518;180.673;9.145;90.0;0.0
UAV_15;284;7150.0;7136.604;180.896;9.089;90.0;0.0
UAV_15;285;7150.0;7145.617;181.12;9.015;90.0;0.0
UAV_15;286;7150.0;7154.538;181.342;8.924;90.0;0.0
UAV_15;287;7150.0;7163.348;181.564;8.814;90.0;0.0
UAV_15;288;7150.0;7172.032;181.786;8.686;90.0;0.0
UAV_15;289;7150.0;7180.57;182.006;8.541;90.0;0.0
UAV_15;290;7150.0;7188.946;182.225;8.379;90.0;0.0
UAV_15;291;7150.0;7197.143;182.443;8.2;90.0;0.0
UAV_15;292;7150.0;7205.144;182.66;8.004;90.0;0.0
UAV_15;293;7150.0;7212.934;182.876;7.793;90.0;0.0
UAV_15;294;7145.623;7220.496;183.09;8.74;120.062;0.0
UAV_15;295;7140.73;7227.815;183.303;8.807;123.765;0.0
UAV_15;296;7135.553;7234.877;183.514;8.759;126.243;0.0
UAV_15;297;7130.103;7241.668;183.723;8.709;128.75;0.0
UAV_15;298;7124.391;7248.173;183.93;8.659;131.285;0.0
UAV_15;299;7118.429;7254.38;184.136;8.609;133.849;0.0
UAV_15;300;7112.228;7260.275;184.339;8.559;136.444;0.0
UAV_15;301;7105.801;7265.848;184.54;8.509;139.07;0.0
UAV_15;302;7099.161;7271.088;184.739;8.46;141.726;0.0
UAV_15;303;7092.322;7275.982;184.935;8.413;144.412;0.0
UAV_15;304;7085.296;7280.522;185.129;8.367;147.128;0.0
UAV_15;305;7078.099;7284.699;185.32;8.324;149.874;0.0
UAV_15;306;7070.745;7288.503;185.509;8.283;152.647;0.0
UAV_15;307;7063.247;7291.928;185.695;8.244;155.447;0.0
UAV_15;308;7055.623;7294.967;185.878;8.21;158.272;0.0
UAV_15;309;7047.887;7297.612;186.058;8.178;161.12;0.0
UAV_15;310;7040.054;7299.86;186.235;8.151;163.988;0.0
UAV_15;311;7032.14;7300.0;186.409;7.917;178.988;0.0
UAV_15;312;7024.162;7300.0;186.579;7.98;180.0;0.0
UAV_15;313;7016.135;7300.0;186.747;8.029;180.0;0.0
UAV_15;314;7008.076;7300.0;186.911;8.061;180.0;0.0
UAV_15;315;7000.0;7300.0;187.071;8.077;180.0;0.0
UAV_15;316;6991.924;7300.0;187.228;8.077;180.0;0.0
UAV_15;317;6983.865;7300.0;187.381;8.061;180.0;0.0
UAV_15;318;6975.838;7300.0;187.531;8.028;180.0;0.0
UAV_15;319;6967.86;7300.0;187.676;7.98;180.0;0.0
UAV_15;320;6959.946;7299.86;187.818;7.916;181.012;0.0
UAV_15;321;6952.113;7297.612;187.956;8.15;196.012;0.0
UAV_15;322;6944.377;7294.967;188.09;8.177;198.88;0.0
UAV_15;323;6936.753;7291.928;188.22;8.209;201.728;0.0
UAV_15;324;6929.255;7288.503;188.346;8.243;204.553;0.0
UAV_15;325;6921.901;7284.699;188.467;8.281;207.353;0.0
UAV_15;326;6914.704;7280.522;188.584;8.322;210.126;0.0
UAV_15;327;6907.678;7275.982;188.697;8.366;212.872;0.0
UAV_15;328;6900.839;7271.088;188.806;8.411;215.588;0.0
UAV_15;329;6894.199;7265.848;188.91;8.459;218.274;0.0
UAV_15;330;6887.772;7260.275;189.01;8.507;220.93;0.0
UAV_15;331;6881.571;7254.38;189.105;8.557;223.556;0.0
UAV_15;332;6875.609;7248.173;189.195;8.607;226.151;0.0
UAV_15;333;6869.897;7241.668;189.281;8.657;228.715;0.0
UAV_15;334;6864.447;7234.877;189.362;8.707;231.25;0.0
UAV_15;335;6859.27;7227.815;189.439;8.757;233.757;0.0
UAV_15;336;6854.377;7220.496;189.511;8.805;236.235;0.0
UAV_15;337;6849.777;7212.934;189.578;8.852;238.687;0.0
UAV_15;338;6845.479;7205.144;189.64;8.897;241.114;0.0
UAV_15;339;6841.493;7197.143;189.697;8.94;243.516;0.0
UAV_15;340;6837.826;7188.946;189.749;8.98;245.897;0.0
UAV_15;341;6834.485;7180.57;189.797;9.018;248.256;0.0
UAV_15;342;6831.478;7172.032;189.839;9.053;250.597;0.0
UAV_15;343;6828.81;7163.348;189.877;9.084;252.921;0.0
UAV_15;344;6826.487;7154.538;189.909;9.112;255.229;0.0
UAV_15;345;6824.513;7145.617;189.937;9.137;257.524;0.0
UAV_15;346;6822.893;7136.604;189.96;9.157;259.808;0.0
UAV_15;347;6821.629;7127.518;189.977;9.174;262.083;0.0
UAV_15;348;6820.725;7118.376;189.99;9.186;264.35;0.0
UAV_15;349;6820.181;7109.197;189.997;9.195;266.612;0.0
UAV_15;350;6820.0;7100.0;190.0;9.199;268.871;0.0
UAV_15;351;6820.181;7090.803;189.997;9.199;271.129;0.0
UAV_15;352;6820.725;7081.624;189.99;9.195;273.388;0.0
UAV_15;353;6821.629;7072.482;189.977;9.186;275.65;0.0
UAV_15;354;6822.893;7063.396;189.96;9.174;277.917;0.0
UAV_15;355;6824.513;7054.383;189.937;9.157;280.192;0.0
UAV_15;356;6826.487;7045.462;189.909;9.137;282.476;0.0
UAV_15;357;6828.81;7036.652;189.877;9.112;284.771;0.0
UAV_15;358;6831.478;7027.968;189.839;9.084;287.079;0.0
UAV_15;359;6834.485;7019.43;189.797;9.053;289.403;0.0
UAV_15;360;6837.826;7011.054;189.749;9.018;291.744;0.0
UAV_15;361;6841.493;7002.857;189.697;8.98;294.103;0.0
UAV_15;362;6845.479;6994.856;189.64;8.94;296.484;0.0
UAV_15;363;6849.777;6987.066;189.578;8.897;298.886;0.0
UAV_15;364;6854.377;6979.504;189.511;8.852;301.313;0.0
UAV_15;365;6859.27;6972.185;189.439;8.805;303.765;0.0
UAV_15;366;6864.447;6965.123;189.362;8.757;306.243;0.0
UAV_15;367;6869.897;6958.332;189.281;8.707;308.75;0.0
UAV_15;368;6875.609;6951.827;189.195;8.657;311.285;0.0
UAV_15;369;6881.571;6945.62;189.105;8.607;313.849;0.0
UAV_15;370;6887.772;6939.725;189.01;8.557;316.444;0.0
UAV_15;371;6894.199;6934.152;188.91;8.507;319.07;0.0
UAV_15;372;6900.839;6928.912;188.806;8.459;321.726;0.0
UAV_15;373;6907.678;6924.018;188.697;8.411;324.412;0.0
UAV_15;374;6914.704;6919.478;188.584;8.366;327.128;0.0
UAV_15;375;6921.901;6915.301;188.467;8.322;329.874;0.0
UAV_15;376;6929.255;6911.497;188.346;8.281;332.647;0.0
UAV_15;377;6936.753;6908.072;188.22;8.243;335.447;0.0
UAV_15;378;6944.377;6905.033;188.09;8.209;338.272;0.0
UAV_15;379;6952.113;6902.388;187.956;8.177;341.12;0.0
UAV_15;380;6959.946;6900.14;187.818;8.15;343.988;0.0
UAV_15;381;6967.86;6898.294;187.676;8.127;346.874;0.0
UAV_15;382;6975.838;6896.855;187.531;8.108;349.775;0.0
UAV_15;383;6983.865;6895.825;187.381;8.094;352.688;0.0
UAV_15;384;6991.924;6895.206;187.228;8.085;355.609;0.0
UAV_15;385;7000.0;6895.0;187.071;8.08;358.536;0.0
UAV_15;386;7008.076;6895.206;186.911;8.08;1.464;0.0
UAV_15;387;7016.135;6895.825;186.747;8.085;4.391;0.0
UAV_15;388;7024.162;6896.855;186.579;8.094;7.312;0.0
UAV_15;389;7032.14;6898.294;186.409;8.109;10.225;0.0
UAV_15;390;7040.054;6900.14;186.235;8.128;13.126;0.0
UAV_15;391;7047.887;6902.388;186.058;8.151;16.012;0.0
UAV_15;392;7055.623;6905.033;185.878;8.178;18.88;0.0
UAV_15;393;7063.247;6908.072;185.695;8.21;21.728;0.0
UAV_15;394;7070.745;6911.497;185.509;8.244;24.553;0.0
UAV_15;395;7078.099;6915.301;185.32;8.283;27.353;0.0
UAV_15;396;7085.296;6919.478;185.129;8.324;30.126;0.0
UAV_15;397;7092.322;6924.018;184.935;8.367;32.872;0.0
UAV_15;398;7099.161;6928.912;184.739;8.413;35.588;0.0
UAV_15;399;7105.801;6934.152;184.54;8.46;38.274;0.0
UAV_15;400;7112.228;6939.725;184.339;8.509;40.93;0.0
UAV_15;401;7118.429;6945.62;184.136;8.559;43.556;0.0
UAV_15;402;7124.391;6951.827;183.93;8.609;46.151;0.0
UAV_15;403;7130.103;6958.332;183.723;8.659;48.715;0.0
UAV_15;404;7135.553;6965.123;183.514;8.709;51.25;0.0
UAV_15;405;7140.73;6972.185;183.303;8.759;53.757;0.0
UAV_15;406;7145.623;6979.504;183.09;8.807;56.235;0.0
UAV_15;407;7150.0;6987.066;182.876;8.74;59.938;0.0
UAV_15;408;7150.0;6994.856;182.66;7.793;90.0;0.0
UAV_15;409;7150.0;7002.857;182.443;8.004;90.0;0.0
UAV_15;410;7150.0;7011.054;182.225;8.2;90.0;0.0
UAV_15;411;7150.0;7019.43;182.006;8.379;90.0;0.0
UAV_15;412;7150.0;7027.968;181.786;8.541;90.0;0.0
UAV_15;413;7150.0;7036.652;181.564;8.686;90.0;0.0
UAV_15;414;7150.0;7045.462;181.342;8.814;90.0;0.0
UAV_15;415;7150.0;7054.383;181.12;8.924;90.0;0.0
UAV_15;416;7150.0;7063.396;180.896;9.015;90.0;0.0
UAV_15;417;7150.0;7072.482;180.673;9.089;90.0;0.0
UAV_15;418;7150.0;7081.624;180.449;9.145;90.0;0.0
UAV_15;419;7150.0;7090.803;180.224;9.182;90.0;0.0
UAV_15;420;7150.0;7100.0;180.0;9.2;90.0;0.0
UAV_15;421;7150.0;7109.197;179.776;9.2;90.0;0.0
UAV_15;422;7150.0;7118.376;179.551;9.182;90.0;0.0
UAV_15;423;7150.0;7127.518;179.327;9.145;90.0;0.0
UAV_15;424;7150.0;7136.604;179.104;9.089;90.0;0.0
UAV_15;425;7150.0;7145.617;178.88;9.015;90.0;0.0
UAV_15;426;7150.0;7154.538;178.658;8.924;90.0;0.0
UAV_15;427;7150.0;7163.348;178.436;8.814;90.0;0.0
UAV_15;428;7150.0;7172.032;178.214;8.686;90.0;0.0
UAV_15;429;7150.0;7180.57;177.994;8.541;90.0;0.0
UAV_15;430;7150.0;7188.946;177.775;8.379;90.0;0.0
UAV_15;431;7150.0;7197.143;177.557;8.2;90.0;0.0
UAV_15;432;7150.0;7205.144;177.34;8.004;90.0;0.0
UAV_15;433;7150.0;7212.934;177.124;7.793;90.0;0.0
UAV_15;434;7145.623;7220.496;176.91;8.74;120.062;0.0
UAV_15;435;7140.73;7227.815;176.697;8.807;123.765;0.0
UAV_15;436;7135.553;7234.877;176.486;8.759;126.243;0.0
UAV_15;437;7130.103;7241.668;176.277;8.709;128.75;0.0
UAV_15;438;7124.391;7248.173;176.07;8.659;131.285;0.0
UAV_15;439;7118.429;7254.38;175.864;8.609;133.849;0.0
UAV_15;440;7112.228;7260.275;175.661;8.559;136.444;0.0
UAV_15;441;7105.801;7265.848;175.46;8.509;139.07;0.0
UAV_15;442;7099.161;7271.088;175.261;8.46;141.726;0.0
UAV_15;443;7092.322;7275.982;175.065;8.413;144.412;0.0
UAV_15;444;7085.296;7280.522;174.871;8.367;147.128;0.0
UAV_15;445;7078.099;7284.699;174.68;8.324;149.874;0.0
UAV_15;446;7070.745;7288.503;174.491;8.283;152.647;0.0
UAV_15;447;7063.247;7291.928;174.305;8.244;155.447;0.0
UAV_15;448;7055.623;7294.967;174.122;8.21;158.272;0.0
UAV_15;449;7047.887;7297.612;173.942;8.178;161.12;0.0
UAV_15;450;7040.054;7299.86;173.765;8.151;163.988;0.0
UAV_15;451;7032.14;7300.0;173.591;7.917;178.988;0.0
UAV_15;452;7024.162;7300.0;173.421;7.98;180.0;0.0
UAV_15;453;7016.135;7300.0;173.253;8.029;180.0;0.0
UAV_15;454;7008.076;7300.0;173.089;8.061;180.0;0.0
UAV_15;455;7000.0;7300.0;172.929;8.077;180.0;0.0
UAV_15;456;6991.924;7300.0;172.772;8.077;180.0;0.0
UAV_15;457;6983.865;7300.0;172.619;8.061;180.0;0.0
UAV_15;458;6975.838;7300.0;172.469;8.028;180.0;0.0
UAV_15;459;6967.86;7300.0;172.324;7.98;180.0;0.0
UAV_15;460;6959.946;7299.86;172.182;7.916;181.012;0.0
UAV_15;461;6952.113;7297.612;172.044;8.15;196.012;0.0
UAV_15;462;6944.377;7294.967;171.91;8.177;198.88;0.0
UAV_15;463;6936.753;7291.928;171.78;8.209;201.728;0.0
UAV_15;464;6929.255;7288.503;171.654;8.243;204.553;0.0
UAV_15;465;6921.901;7284.699;171.533;8.281;207.353;0.0
UAV_15;466;6914.704;7280.522;171.416;8.322;210.126;0.0
UAV_15;467;6907.678;7275.982;171.303;8.366;212.872;0.0
UAV_15;468;6900.839;7271.088;171.194;8.411;215.588;0.0
UAV_15;469;6894.199;7265.848;171.09;8.459;218.274;0.0
UAV_15;470;6887.772;7260.275;170.99;8.507;220.93;0.0
UAV_15;471;6881.571;7254.38;170.895;8.557;223.556;0.0
UAV_15;472;6875.609;7248.173;170.805;8.607;226.151;0.0
UAV_15;473;6869.897;7241.668;170.719;8.657;228.715;0.0
UAV_15;474;6864.447;7234.877;170.638;8.707;231.25;0.0
UAV_15;475;6859.27;7227.815;170.561;8.757;233.757;0.0
UAV_15;476;6854.377;7220.496;170.489;8.805;236.235;0.0
UAV_15;477;6849.777;7212.934;170.422;8.852;238.687;0.0
UAV_15;478;6845.479;7205.144;170.36;8.897;241.114;0.0
UAV_15;479;6841.493;7197.143;170.303;8.94;243.516;0.0
UAV_15;480;6837.826;7188.946;170.251;8.98;245.897;0.0
UAV_15;481;6834.485;7180.57;170.203;9.018;248.256;0.0
UAV_15;482;6831.478;7172.032;170.161;9.053;250.597;0.0
UAV_15;483;6828.81;7163.348;170.123;9.084;252.921;0.0
UAV_15;484;6826.487;7154.538;170.091;9.112;255.229;0.0
UAV_15;485;6824.513;7145.617;170.063;9.137;257.524;0.0
UAV_15;486;6822.893;7136.604;170.04;9.157;259.808;0.0
UAV_15;487;6821.629;7127.518;170.023;9.174;262.083;0.0
UAV_15;488;6820.725;7118.376;170.01;9.186;264.35;0.0
UAV_15;489;6820.181;7109.197;170.003;9.195;266.612;0.0
UAV_15;490;6820.0;7100.0;170.0;9.199;268.871;0.0
UAV_15;491;6820.181;7090.803;170.003;9.199;271.129;0.0
UAV_15;492;6820.725;7081.624;170.01;9.195;273.388;0.0
UAV_15;493;6821.629;7072.482;170.023;9.186;275.65;0.0
UAV_15;494;6822.893;7063.396;170.04;9.174;277.917;0.0
UAV_15;495;6824.513;7054.383;170.063;9.157;280.192;0.0
UAV_15;496;6826.487;7045.462;170.091;9.137;282.476;0.0
UAV_15;497;6828.81;7036.652;170.123;9.112;284.771;0.0
UAV_15;498;6831.478;7027.968;170.161;9.084;287.079;0.0
UAV_15;499;6834.485;7019.43;170.203;9.053;289.403;0.0
UAV_15;500;6837.826;7011.054;170.251;9.018;291.744;0.0
UAV_15;501;6841.493;7002.857;170.303;8.98;294.103;0.0
UAV_15;502;6845.479;6994.856;170.36;8.94;296.484;0.0
UAV_15;503;6849.777;6987.066;170.422;8.897;298.886;0.0
UAV_15;504;6854.377;6979.504;170.489;8.852;301.313;0.0
UAV_15;505;6859.27;6972.185;170.561;8.805;303.765;0.0
UAV_15;506;6864.447;6965.123;170.638;8.757;306.243;0.0
UAV_15;507;6869.897;6958.332;170.719;8.707;308.75;0.0
UAV_15;508;6875.609;6951.827;170.805;8.657;311.285;0.0
UAV_15;509;6881.571;6945.62;170.895;8.607;313.849;0.0
UAV_15;510;6887.772;6939.725;170.99;8.557;316.444;0.0
UAV_15;511;6894.199;6934.152;171.09;8.507;319.07;0.0
UAV_15;512;6900.839;6928.912;171.194;8.459;321.726;0.0
UAV_15;513;6907.678;6924.018;171.303;8.411;324.412;0.0
UAV_15;514;6914.704;6919.478;171.416;8.366;327.128;0.0
UAV_15;515;6921.901;6915.301;171.533;8.322;329.874;0.0
UAV_15;516;6929.255;6911.497;171.654;8.281;332.647;0.0
UAV_15;517;6936.753;6908.072;171.78;8.243;335.447;0.0
UAV_15;518;6944.377;6905.033;171.91;8.209;338.272;0.0
UAV_15;519;6952.113;6902.388;172.044;8.177;341.12;0.0
UAV_15;520;6959.946;6900.14;172.182;8.15;343.988;0.0
UAV_15;521;6967.86;6898.294;172.324;8.127;346.874;0.0
UAV_15;522;6975.838;6896.855;172.469;8.108;349.775;0.0
UAV_15;523;6983.865;6895.825;172.619;8.094;352.688;0.0
UAV_15;524;6991.924;6895.206;172.772;8.085;355.609;0.0
UAV_15;525;7000.0;6895.0;172.929;8.08;358.536;0.0
UAV_15;526;7008.076;6895.206;173.089;8.08;1.464;0.0
UAV_15;527;7016.135;6895.825;173.253;8.085;4.391;0.0
UAV_15;528;7024.162;6896.855;173.421;8.094;7.312;0.0
UAV_15;529;7032.14;6898.294;173.591;8.109;10.225;0.0
UAV_15;530;7040.054;6900.14;173.765;8.128;13.126;0.0
UAV_15;531;7047.887;6902.388;173.942;8.151;16.012;0.0
UAV_15;532;7055.623;6905.033;174.122;8.178;18.88;0.0
UAV_15;533;7063.247;6908.072;174.305;8.21;21.728;0.0
UAV_15;534;7070.745;6911.497;174.491;8.244;24.553;0.0
UAV_15;535;7078.099;6915.301;174.68;8.283;27.353;0.0
UAV_15;536;7085.296;6919.478;174.871;8.324;30.126;0.0
UAV_15;537;7092.322;6924.018;175.065;8.367;32.872;0.0
UAV_15;538;7099.161;6928.912;175.261;8.413;35.588;0.0
UAV_15;539;7105.801;6934.152;175.46;8.46;38.274;0.0
UAV_15;540;7112.228;6939.725;175.661;8.509;40.93;0.0
UAV_15;541;7118.429;6945.62;175.864;8.559;43.556;0.0
UAV_15;542;7124.391;6951.827;176.07;8.609;46.151;0.0
UAV_15;543;7130.103;6958.332;176.277;8.659;48.715;0.0
UAV_15;544;7135.553;6965.123;176.486;8.709;51.25;0.0
UAV_15;545;7140.73;6972.185;176.697;8.759;53.757;0.0
UAV_15;546;7145.623;6979.504;176.91;8.807;56.235;0.0
UAV_15;547;7150.0;6987.066;177.124;8.74;59.938;0.0
UAV_15;548;7150.0;6994.856;177.34;7.793;90.0;0.0
UAV_15;549;7150.0;7002.857;177.557;8.004;90.0;0.0
UAV_15;550;7150.0;7011.054;177.775;8.2;90.0;0.0
UAV_15;551;7150.0;7019.43;177.994;8.379;90.0;0.0
UAV_15;552;7150.0;7027.968;178.214;8.541;90.0;0.0
UAV_15;553;7150.0;7036.652;178.436;8.686;90.0;0.0
UAV_15;554;7150.0;7045.462;178.658;8.814;90.0;0.0
UAV_15;555;7150.0;7054.383;178.88;8.924;90.0;0.0
UAV_15;556;7150.0;7063.396;179.104;9.015;90.0;0.0
UAV_15;557;7150.0;7072.482;179.327;9.089;90.0;0.0
UAV_15;558;7150.0;7081.624;179.551;9.145;90.0;0.0
UAV_15;559;7150.0;7090.803;179.776;9.182;90.0;0.0
UAV_15;560;7150.0;7100.0;180.0;9.2;90.0;0.0
UAV_15;561;7150.0;7109.197;180.224;9.2;90.0;0.0
UAV_15;562;7150.0;7118.376;180.449;9.182;90.0;0.0
UAV_15;563;7150.0;7127.518;180.673;9.145;90.0;0.0
UAV_15;564;7150.0;7136.604;180.896;9.089;90.0;0.0
UAV_15;565;7150.0;7145.617;181.12;9.015;90.0;0.0
UAV_15;566;7150.0;7154.538;181.342;8.924;90.0;0.0
UAV_15;567;7150.0;7163.348;181.564;8.814;90.0;0.0
UAV_15;568;7150.0;7172.032;181.786;8.686;90.0;0.0
UAV_15;569;7150.0;7180.57;182.006;8.541;90.0;0.0
UAV_15;570;7150.0;7188.946;182.225;8.379;90.0;0.0
UAV_15;571;7150.0;7197.143;182.443;8.2;90.0;0.0
UAV_15;572;7150.0;7205.144;182.66;8.004;90.0;0.0
UAV_15;573;7150.0;7212.934;182.876;7.793;90.0;0.0
UAV_15;574;7145.623;7220.496;183.09;8.74;120.062;0.0
UAV_15;575;7140.73;7227.815;183.303;8.807;123.765;0.0
UAV_15;576;7135.553;7234.877;183.514;8.759;126.243;0.0
UAV_15;577;7130.103;7241.668;183.723;8.709;128.75;0.0
UAV_15;578;7124.391;7248.173;183.93;8.659;131.285;0.0
UAV_15;579;7118.429;7254.38;184.136;8.609;133.849;0.0
UAV_15;580;7112.228;7260.275;184.339;8.559;136.444;0.0
UAV_15;581;7105.801;7265.848;184.54;8.509;139.07;0.0
UAV_15;582;7099.161;7271.088;184.739;8.46;141.726;0.0
UAV_15;583;7092.322;7275.982;184.935;8.413;144.412;0.0
UAV_15;584;7085.296;7280.522;185.129;8.367;147.128;0.0
UAV_15;585;7078.099;7284.699;185.32;8.324;149.874;0.0
UAV_15;586;7070.745;7288.503;185.509;8.283;152.647;0.0
UAV_15;587;7063.247;7291.928;185.695;8.244;155.447;0.0
UAV_15;588;7055.623;7294.967;185.878;8.21;158.272;0.0
UAV_15;589;7047.887;7297.612;186.058;8.178;161.12;0.0
UAV_15;590;7040.054;7299.86;186.235;8.151;163.988;0.0
UAV_15;591;7032.14;7300.0;186.409;7.917;178.988;0.0
UAV_15;592;7024.162;7300.0;186.579;7.98;180.0;0.0
UAV_15;593;7016.135;7300.0;186.747;8.029;180.0;0.0
UAV_15;594;7008.076;7300.0;186.911;8.061;180.0;0.0
UAV_15;595;7000.0;7300.0;187.071;8.077;180.0;0.0
UAV_15;596;6991.924;7300.0;187.228;8.077;180.0;0.0
UAV_15;597;6983.865;7300.0;187.381;8.061;180.0;0.0
UAV_15;598;6975.838;7300.0;187.531;8.028;180.0;0.0
UAV_15;599;6967.86;7300.0;187.676;7.98;180.0;0.0
UAV_15;600;6959.946;7299.86;187.818;7.916;181.012;0.0
UAV_16;0;5361.803;5652.169;189.878;20.0;162.0;0.0
UAV_16;1;5353.448;5654.181;190.053;8.596;166.462;0.0
UAV_16;2;5344.99;5655.899;190.225;8.632;168.515;0.0
UAV_16;3;5336.447;5657.321;190.394;8.662;170.553;0.0
UAV_16;4;5327.835;5658.443;190.561;8.687;172.577;0.0
UAV_16;5;5319.169;5659.263;190.724;8.706;174.591;0.0
UAV_16;6;5310.467;5659.781;190.884;8.719;176.598;0.0
UAV_16;7;5301.745;5659.994;191.04;8.726;178.6;0.0
UAV_16;8;5293.02;5659.903;191.193;8.727;180.6;0.0
UAV_16;9;5284.308;5659.507;191.343;8.722;182.601;0.0
UAV_16;10;5275.626;5658.807;191.49;8.711;184.606;0.0
UAV_16;11;5266.99;5657.806;191.632;8.695;186.616;0.0
UAV_16;12;5258.418;5656.504;191.771;8.672;188.636;0.0
UAV_16;13;5249.924;5654.904;191.907;8.644;190.668;0.0
UAV_16;14;5241.526;5653.009;192.039;8.61;192.714;0.0
UAV_16;15;5233.239;5650.823;192.166;8.571;194.778;0.0
UAV_16;16;5225.079;5648.349;192.29;8.527;196.862;0.0
UAV_16;17;5217.061;5645.594;192.41;8.479;198.968;0.0
UAV_16;18;5209.202;5642.561;192.526;8.425;201.1;0.0
UAV_16;19;5201.515;5639.257;192.638;8.367;203.261;0.0
UAV_16;20;5194.016;5635.688;192.746;8.306;205.452;0.0
UAV_16;21;5186.719;5631.86;192.85;8.241;207.677;0.0
UAV_16;22;5179.637;5627.782;192.949;8.173;209.938;0.0
UAV_16;23;5172.784;5623.46;193.045;8.102;212.238;0.0
UAV_16;24;5166.174;5618.903;193.135;8.029;214.579;0.0
UAV_16;25;5159.818;5614.12;193.222;7.955;216.964;0.0
UAV_16;26;5153.729;5609.12;193.304;7.879;219.394;0.0
UAV_16;27;5150.0;5603.912;193.382;6.406;234.395;0.0
UAV_16;28;5150.0;5598.506;193.455;5.406;270.0;0.0
UAV_16;29;5150.0;5592.912;193.524;5.594;270.0;0.0
UAV_16;30;5150.0;5587.142;193.588;5.771;270.0;0.0
UAV_16;31;5150.0;5581.206;193.648;5.936;270.0;0.0
UAV_16;32;5150.0;5575.115;193.703;6.091;270.0;0.0
UAV_16;33;5150.0;5568.882;193.753;6.234;270.0;0.0
UAV_16;34;5150.0;5562.517;193.799;6.365;270.0;0.0
UAV_16;35;5150.0;5556.033;193.84;6.484;270.0;0.0
UAV_16;36;5150.0;5549.443;193.877;6.591;270.0;0.0
UAV_16;37;5150.0;5542.758;193.909;6.685;270.0;0.0
UAV_16;38;5150.0;5535.992;193.936;6.766;270.0;0.0
UAV_16;39;5150.0;5529.158;193.958;6.835;270.0;0.0
UAV_16;40;5150.0;5522.268;193.976;6.89;270.0;0.0
UAV_16;41;5150.0;5515.335;193.988;6.932;270.0;0.0
UAV_16;42;5150.0;5508.374;193.997;6.962;270.0;0.0
UAV_16;43;5150.0;5501.396;194.0;6.978;270.0;0.0
UAV_16;44;5150.0;5494.416;193.998;6.98;270.0;0.0
UAV_16;45;5150.0;5487.447;193.992;6.97;270.0;0.0
UAV_16;46;5150.0;5480.501;193.981;6.946;270.0;0.0
UAV_16;47;5150.0;5473.592;193.966;6.909;270.0;0.0
UAV_16;48;5150.0;5466.734;193.945;6.858;270.0;0.0
UAV_16;49;5150.0;5459.939;193.92;6.795;270.0;0.0
UAV_16;50;5150.0;5453.221;193.89;6.719;270.0;0.0
UAV_16;51;5150.0;5446.591;193.856;6.63;270.0;0.0
UAV_16;52;5150.0;5440.063;193.816;6.528;270.0;0.0
UAV_16;53;5150.0;5433.649;193.772;6.414;270.0;0.0
UAV_16;54;5150.0;5427.362;193.724;6.288;270.0;0.0
UAV_16;55;5150.0;5421.212;193.67;6.15;270.0;0.0
UAV_16;56;5150.0;5415.213;193.613;6.0;270.0;0.0
UAV_16;57;5150.0;5409.375;193.55;5.838;270.0;0.0
UAV_16;58;5150.0;5403.71;193.483;5.666;270.0;0.0
UAV_16;59;5150.0;5398.227;193.412;5.483;270.0;0.0
UAV_16;60;5151.371;5392.939;193.336;5.464;284.534;0.0
UAV_16;61;5157.35;5387.855;193.255;7.849;319.621;0.0
UAV_16;62;5163.6;5382.983;193.171;7.925;322.07;0.0
UAV_16;63;5170.11;5378.335;193.081;8.0;324.472;0.0
UAV_16;64;5176.868;5373.918;192.988;8.073;326.83;0.0
UAV_16;65;5183.859;5369.742;192.89;8.145;329.146;0.0
UAV_16;66;5191.072;5365.813;192.788;8.214;331.423;0.0
UAV_16;67;5198.492;5362.139;192.682;8.28;333.662;0.0
UAV_16;68;5206.106;5358.728;192.572;8.343;335.867;0.0
UAV_16;69;5213.898;5355.586;192.457;8.403;338.039;0.0
UAV_16;70;5221.854;5352.719;192.339;8.458;340.182;0.0
UAV_16;71;5229.959;5350.132;192.216;8.508;342.299;0.0
UAV_16;72;5238.197;5347.831;192.09;8.554;344.391;0.0
UAV_16;73;5246.552;5345.819;191.96;8.595;346.462;0.0
UAV_16;74;5255.01;5344.101;191.826;8.631;348.515;0.0
UAV_16;75;5263.553;5342.679;191.688;8.662;350.553;0.0
UAV_16;76;5272.165;5341.557;191.547;8.686;352.577;0.0
UAV_16;77;5280.831;5340.737;191.402;8.705;354.591;0.0
UAV_16;78;5289.533;5340.219;191.254;8.719;356.598;0.0
UAV_16;79;5298.255;5340.006;191.102;8.726;358.6;0.0
UAV_16;80;5306.98;5340.097;190.947;8.727;0.6;0.0
UAV_16;81;5315.692;5340.493;190.788;8.722;2.601;0.0
UAV_16;82;5324.374;5341.193;190.626;8.712;4.606;0.0
UAV_16;83;5333.01;5342.194;190.461;8.695;6.616;0.0
UAV_16;84;5341.582;5343.496;190.293;8.673;8.636;0.0
UAV_16;85;5350.076;5345.096;190.122;8.645;10.668;0.0
UAV_16;86;5358.474;5346.991;189.948;8.611;12.714;0.0
UAV_16;87;5366.761;5349.177;189.771;8.572;14.778;0.0
UAV_16;88;5374.921;5351.651;189.592;8.528;16.862;0.0
UAV_16;89;5382.939;5354.406;189.41;8.48;18.968;0.0
UAV_16;90;5390.798;5357.439;189.225;8.426;21.1;0.0
UAV_16;91;5398.485;5360.743;189.038;8.369;23.261;0.0
UAV_16;92;5405.984;5364.312;188.848;8.307;25.452;0.0
UAV_16;93;5413.281;5368.14;188.656;8.242;27.677;0.0
UAV_16;94;5420.363;5372.218;188.462;8.175;29.938;0.0
UAV_16;95;5427.216;5376.54;188.266;8.104;32.238;0.0
UAV_16;96;5433.826;5381.097;188.067;8.031;34.579;0.0
UAV_16;97;5440.182;5385.88;187.867;7.957;36.964;0.0
UAV_16;98;5446.271;5390.88;187.665;7.882;39.394;0.0
UAV_16;99;5452.081;5396.088;187.461;7.806;41.871;0.0
UAV_16;100;5457.602;5401.494;187.256;7.73;44.396;0.0
UAV_16;101;5462.823;5407.088;187.049;7.654;46.972;0.0
UAV_16;102;5467.734;5412.858;186.84;7.58;49.599;0.0
UAV_16;103;5472.326;5418.794;186.63;7.508;52.277;0.0
UAV_16;104;5476.59;5424.885;186.419;7.438;55.007;0.0
UAV_16;105;5480.517;5431.118;186.207;7.371;57.787;0.0
UAV_16;106;5484.101;5437.483;185.994;7.308;60.617;0.0
UAV_16;107;5487.334;5443.967;185.779;7.249;63.495;0.0
UAV_16;108;5490.211;5450.557;185.564;7.194;66.418;0.0
UAV_16;109;5492.726;5457.242;185.349;7.145;69.383;0.0
UAV_16;110;5494.874;5464.008;185.132;7.102;72.387;0.0
UAV_16;111;5496.651;5470.842;184.915;7.065;75.426;0.0
UAV_16;112;5498.054;5477.732;184.698;7.035;78.493;0.0
UAV_16;113;5499.079;5484.665;184.48;7.011;81.584;0.0
UAV_16;114;5499.726;5491.626;184.262;6.995;84.693;0.0
UAV_16;115;5499.992;5498.604;184.044;6.986;87.813;0.0
UAV_16;116;5499.878;5505.584;183.825;6.985;90.937;0.0
UAV_16;117;5499.383;5512.553;183.607;6.99;94.06;0.0
UAV_16;118;5498.509;5519.499;183.39;7.004;97.174;0.0
UAV_16;119;5497.257;5526.408;183.172;7.024;100.273;0.0
UAV_16;120;5495.63;5533.266;182.955;7.052;103.35;0.0
UAV_16;121;5493.63;5540.061;182.738;7.086;106.401;0.0
UAV_16;122;5491.261;5546.779;182.522;7.127;109.419;0.0
UAV_16;123;5488.528;5553.409;182.307;7.174;112.401;0.0
UAV_16;124;5485.437;5559.937;182.092;7.226;115.341;0.0
UAV_16;125;5481.992;5566.351;181.878;7.283;118.238;0.0
UAV_16;126;5478.201;5572.638;181.666;7.345;121.087;0.0
UAV_16;127;5474.071;5578.788;181.454;7.411;123.887;0.0
UAV_16;128;5469.61;5584.787;181.244;7.479;126.637;0.0
UAV_16;129;5464.825;5590.625;181.035;7.551;129.336;0.0
UAV_16;130;5459.727;5596.29;180.827;7.624;131.983;0.0
UAV_16;131;5454.325;5601.773;180.621;7.699;134.579;0.0
UAV_16;132;5448.629;5607.061;180.416;7.775;137.125;0.0
UAV_16;133;5442.65;5612.145;180.214;7.851;139.621;0.0
UAV_16;134;5436.4;5617.017;180.013;7.927;142.07;0.0
UAV_16;135;5429.89;5621.665;179.813;8.002;144.472;0.0
UAV_16;136;5423.132;5626.082;179.616;8.075;146.83;0.0
UAV_16;137;5416.141;5630.258;179.421;8.147;149.146;0.0
UAV_16;138;5408.928;5634.187;179.228;8.216;151.423;0.0
UAV_16;139;5401.508;5637.861;179.038;8.282;153.662;0.0
UAV_16;140;5393.894;5641.272;178.85;8.345;155.867;0.0
UAV_16;141;5386.102;5644.414;178.664;8.404;158.039;0.0
UAV_16;142;5378.146;5647.281;178.481;8.459;160.182;0.0
UAV_16;143;5370.041;5649.868;178.3;8.509;162.299;0.0
UAV_16;144;5361.803;5652.169;178.122;8.555;164.391;0.0
UAV_16;145;5353.448;5654.181;177.947;8.596;166.462;0.0
UAV_16;146;5344.99;5655.899;177.775;8.632;168.515;0.0
UAV_16;147;5336.447;5657.321;177.606;8.662;170.553;0.0
UAV_16;148;5327.835;5658.443;177.439;8.687;172.577;0.0
UAV_16;149;5319.169;5659.263;177.276;8.706;174.591;0.0
UAV_16;150;5310.467;5659.781;177.116;8.719;176.598;0.0
UAV_16;151;5301.745;5659.994;176.96;8.726;178.6;0.0
UAV_16;152;5293.02;5659.903;176.807;8.727;180.6;0.0
UAV_16;153;5284.308;5659.507;176.657;8.722;182.601;0.0
UAV_16;154;5275.626;5658.807;176.51;8.711;184.606;0.0
UAV_16;155;5266.99;5657.806;176.368;8.695;186.616;0.0
UAV_16;156;5258.418;5656.504;176.229;8.672;188.636;0.0
UAV_16;157;5249.924;5654.904;176.093;8.644;190.668;0.0
UAV_16;158;5241.526;5653.009;175.961;8.61;192.714;0.0
UAV_16;159;5233.239;5650.823;175.834;8.571;194.778;0.0
UAV_16;160;5225.079;5648.349;175.71;8.527;196.862;0.0
UAV_16;161;5217.061;5645.594;175.59;8.479;198.968;0.0
UAV_16;162;5209.202;5642.561;175.474;8.425;201.1;0.0
UAV_16;163;5201.515;5639.257;175.362;8.367;203.261;0.0
UAV_16;164;5194.016;5635.688;175.254;8.306;205.452;0.0
UAV_16;165;5186.719;5631.86;175.15;8.241;207.677;0.0
UAV_16;166;5179.637;5627.782;175.051;8.173;209.938;0.0
UAV_16;167;5172.784;5623.46;174.955;8.102;212.238;0.0
UAV_16;168;5166.174;5618.903;174.865;8.029;214.579;0.0
UAV_16;169;5159.818;5614.12;174.778;7.955;216.964;0.0
UAV_16;170;5153.729;5609.12;174.696;7.879;219.394;0.0
UAV_16;171;5150.0;5603.912;174.618;6.406;234.395;0.0
UAV_16;172;5150.0;5598.506;174.545;5.406;270.0;0.0
UAV_16;173;5150.0;5592.912;174.476;5.594;270.0;0.0
UAV_16;174;5150.0;5587.142;174.412;5.771;270.0;0.0
UAV_16;175;5150.0;5581.206;174.352;5.936;270.0;0.0
UAV_16;176;5150.0;5575.115;174.297;6.091;270.0;0.0
UAV_16;177;5150.0;5568.882;174.247;6.234;270.0;0.0
UAV_16;178;5150.0;5562.517;174.201;6.365;270.0;0.0
UAV_16;179;5150.0;5556.033;174.16;6.484;270.0;0.0
UAV_16;180;5150.0;5549.443;174.123;6.591;270.0;0.0
UAV_16;181;5150.0;5542.758;174.091;6.685;270.0;0.0
UAV_16;182;5150.0;5535.992;174.064;6.766;270.0;0.0
UAV_16;183;5150.0;5529.158;174.042;6.835;270.0;0.0
UAV_16;184;5150.0;5522.268;174.024;6.89;270.0;0.0
UAV_16;185;5150.0;5515.335;174.012;6.932;270.0;0.0
UAV_16;186;5150.0;5508.374;174.003;6.962;270.0;0.0
UAV_16;187;5150.0;5501.396;174.0;6.978;270.0;0.0
UAV_16;188;5150.0;5494.416;174.002;6.98;270.0;0.0
UAV_16;189;5150.0;5487.447;174.008;6.97;270.0;0.0
UAV_16;190;5150.0;5480.501;174.019;6.946;270.0;0.0
UAV_16;191;5150.0;5473.592;174.034;6.909;270.0;0.0
UAV_16;192;5150.0;5466.734;174.055;6.858;270.0;0.0
UAV_16;193;5150.0;5459.939;174.08;6.795;270.0;0.0
UAV_16;194;5150.0;5453.221;174.11;6.719;270.0;0.0
UAV_16;195;5150.0;5446.591;174.144;6.63;270.0;0.0
UAV_16;196;5150.0;5440.063;174.184;6.528;270.0;0.0
UAV_16;197;5150.0;5433.649;174.228;6.414;270.0;0.0
UAV_16;198;5150.0;5427.362;174.276;6.288;270.0;0.0
UAV_16;199;5150.0;5421.212;174.33;6.15;270.0;0.0
UAV_16;200;5150.0;5415.213;174.387;6.0;270.0;0.0
UAV_16;201;5150.0;5409.375;174.45;5.838;270.0;0.0
UAV_16;202;5150.0;5403.71;174.517;5.666;270.0;0.0
UAV_16;203;5150.0;5398.227;174.588;5.483;270.0;0.0
UAV_16;204;5151.371;5392.939;174.664;5.464;284.534;0.0
UAV_16;205;5157.35;5387.855;174.745;7.849;319.621;0.0
UAV_16;206;5163.6;5382.983;174.829;7.925;322.07;0.0
UAV_16;207;5170.11;5378.335;174.919;8.0;324.472;0.0
UAV_16;208;5176.868;5373.918;175.012;8.073;326.83;0.0
UAV_16;209;5183.859;5369.742;175.11;8.145;329.146;0.0
UAV_16;210;5191.072;5365.813;175.212;8.214;331.423;0.0
UAV_16;211;5198.492;5362.139;175.318;8.28;333.662;0.0
UAV_16;212;5206.106;5358.728;175.428;8.343;335.867;0.0
UAV_16;213;5213.898;5355.586;175.543;8.403;338.039;0.0
UAV_16;214;5221.854;5352.719;175.661;8.458;340.182;0.0
UAV_16;215;5229.959;5350.132;175.784;8.508;342.299;0.0
UAV_16;216;5238.197;5347.831;175.91;8.554;344.391;0.0
UAV_16;217;5246.552;5345.819;176.04;8.595;346.462;0.0
UAV_16;218;5255.01;5344.101;176.174;8.631;348.515;0.0
UAV_16;219;5263.553;5342.679;176.312;8.662;350.553;0.0
UAV_16;220;5272.165;5341.557;176.453;8.686;352.577;0.0
UAV_16;221;5280.831;5340.737;176.598;8.705;354.591;0.0
UAV_16;222;5289.533;5340.219;176.746;8.719;356.598;0.0
UAV_16;223;5298.255;5340.006;176.898;8.726;358.6;0.0
UAV_16;224;5306.98;5340.097;177.053;8.727;0.6;0.0
UAV_16;225;5315.692;5340.493;177.212;8.722;2.601;0.0
UAV_16;226;5324.374;5341.193;177.374;8.712;4.606;0.0
UAV_16;227;5333.01;5342.194;177.539;8.695;6.616;0.0
UAV_16;228;5341.582;5343.496;177.707;8.673;8.636;0.0
UAV_16;229;5350.076;5345.096;177.878;8.645;10.668;0.0
UAV_16;230;5358.474;5346.991;178.052;8.611;12.714;0.0
UAV_16;231;5366.761;5349.177;178.229;8.572;14.778;0.0
UAV_16;232;5374.921;5351.651;178.408;8.528;16.862;0.0
UAV_16;233;5382.939;5354.406;178.59;8.48;18.968;0.0
UAV_16;234;5390.798;5357.439;178.775;8.426;21.1;0.0
UAV_16;235;5398.485;5360.743;178.962;8.369;23.261;0.0
UAV_16;236;5405.984;5364.312;179.152;8.307;25.452;0.0
UAV_16;237;5413.281;5368.14;179.344;8.242;27.677;0.0
UAV_16;238;5420.363;5372.218;179.538;8.175;29.938;0.0
UAV_16;239;5427.216;5376.54;179.734;8.104;32.238;0.0
UAV_16;240;5433.826;5381.097;179.933;8.031;34.579;0.0
UAV_16;241;5440.182;5385.88;180.133;7.957;36.964;0.0
UAV_16;242;5446.271;5390.88;180.335;7.882;39.394;0.0
UAV_16;243;5452.081;5396.088;180.539;7.806;41.871;0.0
UAV_16;244;5457.602;5401.494;180.744;7.73;44.396;0.0
UAV_16;245;5462.823;5407.088;180.951;7.654;46.972;0.0
UAV_16;246;5467.734;5412.858;181.16;7.58;49.599;0.0
UAV_16;247;5472.326;5418.794;181.37;7.508;52.277;0.0
UAV_16;248;5476.59;5424.885;181.581;7.438;55.007;0.0
UAV_16;249;5480.517;5431.118;181.793;7.371;57.787;0.0
UAV_16;250;5484.101;5437.483;182.006;7.308;60.617;0.0
UAV_16;251;5487.334;5443.967;182.221;7.249;63.495;0.0
UAV_16;252;5490.211;5450.557;182.436;7.194;66.418;0.0
UAV_16;253;5492.726;5457.242;182.651;7.145;69.383;0.0
UAV_16;254;5494.874;5464.008;182.868;7.102;72.387;0.0
UAV_16;255;5496.651;5470.842;183.085;7.065;75.426;0.0
UAV_16;256;5498.054;5477.732;183.302;7.035;78.493;0.0
UAV_16;257;5499.079;5484.665;183.52;7.011;81.584;0.0
UAV_16;258;5499.726;5491.626;183.738;6.995;84.693;0.0
UAV_16;259;5499.992;5498.604;183.956;6.986;87.813;0.0
UAV_16;260;5499.878;5505.584;184.175;6.985;90.937;0.0
UAV_16;261;5499.383;5512.553;184.393;6.99;94.06;0.0
UAV_16;262;5498.509;5519.499;184.61;7.004;97.174;0.0
UAV_16;263;5497.257;5526.408;184.828;7.024;100.273;0.0
UAV_16;264;5495.63;5533.266;185.045;7.052;103.35;0.0
UAV_16;265;5493.63;5540.061;185.262;7.086;106.401;0.0
UAV_16;266;5491.261;5546.779;185.478;7.127;109.419;0.0
UAV_16;267;5488.528;5553.409;185.693;7.174;112.401;0.0
UAV_16;268;5485.437;5559.937;185.908;7.226;115.341;0.0
UAV_16;269;5481.992;5566.351;186.122;7.283;118.238;0.0
UAV_16;270;5478.201;5572.638;186.334;7.345;121.087;0.0
UAV_16;271;5474.071;5578.788;186.546;7.411;123.887;0.0
UAV_16;272;5469.61;5584.787;186.756;7.479;126.637;0.0
UAV_16;273;5464.825;5590.625;186.965;7.551;129.336;0.0
UAV_16;274;5459.727;5596.29;187.173;7.624;131.983;0.0
UAV_16;275;5454.325;5601.773;187.379;7.699;134.579;0.0
UAV_16;276;5448.629;5607.061;187.584;7.775;137.125;0.0
UAV_16;277;5442.65;5612.145;187.786;7.851;139.621;0.0
UAV_16;278;5436.4;5617.017;187.987;7.927;142.07;0.0
UAV_16;279;5429.89;5621.665;188.187;8.002;144.472;0.0
UAV_16;280;5423.132;5626.082;188.384;8.075;146.83;0.0
UAV_16;281;5416.141;5630.258;188.579;8.147;149.146;0.0
UAV_16;282;5408.928;5634.187;188.772;8.216;151.423;0.0
UAV_16;283;5401.508;5637.861;188.962;8.282;153.662;0.0
UAV_16;284;5393.894;5641.272;189.15;8.345;155.867;0.0
UAV_16;285;5386.102;5644.414;189.336;8.404;158.039;0.0
UAV_16;286;5378.146;5647.281;189.519;8.459;160.182;0.0
UAV_16;287;5370.041;5649.868;189.7;8.509;162.299;0.0
UAV_16;288;5361.803;5652.169;189.878;8.555;164.391;0.0
UAV_16;289;5353.448;5654.181;190.053;8.596;166.462;0.0
UAV_16;290;5344.99;5655.899;190.225;8.632;168.515;0.0
UAV_16;291;5336.447;5657.321;190.394;8.662;170.553;0.0
UAV_16;292;5327.835;5658.443;190.561;8.687;172.577;0.0
UAV_16;293;5319.169;5659.263;190.724;8.706;174.591;0.0
UAV_16;294;5310.467;5659.781;190.884;8.719;176.598;0.0
UAV_16;295;5301.745;5659.994;191.04;8.726;178.6;0.0
UAV_16;296;5293.02;5659.903;191.193;8.727;180.6;0.0
UAV_16;297;5284.308;5659.507;191.343;8.722;182.601;0.0
UAV_16;298;5275.626;5658.807;191.49;8.711;184.606;0.0
UAV_16;299;5266.99;5657.806;191.632;8.695;186.616;0.0
UAV_16;300;5258.418;5656.504;191.771;8.672;188.636;0.0
UAV_16;301;5249.924;5654.904;191.907;8.644;190.668;0.0
UAV_16;302;5241.526;5653.009;192.039;8.61;192.714;0.0
UAV_16;303;5233.239;5650.823;192.166;8.571;194.778;0.0
UAV_16;304;5225.079;5648.349;192.29;8.527;196.862;0.0
UAV_16;305;5217.061;5645.594;192.41;8.479;198.968;0.0
UAV_16;306;5209.202;5642.561;192.526;8.425;201.1;0.0
UAV_16;307;5201.515;5639.257;192.638;8.367;203.261;0.0
UAV_16;308;5194.016;5635.688;192.746;8.306;205.452;0.0
UAV_16;309;5186.719;5631.86;192.85;8.241;207.677;0.0
UAV_16;310;5179.637;5627.782;192.949;8.173;209.938;0.0
UAV_16;311;5172.784;5623.46;193.045;8.102;212.238;0.0
UAV_16;312;5166.174;5618.903;193.135;8.029;214.579;0.0
UAV_16;313;5159.818;5614.12;193.222;7.955;216.964;0.0
UAV_16;314;5153.729;5609.12;193.304;7.879;219.394;0.0
UAV_16;315;5150.0;5603.912;193.382;6.406;234.395;0.0
UAV_16;316;5150.0;5598.506;193.455;5.406;270.0;0.0
UAV_16;317;5150.0;5592.912;193.524;5.594;270.0;0.0
UAV_16;318;5150.0;5587.142;193.588;5.771;270.0;0.0
UAV_16;319;5150.0;5581.206;193.648;5.936;270.0;0.0
UAV_16;320;5150.0;5575.115;193.703;6.091;270.0;0.0
UAV_16;321;5150.0;5568.882;193.753;6.234;270.0;0.0
UAV_16;322;5150.0;5562.517;193.799;6.365;270.0;0.0
UAV_16;323;5150.0;5556.033;193.84;6.484;270.0;0.0
UAV_16;324;5150.0;5549.443;193.877;6.591;270.0;0.0
UAV_16;325;5150.0;5542.758;193.909;6.685;270.0;0.0
UAV_16;326;5150.0;5535.992;193.936;6.766;270.0;0.0
UAV_16;327;5150.0;5529.158;193.958;6.835;270.0;0.0
UAV_16;328;5150.0;5522.268;193.976;6.89;270.0;0.0
UAV_16;329;5150.0;5515.335;193.988;6.932;270.0;0.0
UAV_16;330;5150.0;5508.374;193.997;6.962;270.0;0.0
UAV_16;331;5150.0;5501.396;194.0;6.978;270.0;0.0
UAV_16;332;5150.0;5494.416;193.998;6.98;270.0;0.0
UAV_16;333;5150.0;5487.447;193.992;6.97;270.0;0.0
UAV_16;334;5150.0;5480.501;193.981;6.946;270.0;0.0
UAV_16;335;5150.0;5473.592;193.966;6.909;270.0;0.0
UAV_16;336;5150.0;5466.734;193.945;6.858;270.0;0.0
UAV_16;337;5150.0;5459.939;193.92;6.795;270.0;0.0
UAV_16;338;5150.0;5453.221;193.89;6.719;270.0;0.0
UAV_16;339;5150.0;5446.591;193.856;6.63;270.0;0.0
UAV_16;340;5150.0;5440.063;193.816;6.528;270.0;0.0
UAV_16;341;5150.0;5433.649;193.772;6.414;270.0;0.0
UAV_16;342;5150.0;5427.362;193.724;6.288;270.0;0.0
UAV_16;343;5150.0;5421.212;193.67;6.15;270.0;0.0
UAV_16;344;5150.0;5415.213;193.613;6.0;270.0;0.0
UAV_16;345;5150.0;5409.375;193.55;5.838;270.0;0.0
UAV_16;346;5150.0;5403.71;193.483;5.666;270.0;0.0
UAV_16;347;5150.0;5398.227;193.412;5.483;270.0;0.0
UAV_16;348;5151.371;5392.939;193.336;5.464;284.534;0.0
UAV_16;349;5157.35;5387.855;193.255;7.849;319.621;0.0
UAV_16;350;5163.6;5382.983;193.171;7.925;322.07;0.0
UAV_16;351;5170.11;5378.335;193.081;8.0;324.472;0.0
UAV_16;352;5176.868;5373.918;192.988;8.073;326.83;0.0
UAV_16;353;5183.859;5369.742;192.89;8.145;329.146;0.0
UAV_16;354;5191.072;5365.813;192.788;8.214;331.423;0.0
UAV_16;355;5198.492;5362.139;192.682;8.28;333.662;0.0
UAV_16;356;5206.106;5358.728;192.572;8.343;335.867;0.0
UAV_16;357;5213.898;5355.586;192.457;8.403;338.039;0.0
UAV_16;358;5221.854;5352.719;192.339;8.458;340.182;0.0
UAV_16;359;5229.959;5350.132;192.216;8.508;342.299;0.0
UAV_16;360;5238.197;5347.831;192.09;8.554;344.391;0.0
UAV_16;361;5246.552;5345.819;191.96;8.595;346.462;0.0
UAV_16;362;5255.01;5344.101;191.826;8.631;348.515;0.0
UAV_16;363;5263.553;5342.679;191.688;8.662;350.553;0.0
UAV_16;364;5272.165;5341.557;191.547;8.686;352.577;0.0
UAV_16;365;5280.831;5340.737;191.402;8.705;354.591;0.0
UAV_16;366;5289.533;5340.219;191.254;8.719;356.598;0.0
UAV_16;367;5298.255;5340.006;191.102;8.726;358.6;0.0
UAV_16;368;5306.98;5340.097;190.947;8.727;0.6;0.0
UAV_16;369;5315.692;5340.493;190.788;8.722;2.601;0.0
UAV_16;370;5324.374;5341.193;190.626;8.712;4.606;0.0
UAV_16;371;5333.01;5342.194;190.461;8.695;6.616;0.0
UAV_16;372;5341.582;5343.496;190.293;8.673;8.636;0.0
UAV_16;373;5350.076;5345.096;190.122;8.645;10.668;0.0
UAV_16;374;5358.474;5346.991;189.948;8.611;12.714;0.0
UAV_16;375;5366.761;5349.177;189.771;8.572;14.778;0.0
UAV_16;376;5374.921;5351.651;189.592;8.528;16.862;0.0
UAV_16;377;5382.939;5354.406;189.41;8.48;18.968;0.0
UAV_16;378;5390.798;5357.439;189.225;8.426;21.1;0.0
UAV_16;379;5398.485;5360.743;189.038;8.369;23.261;0.0
UAV_16;380;5405.984;5364.312;188.848;8.307;25.452;0.0
UAV_16;381;5413.281;5368.14;188.656;8.242;27.677;0.0
UAV_16;382;5420.363;5372.218;188.462;8.175;29.938;0.0
UAV_16;383;5427.216;5376.54;188.266;8.104;32.238;0.0
UAV_16;384;5433.826;5381.097;188.067;8.031;34.579;0.0
UAV_16;385;5440.182;5385.88;187.867;7.957;36.964;0.0
UAV_16;386;5446.271;5390.88;187.665;7.882;39.394;0.0
UAV_16;387;5452.081;5396.088;187.461;7.806;41.871;0.0
UAV_16;388;5457.602;5401.494;187.256;7.73;44.396;0.0
UAV_16;389;5462.823;5407.088;187.049;7.654;46.972;0.0
UAV_16;390;5467.734;5412.858;186.84;7.58;49.599;0.0
UAV_16;391;5472.326;5418.794;186.63;7.508;52.277;0.0
UAV_16;392;5476.59;5424.885;186.419;7.438;55.007;0.0
UAV_16;393;5480.517;5431.118;186.207;7.371;57.787;0.0
UAV_16;394;5484.101;5437.483;185.994;7.308;60.617;0.0
UAV_16;395;5487.334;5443.967;185.779;7.249;63.495;0.0
UAV_16;396;5490.211;5450.557;185.564;7.194;66.418;0.0
UAV_16;397;5492.726;5457.242;185.349;7.145;69.383;0.0
UAV_16;398;5494.874;5464.008;185.132;7.102;72.387;0.0
UAV_16;399;5496.651;5470.842;184.915;7.065;75.426;0.0
UAV_16;400;5498.054;5477.732;184.698;7.035;78.493;0.0
UAV_16;401;5499.079;5484.665;184.48;7.011;81.584;0.0
UAV_16;402;5499.726;5491.626;184.262;6.995;84.693;0.0
UAV_16;403;5499.992;5498.604;184.044;6.986;87.813;0.0
UAV_16;404;5499.878;5505.584;183.825;6.985;90.937;0.0
UAV_16;405;5499.383;5512.553;183.607;6.99;94.06;0.0
UAV_16;406;5498.509;5519.499;183.39;7.004;97.174;0.0
UAV_16;407;5497.257;5526.408;183.172;7.024;100.273;0.0
UAV_16;408;5495.63;5533.266;182.955;7.052;103.35;0.0
UAV_16;409;5493.63;5540.061;182.738;7.086;106.401;0.0
UAV_16;410;5491.261;5546.779;182.522;7.127;109.419;0.0
UAV_16;411;5488.528;5553.409;182.307;7.174;112.401;0.0
UAV_16;412;5485.437;5559.937;182.092;7.226;115.341;0.0
UAV_16;413;5481.992;5566.351;181.878;7.283;118.238;0.0
UAV_16;414;5478.201;5572.638;181.666;7.345;121.087;0.0
UAV_16;415;5474.071;5578.788;181.454;7.411;123.887;0.0
UAV_16;416;5469.61;5584.787;181.244;7.479;126.637;0.0
UAV_16;417;5464.825;5590.625;181.035;7.551;129.336;0.0
UAV_16;418;5459.727;5596.29;180.827;7.624;131.983;0.0
UAV_16;419;5454.325;5601.773;180.621;7.699;134.579;0.0
UAV_16;420;5448.629;5607.061;180.416;7.775;137.125;0.0
UAV_16;421;5442.65;5612.145;180.214;7.851;139.621;0.0
UAV_16;422;5436.4;5617.017;180.013;7.927;142.07;0.0
UAV_16;423;5429.89;5621.665;179.813;8.002;144.472;0.0
UAV_16;424;5423.132;5626.082;179.616;8.075;146.83;0.0
UAV_16;425;5416.141;5630.258;179.421;8.147;149.146;0.0
UAV_16;426;5408.928;5634.187;179.228;8.216;151.423;0.0
UAV_16;427;5401.508;5637.861;179.038;8.282;153.662;0.0
UAV_16;428;5393.894;5641.272;178.85;8.345;155.867;0.0
UAV_16;429;5386.102;5644.414;178.664;8.404;158.039;0.0
UAV_16;430;5378.146;5647.281;178.481;8.459;160.182;0.0
UAV_16;431;5370.041;5649.868;178.3;8.509;162.299;0.0
UAV_16;432;5361.803;5652.169;178.122;8.555;164.391;0.0
UAV_16;433;5353.448;5654.181;177.947;8.596;166.462;0.0
UAV_16;434;5344.99;5655.899;177.775;8.632;168.515;0.0
UAV_16;435;5336.447;5657.321;177.606;8.662;170.553;0.0
UAV_16;436;5327.835;5658.443;177.439;8.687;172.577;0.0
UAV_16;437;5319.169;5659.263;177.276;8.706;174.591;0.0
UAV_16;438;5310.467;5659.781;177.116;8.719;176.598;0.0
UAV_16;439;5301.745;5659.994;176.96;8.726;178.6;0.0
UAV_16;440;5293.02;5659.903;176.807;8.727;180.6;0.0
UAV_16;441;5284.308;5659.507;176.657;8.722;182.601;0.0
UAV_16;442;5275.626;5658.807;176.51;8.711;184.606;0.0
UAV_16;443;5266.99;5657.806;176.368;8.695;186.616;0.0
UAV_16;444;5258.418;5656.504;176.229;8.672;188.636;0.0
UAV_16;445;5249.924;5654.904;176.093;8.644;190.668;0.0
UAV_16;446;5241.526;5653.009;175.961;8.61;192.714;0.0
UAV_16;447;5233.239;5650.823;175.834;8.571;194.778;0.0
UAV_16;448;5225.079;5648.349;175.71;8.527;196.862;0.0
UAV_16;449;5217.061;5645.594;175.59;8.479;198.968;0.0
UAV_16;450;5209.202;5642.561;175.474;8.425;201.1;0.0
UAV_16;451;5201.515;5639.257;175.362;8.367;203.261;0.0
UAV_16;452;5194.016;5635.688;175.254;8.306;205.452;0.0
UAV_16;453;5186.719;5631.86;175.15;8.241;207.677;0.0
UAV_16;454;5179.637;5627.782;175.051;8.173;209.938;0.0
UAV_16;455;5172.784;5623.46;174.955;8.102;212.238;0.0
UAV_16;456;5166.174;5618.903;174.865;8.029;214.579;0.0
UAV_16;457;5159.818;5614.12;174.778;7.955;216.964;0.0
UAV_16;458;5153.729;5609.12;174.696;7.879;219.394;0.0
UAV_16;459;5150.0;5603.912;174.618;6.406;234.395;0.0
UAV_16;460;5150.0;5598.506;174.545;5.406;270.0;0.0
UAV_16;461;5150.0;5592.912;174.476;5.594;270.0;0.0
UAV_16;462;5150.0;5587.142;174.412;5.771;270.0;0.0
UAV_16;463;5150.0;5581.206;174.352;5.936;270.0;0.0
UAV_16;464;5150.0;5575.115;174.297;6.091;270.0;0.0
UAV_16;465;5150.0;5568.882;174.247;6.234;270.0;0.0
UAV_16;466;5150.0;5562.517;174.201;6.365;270.0;0.0
UAV_16;467;5150.0;5556.033;174.16;6.484;270.0;0.0
UAV_16;468;5150.0;5549.443;174.123;6.591;270.0;0.0
UAV_16;469;5150.0;5542.758;174.091;6.685;270.0;0.0
UAV_16;470;5150.0;5535.992;174.064;6.766;270.0;0.0
UAV_16;471;5150.0;5529.158;174.042;6.835;270.0;0.0
UAV_16;472;5150.0;5522.268;174.024;6.89;270.0;0.0
UAV_16;473;5150.0;5515.335;174.012;6.932;270.0;0.0
UAV_16;474;5150.0;5508.374;174.003;6.962;270.0;0.0
UAV_16;475;5150.0;5501.396;174.0;6.978;270.0;0.0
UAV_16;476;5150.0;5494.416;174.002;6.98;270.0;0.0
UAV_16;477;5150.0;5487.447;174.008;6.97;270.0;0.0
UAV_16;478;5150.0;5480.501;174.019;6.946;270.0;0.0
UAV_16;479;5150.0;5473.592;174.034;6.909;270.0;0.0
UAV_16;480;5150.0;5466.734;174.055;6.858;270.0;0.0
UAV_16;481;5150.0;5459.939;174.08;6.795;270.0;0.0
UAV_16;482;5150.0;5453.221;174.11;6.719;270.0;0.0
UAV_16;483;5150.0;5446.591;174.144;6.63;270.0;0.0
UAV_16;484;5150.0;5440.063;174.184;6.528;270.0;0.0
UAV_16;485;5150.0;5433.649;174.228;6.414;270.0;0.0
UAV_16;486;5150.0;5427.362;174.276;6.288;270.0;0.0
UAV_16;487;5150.0;5421.212;174.33;6.15;270.0;0.0
UAV_16;488;5150.0;5415.213;174.387;6.0;270.0;0.0
UAV_16;489;5150.0;5409.375;174.45;5.838;270.0;0.0
UAV_16;490;5150.0;5403.71;174.517;5.666;270.0;0.0
UAV_16;491;5150.0;5398.227;174.588;5.483;270.0;0.0
UAV_16;492;5151.371;5392.939;174.664;5.464;284.534;0.0
UAV_16;493;5157.35;5387.855;174.745;7.849;319.621;0.0
UAV_16;494;5163.6;5382.983;174.829;7.925;322.07;0.0
UAV_16;495;5170.11;5378.335;174.919;8.0;324.472;0.0
UAV_16;496;5176.868;5373.918;175.012;8.073;326.83;0.0
UAV_16;497;5183.859;5369.742;175.11;8.145;329.146;0.0
UAV_16;498;5191.072;5365.813;175.212;8.214;331.423;0.0
UAV_16;499;5198.492;5362.139;175.318;8.28;333.662;0.0
UAV_16;500;5206.106;5358.728;175.428;8.343;335.867;0.0
UAV_16;501;5213.898;5355.586;175.543;8.403;338.039;0.0
UAV_16;502;5221.854;5352.719;175.661;8.458;340.182;0.0
UAV_16;503;5229.959;5350.132;175.784;8.508;342.299;0.0
UAV_16;504;5238.197;5347.831;175.91;8.554;344.391;0.0
UAV_16;505;5246.552;5345.819;176.04;8.595;346.462;0.0
UAV_16;506;5255.01;5344.101;176.174;8.631;348.515;0.0
UAV_16;507;5263.553;5342.679;176.312;8.662;350.553;0.0
UAV_16;508;5272.165;5341.557;176.453;8.686;352.577;0.0
UAV_16;509;5280.831;5340.737;176.598;8.705;354.591;0.0
UAV_16;510;5289.533;5340.219;176.746;8.719;356.598;0.0
UAV_16;511;5298.255;5340.006;176.898;8.726;358.6;0.0
UAV_16;512;5306.98;5340.097;177.053;8.727;0.6;0.0
UAV_16;513;5315.692;5340.493;177.212;8.722;2.601;0.0
UAV_16;514;5324.374;5341.193;177.374;8.712;4.606;0.0
UAV_16;515;5333.01;5342.194;177.539;8.695;6.616;0.0
UAV_16;516;5341.582;5343.496;177.707;8.673;8.636;0.0
UAV_16;517;5350.076;5345.096;177.878;8.645;10.668;0.0
UAV_16;518;5358.474;5346.991;178.052;8.611;12.714;0.0
UAV_16;519;5366.761;5349.177;178.229;8.572;14.778;0.0
UAV_16;520;5374.921;5351.651;178.408;8.528;16.862;0.0
UAV_16;521;5382.939;5354.406;178.59;8.48;18.968;0.0
UAV_16;522;5390.798;5357.439;178.775;8.426;21.1;0.0
UAV_16;523;5398.485;5360.743;178.962;8.369;23.261;0.0
UAV_16;524;5405.984;5364.312;179.152;8.307;25.452;0.0
UAV_16;525;5413.281;5368.14;179.344;8.242;27.677;0.0
UAV_16;526;5420.363;5372.218;179.538;8.175;29.938;0.0
UAV_16;527;5427.216;5376.54;179.734;8.104;32.238;0.0
UAV_16;528;5433.826;5381.097;179.933;8.031;34.579;0.0
UAV_16;529;5440.182;5385.88;180.133;7.957;36.964;0.0
UAV_16;530;5446.271;5390.88;180.335;7.882;39.394;0.0
UAV_16;531;5452.081;5396.088;180.539;7.806;41.871;0.0
UAV_16;532;5457.602;5401.494;180.744;7.73;44.396;0.0
UAV_16;533;5462.823;5407.088;180.951;7.654;46.972;0.0
UAV_16;534;5467.734;5412.858;181.16;7.58;49.599;0.0
UAV_16;535;5472.326;5418.794;181.37;7.508;52.277;0.0
UAV_16;536;5476.59;5424.885;181.581;7.438;55.007;0.0
UAV_16;537;5480.517;5431.118;181.793;7.371;57.787;0.0
UAV_16;538;5484.101;5437.483;182.006;7.308;60.617;0.0
UAV_16;539;5487.334;5443.967;182.221;7.249;63.495;0.0
UAV_16;540;5490.211;5450.557;182.436;7.194;66.418;0.0
UAV_16;541;5492.726;5457.242;182.651;7.145;69.383;0.0
UAV_16;542;5494.874;5464.008;182.868;7.102;72.387;0.0
UAV_16;543;5496.651;5470.842;183.085;7.065;75.426;0.0
UAV_16;544;5498.054;5477.732;183.302;7.035;78.493;0.0
UAV_16;545;5499.079;5484.665;183.52;7.011;81.584;0.0
UAV_16;546;5499.726;5491.626;183.738;6.995;84.693;0.0
UAV_16;547;5499.992;5498.604;183.956;6.986;87.813;0.0
UAV_16;548;5499.878;5505.584;184.175;6.985;90.937;0.0
UAV_16;549;5499.383;5512.553;184.393;6.99;94.06;0.0
UAV_16;550;5498.509;5519.499;184.61;7.004;97.174;0.0
UAV_16;551;5497.257;5526.408;184.828;7.024;100.273;0.0
UAV_16;552;5495.63;5533.266;185.045;7.052;103.35;0.0
UAV_16;553;5493.63;5540.061;185.262;7.086;106.401;0.0
UAV_16;554;5491.261;5546.779;185.478;7.127;109.419;0.0
UAV_16;555;5488.528;5553.409;185.693;7.174;112.401;0.0
UAV_16;556;5485.437;5559.937;185.908;7.226;115.341;0.0
UAV_16;557;5481.992;5566.351;186.122;7.283;118.238;0.0
UAV_16;558;5478.201;5572.638;186.334;7.345;121.087;0.0
UAV_16;559;5474.071;5578.788;186.546;7.411;123.887;0.0
UAV_16;560;5469.61;5584.787;186.756;7.479;126.637;0.0
UAV_16;561;5464.825;5590.625;186.965;7.551;129.336;0.0
UAV_16;562;5459.727;5596.29;187.173;7.624;131.983;0.0
UAV_16;563;5454.325;5601.773;187.379;7.699;134.579;0.0
UAV_16;564;5448.629;5607.061;187.584;7.775;137.125;0.0
UAV_16;565;5442.65;5612.145;187.786;7.851;139.621;0.0
UAV_16;566;5436.4;5617.017;187.987;7.927;142.07;0.0
UAV_16;567;5429.89;5621.665;188.187;8.002;144.472;0.0
UAV_16;568;5423.132;5626.082;188.384;8.075;146.83;0.0
UAV_16;569;5416.141;5630.258;188.579;8.147;149.146;0.0
UAV_16;570;5408.928;5634.187;188.772;8.216;151.423;0.0
UAV_16;571;5401.508;5637.861;188.962;8.282;153.662;0.0
UAV_16;572;5393.894;5641.272;189.15;8.345;155.867;0.0
UAV_16;573;5386.102;5644.414;189.336;8.404;158.039;0.0
UAV_16;574;5378.146;5647.281;189.519;8.459;160.182;0.0
UAV_16;575;5370.041;5649.868;189.7;8.509;162.299;0.0
UAV_16;576;5361.803;5652.169;189.878;8.555;164.391;0.0
UAV_16;577;5353.448;5654.181;190.053;8.596;166.462;0.0
UAV_16;578;5344.99;5655.899;190.225;8.632;168.515;0.0
UAV_16;579;5336.447;5657.321;190.394;8.662;170.553;0.0
UAV_16;580;5327.835;5658.443;190.561;8.687;172.577;0.0
UAV_16;581;5319.169;5659.263;190.724;8.706;174.591;0.0
UAV_16;582;5310.467;5659.781;190.884;8.719;176.598;0.0
UAV_16;583;5301.745;5659.994;191.04;8.726;178.6;0.0
UAV_16;584;5293.02;5659.903;191.193;8.727;180.6;0.0
UAV_16;585;5284.308;5659.507;191.343;8.722;182.601;0.0
UAV_16;586;5275.626;5658.807;191.49;8.711;184.606;0.0
UAV_16;587;5266.99;5657.806;191.632;8.695;186.616;0.0
UAV_16;588;5258.418;5656.504;191.771;8.672;188.636;0.0
UAV_16;589;5249.924;5654.904;191.907;8.644;190.668;0.0
UAV_16;590;5241.526;5653.009;192.039;8.61;192.714;0.0
UAV_16;591;5233.239;5650.823;192.166;8.571;194.778;0.0
UAV_16;592;5225.079;5648.349;192.29;8.527;196.862;0.0
UAV_16;593;5217.061;5645.594;192.41;8.479;198.968;0.0
UAV_16;594;5209.202;5642.561;192.526;8.425;201.1;0.0
UAV_16;595;5201.515;5639.257;192.638;8.367;203.261;0.0
UAV_16;596;5194.016;5635.688;192.746;8.306;205.452;0.0
UAV_16;597;5186.719;5631.86;192.85;8.241;207.677;0.0
UAV_16;598;5179.637;5627.782;192.949;8.173;209.938;0.0
UAV_16;599;5172.784;5623.46;193.045;8.102;212.238;0.0
UAV_16;600;5166.174;5618.903;193.135;8.029;214.579;0.0
UAV_17;0;6822.016;5602.862;197.511;21.0;234.0;0.0
UAV_17;1;6816.688;5596.761;197.574;8.1;228.872;0.0
UAV_17;2;6811.691;5590.485;197.633;8.023;231.469;0.0
UAV_17;3;6807.033;5584.046;197.688;7.947;234.116;0.0
UAV_17;4;6802.722;5577.456;197.738;7.875;236.813;0.0
UAV_17;5;6798.768;5570.726;197.784;7.806;239.559;0.0
UAV_17;6;6795.175;5563.869;197.826;7.741;242.352;0.0
UAV_17;7;6791.952;5556.896;197.863;7.681;245.19;0.0
UAV_17;8;6789.104;5549.821;197.896;7.627;248.071;0.0
UAV_17;9;6786.636;5542.657;197.924;7.578;250.992;0.0
UAV_17;10;6784.552;5535.415;197.948;7.535;253.948;0.0
UAV_17;11;6782.857;5528.11;197.967;7.5;256.934;0.0
UAV_17;12;6781.553;5520.753;197.982;7.471;259.947;0.0
UAV_17;13;6780.642;5513.36;197.993;7.449;262.98;0.0
UAV_17;14;6780.127;5505.942;197.999;7.435;266.027;0.0
UAV_17;15;6780.008;5498.514;198.0;7.429;269.083;0.0
UAV_17;16;6780.285;5491.089;197.997;7.431;272.14;0.0
UAV_17;17;6780.959;5483.679;197.989;7.44;275.193;0.0
UAV_17;18;6782.027;5476.299;197.977;7.457;278.236;0.0
UAV_17;19;6783.488;5468.961;197.96;7.481;281.261;0.0
UAV_17;20;6785.339;5461.68;197.939;7.513;284.264;0.0
UAV_17;21;6787.577;5454.468;197.914;7.552;287.239;0.0
UAV_17;22;6790.198;5447.337;197.883;7.597;290.181;0.0
UAV_17;23;6793.197;5440.302;197.849;7.648;293.086;0.0
UAV_17;24;6796.568;5433.374;197.81;7.705;295.95;0.0
UAV_17;25;6800.306;5426.566;197.767;7.767;298.771;0.0
UAV_17;26;6804.404;5419.89;197.719;7.833;301.545;0.0
UAV_17;27;6808.855;5413.359;197.667;7.903;304.271;0.0
UAV_17;28;6813.65;5406.984;197.61;7.977;306.948;0.0
UAV_17;29;6818.78;5400.777;197.549;8.054;309.576;0.0
UAV_17;30;6824.238;5394.748;197.484;8.132;312.153;0.0
UAV_17;31;6830.012;5388.909;197.415;8.212;314.68;0.0
UAV_17;32;6836.092;5383.271;197.341;8.293;317.158;0.0
UAV_17;33;6842.468;5377.842;197.263;8.374;319.589;0.0
UAV_17;34;6849.128;5372.634;197.181;8.455;321.972;0.0
UAV_17;35;6856.059;5367.655;197.095;8.535;324.311;0.0
UAV_17;36;6863.25;5362.915;197.004;8.613;326.607;0.0
UAV_17;37;6870.687;5358.422;196.91;8.69;328.862;0.0
UAV_17;38;6878.358;5354.184;196.812;8.764;331.078;0.0
UAV_17;39;6886.247;5350.209;196.709;8.835;333.258;0.0
UAV_17;40;6894.342;5346.503;196.603;8.903;335.404;0.0
UAV_17;41;6902.627;5343.075;196.493;8.967;337.518;0.0
UAV_17;42;6911.087;5339.929;196.379;9.027;339.603;0.0
UAV_17;43;6919.708;5337.071;196.261;9.083;341.661;0.0
UAV_17;44;6928.473;5334.507;196.14;9.133;343.696;0.0
UAV_17;45;6937.367;5332.242;196.015;9.179;345.709;0.0
UAV_17;46;6946.375;5330.278;195.886;9.22;347.703;0.0
UAV_17;47;6955.478;5328.621;195.754;9.254;349.681;0.0
UAV_17;48;6964.662;5327.272;195.618;9.283;351.646;0.0
UAV_17;49;6973.91;5326.235;195.479;9.307;353.6;0.0
UAV_17;50;6983.205;5325.511;195.336;9.324;355.545;0.0
UAV_17;51;6992.53;5325.101;195.19;9.335;357.484;0.0
UAV_17;52;7001.868;5325.006;195.041;9.34;359.42;0.0
UAV_17;53;7011.203;5325.227;194.889;9.339;1.355;0.0
UAV_17;54;7020.518;5325.763;194.733;9.332;3.291;0.0
UAV_17;55;7029.796;5326.612;194.575;9.318;5.233;0.0
UAV_17;56;7039.02;5327.775;194.413;9.299;7.181;0.0
UAV_17;57;7048.174;5329.247;194.249;9.273;9.138;0.0
UAV_17;58;7057.241;5331.027;194.082;9.242;11.108;0.0
UAV_17;59;7066.205;5333.112;193.912;9.205;13.092;0.0
UAV_17;60;7075.049;5335.497;193.74;9.162;15.094;0.0
UAV_17;61;7083.759;5338.179;193.565;9.115;17.115;0.0
UAV_17;62;7092.317;5341.153;193.387;9.062;19.159;0.0
UAV_17;63;7100.709;5344.413;193.207;9.005;21.228;0.0
UAV_17;64;7108.92;5347.953;193.024;8.943;23.324;0.0
UAV_17;65;7116.934;5351.767;192.84;8.878;25.451;0.0
UAV_17;66;7124.738;5355.848;192.653;8.808;27.61;0.0
UAV_17;67;7132.316;5360.189;192.464;8.736;29.804;0.0
UAV_17;68;7139.657;5364.782;192.273;8.661;32.035;0.0
UAV_17;69;7146.745;5369.619;192.08;8.584;34.306;0.0
UAV_17;70;7150.0;5374.69;191.886;6.029;57.311;0.0
UAV_17;71;7150.0;5379.988;191.689;5.301;90.0;0.0
UAV_17;72;7150.0;5385.501;191.491;5.517;90.0;0.0
UAV_17;73;7150.0;5391.222;191.291;5.724;90.0;0.0
UAV_17;74;7150.0;5397.138;191.09;5.919;90.0;0.0
UAV_17;75;7150.0;5403.239;190.888;6.105;90.0;0.0
UAV_17;76;7150.0;5409.515;190.684;6.279;90.0;0.0
UAV_17;77;7150.0;5415.954;190.479;6.442;90.0;0.0
UAV_17;78;7150.0;5422.544;190.272;6.594;90.0;0.0
UAV_17;79;7150.0;5429.274;190.065;6.733;90.0;0.0
UAV_17;80;7150.0;5436.131;189.857;6.861;90.0;0.0
UAV_17;81;7150.0;5443.104;189.648;6.976;90.0;0.0
UAV_17;82;7150.0;5450.179;189.438;7.078;90.0;0.0
UAV_17;83;7150.0;5457.343;189.228;7.168;90.0;0.0
UAV_17;84;7150.0;5464.585;189.017;7.245;90.0;0.0
UAV_17;85;7150.0;5471.89;188.806;7.309;90.0;0.0
UAV_17;86;7150.0;5479.247;188.594;7.359;90.0;0.0
UAV_17;87;7150.0;5486.64;188.382;7.397;90.0;0.0
UAV_17;88;7150.0;5494.058;188.17;7.421;90.0;0.0
UAV_17;89;7150.0;5501.486;187.958;7.431;90.0;0.0
UAV_17;90;7150.0;5508.911;187.745;7.429;90.0;0.0
UAV_17;91;7150.0;5516.321;187.533;7.413;90.0;0.0
UAV_17;92;7150.0;5523.701;187.321;7.383;90.0;0.0
UAV_17;93;7150.0;5531.039;187.11;7.34;90.0;0.0
UAV_17;94;7150.0;5538.32;186.898;7.285;90.0;0.0
UAV_17;95;7150.0;5545.532;186.688;7.216;90.0;0.0
UAV_17;96;7150.0;5552.663;186.478;7.133;90.0;0.0
UAV_17;97;7150.0;5559.698;186.268;7.039;90.0;0.0
UAV_17;98;7150.0;5566.626;186.06;6.931;90.0;0.0
UAV_17;99;7150.0;5573.434;185.852;6.811;90.0;0.0
UAV_17;100;7150.0;5580.11;185.645;6.679;90.0;0.0
UAV_17;101;7150.0;5586.641;185.439;6.534;90.0;0.0
UAV_17;102;7150.0;5593.016;185.235;6.378;90.0;0.0
UAV_17;103;7150.0;5599.223;185.031;6.211;90.0;0.0
UAV_17;104;7150.0;5605.252;184.829;6.032;90.0;0.0
UAV_17;105;7150.0;5611.091;184.629;5.842;90.0;0.0
UAV_17;106;7150.0;5616.729;184.43;5.642;90.0;0.0
UAV_17;107;7150.0;5622.158;184.232;5.432;90.0;0.0
UAV_17;108;7150.0;5627.366;184.036;5.212;90.0;0.0
UAV_17;109;7143.941;5632.345;183.842;7.845;140.59;0.0
UAV_17;110;7136.75;5637.085;183.65;8.615;146.607;0.0
UAV_17;111;7129.313;5641.578;183.46;8.691;148.862;0.0
UAV_17;112;7121.642;5645.816;183.272;8.765;151.078;0.0
UAV_17;113;7113.753;5649.791;183.086;8.836;153.258;0.0
UAV_17;114;7105.658;5653.497;182.902;8.904;155.404;0.0
UAV_17;115;7097.373;5656.925;182.721;8.968;157.518;0.0
UAV_17;116;7088.913;5660.071;182.542;9.028;159.603;0.0
UAV_17;117;7080.292;5662.929;182.365;9.084;161.661;0.0
UAV_17;118;7071.527;5665.493;182.191;9.134;163.696;0.0
UAV_17;119;7062.633;5667.758;182.02;9.18;165.709;0.0
UAV_17;120;7053.625;5669.722;181.851;9.22;167.703;0.0
UAV_17;121;7044.522;5671.379;181.685;9.255;169.681;0.0
UAV_17;122;7035.338;5672.728;181.522;9.284;171.646;0.0
UAV_17;123;7026.09;5673.765;181.361;9.307;173.6;0.0
UAV_17;124;7016.795;5674.489;181.204;9.324;175.545;0.0
UAV_17;125;7007.47;5674.899;181.05;9.335;177.484;0.0
UAV_17;126;6998.132;5674.994;180.899;9.34;179.42;0.0
UAV_17;127;6988.797;5674.773;180.751;9.339;181.355;0.0
UAV_17;128;6979.482;5674.237;180.607;9.331;183.291;0.0
UAV_17;129;6970.204;5673.388;180.465;9.318;185.233;0.0
UAV_17;130;6960.98;5672.225;180.327;9.298;187.181;0.0
UAV_17;131;6951.826;5670.753;180.193;9.273;189.138;0.0
UAV_17;132;6942.759;5668.973;180.062;9.241;191.108;0.0
UAV_17;133;6933.795;5666.888;179.935;9.204;193.092;0.0
UAV_17;134;6924.951;5664.503;179.811;9.161;195.094;0.0
UAV_17;135;6916.241;5661.821;179.691;9.114;197.115;0.0
UAV_17;136;6907.683;5658.847;179.575;9.061;199.159;0.0
UAV_17;137;6899.291;5655.587;179.463;9.004;201.228;0.0
UAV_17;138;6891.08;5652.047;179.354;8.942;203.324;0.0
UAV_17;139;6883.066;5648.233;179.249;8.876;205.451;0.0
UAV_17;140;6875.262;5644.152;179.148;8.807;207.61;0.0
UAV_17;141;6867.684;5639.811;179.052;8.735;209.804;0.0
UAV_17;142;6860.343;5635.218;178.959;8.659;212.035;0.0
UAV_17;143;6853.255;5630.381;178.87;8.582;214.306;0.0
UAV_17;144;6846.43;5625.31;178.786;8.503;216.619;0.0
UAV_17;145;6839.883;5620.012;178.705;8.423;218.976;0.0
UAV_17;146;6833.624;5614.499;178.629;8.342;221.378;0.0
UAV_17;147;6827.665;5608.778;178.557;8.26;223.827;0.0
UAV_17;148;6822.016;5602.862;178.489;8.18;226.325;0.0
UAV_17;149;6816.688;5596.761;178.426;8.1;228.872;0.0
UAV_17;150;6811.691;5590.485;178.367;8.023;231.469;0.0
UAV_17;151;6807.033;5584.046;178.312;7.947;234.116;0.0
UAV_17;152;6802.722;5577.456;178.262;7.875;236.813;0.0
UAV_17;153;6798.768;5570.726;178.216;7.806;239.559;0.0
UAV_17;154;6795.175;5563.869;178.174;7.741;242.352;0.0
UAV_17;155;6791.952;5556.896;178.137;7.681;245.19;0.0
UAV_17;156;6789.104;5549.821;178.104;7.627;248.071;0.0
UAV_17;157;6786.636;5542.657;178.076;7.578;250.992;0.0
UAV_17;158;6784.552;5535.415;178.052;7.535;253.948;0.0
UAV_17;159;6782.857;5528.11;178.033;7.5;256.934;0.0
UAV_17;160;6781.553;5520.753;178.018;7.471;259.947;0.0
UAV_17;161;6780.642;5513.36;178.007;7.449;262.98;0.0
UAV_17;162;6780.127;5505.942;178.001;7.435;266.027;0.0
UAV_17;163;6780.008;5498.514;178.0;7.429;269.083;0.0
UAV_17;164;6780.285;5491.089;178.003;7.431;272.14;0.0
UAV_17;165;6780.959;5483.679;178.011;7.44;275.193;0.0
UAV_17;166;6782.027;5476.299;178.023;7.457;278.236;0.0
UAV_17;167;6783.488;5468.961;178.04;7.481;281.261;0.0
UAV_17;168;6785.339;5461.68;178.061;7.513;284.264;0.0
UAV_17;169;6787.577;5454.468;178.086;7.552;287.239;0.0
UAV_17;170;6790.198;5447.337;178.117;7.597;290.181;0.0
UAV_17;171;6793.197;5440.302;178.151;7.648;293.086;0.0
UAV_17;172;6796.568;5433.374;178.19;7.705;295.95;0.0
UAV_17;173;6800.306;5426.566;178.233;7.767;298.771;0.0
UAV_17;174;6804.404;5419.89;178.281;7.833;301.545;0.0
UAV_17;175;6808.855;5413.359;178.333;7.903;304.271;0.0
UAV_17;176;6813.65;5406.984;178.39;7.977;306.948;0.0
UAV_17;177;6818.78;5400.777;178.451;8.054;309.576;0.0
UAV_17;178;6824.238;5394.748;178.516;8.132;312.153;0.0
UAV_17;179;6830.012;5388.909;178.585;8.212;314.68;0.0
UAV_17;180;6836.092;5383.271;178.659;8.293;317.158;0.0
UAV_17;181;6842.468;5377.842;178.737;8.374;319.589;0.0
UAV_17;182;6849.128;5372.634;178.819;8.455;321.972;0.0
UAV_17;183;6856.059;5367.655;178.905;8.535;324.311;0.0
UAV_17;184;6863.25;5362.915;178.996;8.613;326.607;0.0
UAV_17;185;6870.687;5358.422;179.09;8.69;328.862;0.0
UAV_17;186;6878.358;5354.184;179.188;8.764;331.078;0.0
UAV_17;187;6886.247;5350.209;179.291;8.835;333.258;0.0
UAV_17;188;6894.342;5346.503;179.397;8.903;335.404;0.0
UAV_17;189;6902.627;5343.075;179.507;8.967;337.518;0.0
UAV_17;190;6911.087;5339.929;179.621;9.027;339.603;0.0
UAV_17;191;6919.708;5337.071;179.739;9.083;341.661;0.0
UAV_17;192;6928.473;5334.507;179.86;9.133;343.696;0.0
UAV_17;193;6937.367;5332.242;179.985;9.179;345.709;0.0
UAV_17;194;6946.375;5330.278;180.114;9.22;347.703;0.0
UAV_17;195;6955.478;5328.621;180.246;9.254;349.681;0.0
UAV_17;196;6964.662;5327.272;180.382;9.283;351.646;0.0
UAV_17;197;6973.91;5326.235;180.521;9.307;353.6;0.0
UAV_17;198;6983.205;5325.511;180.664;9.324;355.545;0.0
UAV_17;199;6992.53;5325.101;180.81;9.335;357.484;0.0
UAV_17;200;7001.868;5325.006;180.959;9.34;359.42;0.0
UAV_17;201;7011.203;5325.227;181.111;9.339;1.355;0.0
UAV_17;202;7020.518;5325.763;181.267;9.332;3.291;0.0
UAV_17;203;7029.796;5326.612;181.425;9.318;5.233;0.0
UAV_17;204;7039.02;5327.775;181.587;9.299;7.181;0.0
UAV_17;205;7048.174;5329.247;181.751;9.273;9.138;0.0
UAV_17;206;7057.241;5331.027;181.918;9.242;11.108;0.0
UAV_17;207;7066.205;5333.112;182.088;9.205;13.092;0.0
UAV_17;208;7075.049;5335.497;182.26;9.162;15.094;0.0
UAV_17;209;7083.759;5338.179;182.435;9.115;17.115;0.0
UAV_17;210;7092.317;5341.153;182.613;9.062;19.159;0.0
UAV_17;211;7100.709;5344.413;182.793;9.005;21.228;0.0
UAV_17;212;7108.92;5347.953;182.976;8.943;23.324;0.0
UAV_17;213;7116.934;5351.767;183.16;8.878;25.451;0.0
UAV_17;214;7124.738;5355.848;183.347;8.808;27.61;0.0
UAV_17;215;7132.316;5360.189;183.536;8.736;29.804;0.0
UAV_17;216;7139.657;5364.782;183.727;8.661;32.035;0.0
UAV_17;217;7146.745;5369.619;183.92;8.584;34.306;0.0
UAV_17;218;7150.0;5374.69;184.114;6.029;57.311;0.0
UAV_17;219;7150.0;5379.988;184.311;5.301;90.0;0.0
UAV_17;220;7150.0;5385.501;184.509;5.517;90.0;0.0
UAV_17;221;7150.0;5391.222;184.709;5.724;90.0;0.0
UAV_17;222;7150.0;5397.138;184.91;5.919;90.0;0.0
UAV_17;223;7150.0;5403.239;185.112;6.105;90.0;0.0
UAV_17;224;7150.0;5409.515;185.316;6.279;90.0;0.0
UAV_17;225;7150.0;5415.954;185.521;6.442;90.0;0.0
UAV_17;226;7150.0;5422.544;185.728;6.594;90.0;0.0
UAV_17;227;7150.0;5429.274;185.935;6.733;90.0;0.0
UAV_17;228;7150.0;5436.131;186.143;6.861;90.0;0.0
UAV_17;229;7150.0;5443.104;186.352;6.976;90.0;0.0
UAV_17;230;7150.0;5450.179;186.562;7.078;90.0;0.0
UAV_17;231;7150.0;5457.343;186.772;7.168;90.0;0.0
UAV_17;232;7150.0;5464.585;186.983;7.245;90.0;0.0
UAV_17;233;7150.0;5471.89;187.194;7.309;90.0;0.0
UAV_17;234;7150.0;5479.247;187.406;7.359;90.0;0.0
UAV_17;235;7150.0;5486.64;187.618;7.397;90.0;0.0
UAV_17;236;7150.0;5494.058;187.83;7.421;90.0;0.0
UAV_17;237;7150.0;5501.486;188.042;7.431;90.0;0.0
UAV_17;238;7150.0;5508.911;188.255;7.429;90.0;0.0
UAV_17;239;7150.0;5516.321;188.467;7.413;90.0;0.0
UAV_17;240;7150.0;5523.701;188.679;7.383;90.0;0.0
UAV_17;241;7150.0;5531.039;188.89;7.34;90.0;0.0
UAV_17;242;7150.0;5538.32;189.102;7.285;90.0;0.0
UAV_17;243;7150.0;5545.532;189.312;7.216;90.0;0.0
UAV_17;244;7150.0;5552.663;189.522;7.133;90.0;0.0
UAV_17;245;7150.0;5559.698;189.732;7.039;90.0;0.0
UAV_17;246;7150.0;5566.626;189.94;6.931;90.0;0.0
UAV_17;247;7150.0;5573.434;190.148;6.811;90.0;0.0
UAV_17;248;7150.0;5580.11;190.355;6.679;90.0;0.0
UAV_17;249;7150.0;5586.641;190.561;6.534;90.0;0.0
UAV_17;250;7150.0;5593.016;190.765;6.378;90.0;0.0
UAV_17;251;7150.0;5599.223;190.969;6.211;90.0;0.0
UAV_17;252;7150.0;5605.252;191.171;6.032;90.0;0.0
UAV_17;253;7150.0;5611.091;191.371;5.842;90.0;0.0
UAV_17;254;7150.0;5616.729;191.57;5.642;90.0;0.0
UAV_17;255;7150.0;5622.158;191.768;5.432;90.0;0.0
UAV_17;256;7150.0;5627.366;191.964;5.212;90.0;0.0
UAV_17;257;7143.941;5632.345;192.158;7.845;140.59;0.0
UAV_17;258;7136.75;5637.085;192.35;8.615;146.607;0.0
UAV_17;259;7129.313;5641.578;192.54;8.691;148.862;0.0
UAV_17;260;7121.642;5645.816;192.728;8.765;151.078;0.0
UAV_17;261;7113.753;5649.791;192.914;8.836;153.258;0.0
UAV_17;262;7105.658;5653.497;193.098;8.904;155.404;0.0
UAV_17;263;7097.373;5656.925;193.279;8.968;157.518;0.0
UAV_17;264;7088.913;5660.071;193.458;9.028;159.603;0.0
UAV_17;265;7080.292;5662.929;193.635;9.084;161.661;0.0
UAV_17;266;7071.527;5665.493;193.809;9.134;163.696;0.0
UAV_17;267;7062.633;5667.758;193.98;9.18;165.709;0.0
UAV_17;268;7053.625;5669.722;194.149;9.22;167.703;0.0
UAV_17;269;7044.522;5671.379;194.315;9.255;169.681;0.0
UAV_17;270;7035.338;5672.728;194.478;9.284;171.646;0.0
UAV_17;271;7026.09;5673.765;194.639;9.307;173.6;0.0
UAV_17;272;7016.795;5674.489;194.796;9.324;175.545;0.0
UAV_17;273;7007.47;5674.899;194.95;9.335;177.484;0.0
UAV_17;274;6998.132;5674.994;195.101;9.34;179.42;0.0
UAV_17;275;6988.797;5674.773;195.249;9.339;181.355;0.0
UAV_17;276;6979.482;5674.237;195.393;9.331;183.291;0.0
UAV_17;277;6970.204;5673.388;195.535;9.318;185.233;0.0
UAV_17;278;6960.98;5672.225;195.673;9.298;187.181;0.0
UAV_17;279;6951.826;5670.753;195.807;9.273;189.138;0.0
UAV_17;280;6942.759;5668.973;195.938;9.241;191.108;0.0
UAV_17;281;6933.795;5666.888;196.065;9.204;193.092;0.0
UAV_17;282;6924.951;5664.503;196.189;9.161;195.094;0.0
UAV_17;283;6916.241;5661.821;196.309;9.114;197.115;0.0
UAV_17;284;6907.683;5658.847;196.425;9.061;199.159;0.0
UAV_17;285;6899.291;5655.587;196.537;9.004;201.228;0.0
UAV_17;286;6891.08;5652.047;196.646;8.942;203.324;0.0
UAV_17;287;6883.066;5648.233;196.751;8.876;205.451;0.0
UAV_17;288;6875.262;5644.152;196.852;8.807;207.61;0.0
UAV_17;289;6867.684;5639.811;196.948;8.735;209.804;0.0
UAV_17;290;6860.343;5635.218;197.041;8.659;212.035;0.0
UAV_17;291;6853.255;5630.381;197.13;8.582;214.306;0.0
UAV_17;292;6846.43;5625.31;197.214;8.503;216.619;0.0
UAV_17;293;6839.883;5620.012;197.295;8.423;218.976;0.0
UAV_17;294;6833.624;5614.499;197.371;8.342;221.378;0.0
UAV_17;295;6827.665;5608.778;197.443;8.26;223.827;0.0
UAV_17;296;6822.016;5602.862;197.511;8.18;226.325;0.0
UAV_17;297;6816.688;5596.761;197.574;8.1;228.872;0.0
UAV_17;298;6811.691;5590.485;197.633;8.023;231.469;0.0
UAV_17;299;6807.033;5584.046;197.688;7.947;234.116;0.0
UAV_17;300;6802.722;5577.456;197.738;7.875;236.813;0.0
UAV_17;301;6798.768;5570.726;197.784;7.806;239.559;0.0
UAV_17;302;6795.175;5563.869;197.826;7.741;242.352;0.0
UAV_17;303;6791.952;5556.896;197.863;7.681;245.19;0.0
UAV_17;304;6789.104;5549.821;197.896;7.627;248.071;0.0
UAV_17;305;6786.636;5542.657;197.924;7.578;250.992;0.0
UAV_17;306;6784.552;5535.415;197.948;7.535;253.948;0.0
UAV_17;307;6782.857;5528.11;197.967;7.5;256.934;0.0
UAV_17;308;6781.553;5520.753;197.982;7.471;259.947;0.0
UAV_17;309;6780.642;5513.36;197.993;7.449;262.98;0.0
UAV_17;310;6780.127;5505.942;197.999;7.435;266.027;0.0
UAV_17;311;6780.008;5498.514;198.0;7.429;269.083;0.0
UAV_17;312;6780.285;5491.089;197.997;7.431;272.14;0.0
UAV_17;313;6780.959;5483.679;197.989;7.44;275.193;0.0
UAV_17;314;6782.027;5476.299;197.977;7.457;278.236;0.0
UAV_17;315;6783.488;5468.961;197.96;7.481;281.261;0.0
UAV_17;316;6785.339;5461.68;197.939;7.513;284.264;0.0
UAV_17;317;6787.577;5454.468;197.914;7.552;287.239;0.0
UAV_17;318;6790.198;5447.337;197.883;7.597;290.181;0.0
UAV_17;319;6793.197;5440.302;197.849;7.648;293.086;0.0
UAV_17;320;6796.568;5433.374;197.81;7.705;295.95;0.0
UAV_17;321;6800.306;5426.566;197.767;7.767;298.771;0.0
UAV_17;322;6804.404;5419.89;197.719;7.833;301.545;0.0
UAV_17;323;6808.855;5413.359;197.667;7.903;304.271;0.0
UAV_17;324;6813.65;5406.984;197.61;7.977;306.948;0.0
UAV_17;325;6818.78;5400.777;197.549;8.054;309.576;0.0
UAV_17;326;6824.238;5394.748;197.484;8.132;312.153;0.0
UAV_17;327;6830.012;5388.909;197.415;8.212;314.68;0.0
UAV_17;328;6836.092;5383.271;197.341;8.293;317.158;0.0
UAV_17;329;6842.468;5377.842;197.263;8.374;319.589;0.0
UAV_17;330;6849.128;5372.634;197.181;8.455;321.972;0.0
UAV_17;331;6856.059;5367.655;197.095;8.535;324.311;0.0
UAV_17;332;6863.25;5362.915;197.004;8.613;326.607;0.0
UAV_17;333;6870.687;5358.422;196.91;8.69;328.862;0.0
UAV_17;334;6878.358;5354.184;196.812;8.764;331.078;0.0
UAV_17;335;6886.247;5350.209;196.709;8.835;333.258;0.0
UAV_17;336;6894.342;5346.503;196.603;8.903;335.404;0.0
UAV_17;337;6902.627;5343.075;196.493;8.967;337.518;0.0
UAV_17;338;6911.087;5339.929;196.379;9.027;339.603;0.0
UAV_17;339;6919.708;5337.071;196.261;9.083;341.661;0.0
UAV_17;340;6928.473;5334.507;196.14;9.133;343.696;0.0
UAV_17;341;6937.367;5332.242;196.015;9.179;345.709;0.0
UAV_17;342;6946.375;5330.278;195.886;9.22;347.703;0.0
UAV_17;343;6955.478;5328.621;195.754;9.254;349.681;0.0
UAV_17;344;6964.662;5327.272;195.618;9.283;351.646;0.0
UAV_17;345;6973.91;5326.235;195.479;9.307;353.6;0.0
UAV_17;346;6983.205;5325.511;195.336;9.324;355.545;0.0
UAV_17;347;6992.53;5325.101;195.19;9.335;357.484;0.0
UAV_17;348;7001.868;5325.006;195.041;9.34;359.42;0.0
UAV_17;349;7011.203;5325.227;194.889;9.339;1.355;0.0
UAV_17;350;7020.518;5325.763;194.733;9.332;3.291;0.0
UAV_17;351;7029.796;5326.612;194.575;9.318;5.233;0.0
UAV_17;352;7039.02;5327.775;194.413;9.299;7.181;0.0
UAV_17;353;7048.174;5329.247;194.249;9.273;9.138;0.0
UAV_17;354;7057.241;5331.027;194.082;9.242;11.108;0.0
UAV_17;355;7066.205;5333.112;193.912;9.205;13.092;0.0
UAV_17;356;7075.049;5335.497;193.74;9.162;15.094;0.0
UAV_17;357;7083.759;5338.179;193.565;9.115;17.115;0.0
UAV_17;358;7092.317;5341.153;193.387;9.062;19.159;0.0
UAV_17;359;7100.709;5344.413;193.207;9.005;21.228;0.0
UAV_17;360;7108.92;5347.953;193.024;8.943;23.324;0.0
UAV_17;361;7116.934;5351.767;192.84;8.878;25.451;0.0
UAV_17;362;7124.738;5355.848;192.653;8.808;27.61;0.0
UAV_17;363;7132.316;5360.189;192.464;8.736;29.804;0.0
UAV_17;364;7139.657;5364.782;192.273;8.661;32.035;0.0
UAV_17;365;7146.745;5369.619;192.08;8.584;34.306;0.0
UAV_17;366;7150.0;5374.69;191.886;6.029;57.311;0.0
UAV_17;367;7150.0;5379.988;191.689;5.301;90.0;0.0
UAV_17;368;7150.0;5385.501;191.491;5.517;90.0;0.0
UAV_17;369;7150.0;5391.222;191.291;5.724;90.0;0.0
UAV_17;370;7150.0;5397.138;191.09;5.919;90.0;0.0
UAV_17;371;7150.0;5403.239;190.888;6.105;90.0;0.0
UAV_17;372;7150.0;5409.515;190.684;6.279;90.0;0.0
UAV_17;373;7150.0;5415.954;190.479;6.442;90.0;0.0
UAV_17;374;7150.0;5422.544;190.272;6.594;90.0;0.0
UAV_17;375;7150.0;5429.274;190.065;6.733;90.0;0.0
UAV_17;376;7150.0;5436.131;189.857;6.861;90.0;0.0
UAV_17;377;7150.0;5443.104;189.648;6.976;90.0;0.0
UAV_17;378;7150.0;5450.179;189.438;7.078;90.0;0.0
UAV_17;379;7150.0;5457.343;189.228;7.168;90.0;0.0
UAV_17;380;7150.0;5464.585;189.017;7.245;90.0;0.0
UAV_17;381;7150.0;5471.89;188.806;7.309;90.0;0.0
UAV_17;382;7150.0;5479.247;188.594;7.359;90.0;0.0
UAV_17;383;7150.0;5486.64;188.382;7.397;90.0;0.0
UAV_17;384;7150.0;5494.058;188.17;7.421;90.0;0.0
UAV_17;385;7150.0;5501.486;187.958;7.431;90.0;0.0
UAV_17;386;7150.0;5508.911;187.745;7.429;90.0;0.0
UAV_17;387;7150.0;5516.321;187.533;7.413;90.0;0.0
UAV_17;388;7150.0;5523.701;187.321;7.383;90.0;0.0
UAV_17;389;7150.0;5531.039;187.11;7.34;90.0;0.0
UAV_17;390;7150.0;5538.32;186.898;7.285;90.0;0.0
UAV_17;391;7150.0;5545.532;186.688;7.216;90.0;0.0
UAV_17;392;7150.0;5552.663;186.478;7.133;90.0;0.0
UAV_17;393;7150.0;5559.698;186.268;7.039;90.0;0.0
UAV_17;394;7150.0;5566.626;186.06;6.931;90.0;0.0
UAV_17;395;7150.0;5573.434;185.852;6.811;90.0;0.0
UAV_17;396;7150.0;5580.11;185.645;6.679;90.0;0.0
UAV_17;397;7150.0;5586.641;185.439;6.534;90.0;0.0
UAV_17;398;7150.0;5593.016;185.235;6.378;90.0;0.0
UAV_17;399;7150.0;5599.223;185.031;6.211;90.0;0.0
UAV_17;400;7150.0;5605.252;184.829;6.032;90.0;0.0
UAV_17;401;7150.0;5611.091;184.629;5.842;90.0;0.0
UAV_17;402;7150.0;5616.729;184.43;5.642;90.0;0.0
UAV_17;403;7150.0;5622.158;184.232;5.432;90.0;0.0
UAV_17;404;7150.0;5627.366;184.036;5.212;90.0;0.0
UAV_17;405;7143.941;5632.345;183.842;7.845;140.59;0.0
UAV_17;406;7136.75;5637.085;183.65;8.615;146.607;0.0
UAV_17;407;7129.313;5641.578;183.46;8.691;148.862;0.0
UAV_17;408;7121.642;5645.816;183.272;8.765;151.078;0.0
UAV_17;409;7113.753;5649.791;183.086;8.836;153.258;0.0
UAV_17;410;7105.658;5653.497;182.902;8.904;155.404;0.0
UAV_17;411;7097.373;5656.925;182.721;8.968;157.518;0.0
UAV_17;412;7088.913;5660.071;182.542;9.028;159.603;0.0
UAV_17;413;7080.292;5662.929;182.365;9.084;161.661;0.0
UAV_17;414;7071.527;5665.493;182.191;9.134;163.696;0.0
UAV_17;415;7062.633;5667.758;182.02;9.18;165.709;0.0
UAV_17;416;7053.625;5669.722;181.851;9.22;167.703;0.0
UAV_17;417;7044.522;5671.379;181.685;9.255;169.681;0.0
UAV_17;418;7035.338;5672.728;181.522;9.284;171.646;0.0
UAV_17;419;7026.09;5673.765;181.361;9.307;173.6;0.0
UAV_17;420;7016.795;5674.489;181.204;9.324;175.545;0.0
UAV_17;421;7007.47;5674.899;181.05;9.335;177.484;0.0
UAV_17;422;6998.132;5674.994;180.899;9.34;179.42;0.0
UAV_17;423;6988.797;5674.773;180.751;9.339;181.355;0.0
UAV_17;424;6979.482;5674.237;180.607;9.331;183.291;0.0
UAV_17;425;6970.204;5673.388;180.465;9.318;185.233;0.0
UAV_17;426;6960.98;5672.225;180.327;9.298;187.181;0.0
UAV_17;427;6951.826;5670.753;180.193;9.273;189.138;0.0
UAV_17;428;6942.759;5668.973;180.062;9.241;191.108;0.0
UAV_17;429;6933.795;5666.888;179.935;9.204;193.092;0.0
UAV_17;430;6924.951;5664.503;179.811;9.161;195.094;0.0
UAV_17;431;6916.241;5661.821;179.691;9.114;197.115;0.0
UAV_17;432;6907.683;5658.847;179.575;9.061;199.159;0.0
UAV_17;433;6899.291;5655.587;179.463;9.004;201.228;0.0
UAV_17;434;6891.08;5652.047;179.354;8.942;203.324;0.0
UAV_17;435;6883.066;5648.233;179.249;8.876;205.451;0.0
UAV_17;436;6875.262;5644.152;179.148;8.807;207.61;0.0
UAV_17;437;6867.684;5639.811;179.052;8.735;209.804;0.0
UAV_17;438;6860.343;5635.218;178.959;8.659;212.035;0.0
UAV_17;439;6853.255;5630.381;178.87;8.582;214.306;0.0
UAV_17;440;6846.43;5625.31;178.786;8.503;216.619;0.0
UAV_17;441;6839.883;5620.012;178.705;8.423;218.976;0.0
UAV_17;442;6833.624;5614.499;178.629;8.342;221.378;0.0
UAV_17;443;6827.665;5608.778;178.557;8.26;223.827;0.0
UAV_17;444;6822.016;5602.862;178.489;8.18;226.325;0.0
UAV_17;445;6816.688;5596.761;178.426;8.1;228.872;0.0
UAV_17;446;6811.691;5590.485;178.367;8.023;231.469;0.0
UAV_17;447;6807.033;5584.046;178.312;7.947;234.116;0.0
UAV_17;448;6802.722;5577.456;178.262;7.875;236.813;0.0
UAV_17;449;6798.768;5570.726;178.216;7.806;239.559;0.0
UAV_17;450;6795.175;5563.869;178.174;7.741;242.352;0.0
UAV_17;451;6791.952;5556.896;178.137;7.681;245.19;0.0
UAV_17;452;6789.104;5549.821;178.104;7.627;248.071;0.0
UAV_17;453;6786.636;5542.657;178.076;7.578;250.992;0.0
UAV_17;454;6784.552;5535.415;178.052;7.535;253.948;0.0
UAV_17;455;6782.857;5528.11;178.033;7.5;256.934;0.0
UAV_17;456;6781.553;5520.753;178.018;7.471;259.947;0.0
UAV_17;457;6780.642;5513.36;178.007;7.449;262.98;0.0
UAV_17;458;6780.127;5505.942;178.001;7.435;266.027;0.0
UAV_17;459;6780.008;5498.514;178.0;7.429;269.083;0.0
UAV_17;460;6780.285;5491.089;178.003;7.431;272.14;0.0
UAV_17;461;6780.959;5483.679;178.011;7.44;275.193;0.0
UAV_17;462;6782.027;5476.299;178.023;7.457;278.236;0.0
UAV_17;463;6783.488;5468.961;178.04;7.481;281.261;0.0
UAV_17;464;6785.339;5461.68;178.061;7.513;284.264;0.0
UAV_17;465;6787.577;5454.468;178.086;7.552;287.239;0.0
UAV_17;466;6790.198;5447.337;178.117;7.597;290.181;0.0
UAV_17;467;6793.197;5440.302;178.151;7.648;293.086;0.0
UAV_17;468;6796.568;5433.374;178.19;7.705;295.95;0.0
UAV_17;469;6800.306;5426.566;178.233;7.767;298.771;0.0
UAV_17;470;6804.404;5419.89;178.281;7.833;301.545;0.0
UAV_17;471;6808.855;5413.359;178.333;7.903;304.271;0.0
UAV_17;472;6813.65;5406.984;178.39;7.977;306.948;0.0
UAV_17;473;6818.78;5400.777;178.451;8.054;309.576;0.0
UAV_17;474;6824.238;5394.748;178.516;8.132;312.153;0.0
UAV_17;475;6830.012;5388.909;178.585;8.212;314.68;0.0
UAV_17;476;6836.092;5383.271;178.659;8.293;317.158;0.0
UAV_17;477;6842.468;5377.842;178.737;8.374;319.589;0.0
UAV_17;478;6849.128;5372.634;178.819;8.455;321.972;0.0
UAV_17;479;6856.059;5367.655;178.905;8.535;324.311;0.0
UAV_17;480;6863.25;5362.915;178.996;8.613;326.607;0.0
UAV_17;481;6870.687;5358.422;179.09;8.69;328.862;0.0
UAV_17;482;6878.358;5354.184;179.188;8.764;331.078;0.0
UAV_17;483;6886.247;5350.209;179.291;8.835;333.258;0.0
UAV_17;484;6894.342;5346.503;179.397;8.903;335.404;0.0
UAV_17;485;6902.627;5343.075;179.507;8.967;337.518;0.0
UAV_17;486;6911.087;5339.929;179.621;9.027;339.603;0.0
UAV_17;487;6919.708;5337.071;179.739;9.083;341.661;0.0
UAV_17;488;6928.473;5334.507;179.86;9.133;343.696;0.0
UAV_17;489;6937.367;5332.242;179.985;9.179;345.709;0.0
UAV_17;490;6946.375;5330.278;180.114;9.22;347.703;0.0
UAV_17;491;6955.478;5328.621;180.246;9.254;349.681;0.0
UAV_17;492;6964.662;5327.272;180.382;9.283;351.646;0.0
UAV_17;493;6973.91;5326.235;180.521;9.307;353.6;0.0
UAV_17;494;6983.205;5325.511;180.664;9.324;355.545;0.0
UAV_17;495;6992.53;5325.101;180.81;9.335;357.484;0.0
UAV_17;496;7001.868;5325.006;180.959;9.34;359.42;0.0
UAV_17;497;7011.203;5325.227;181.111;9.339;1.355;0.0
UAV_17;498;7020.518;5325.763;181.267;9.332;3.291;0.0
UAV_17;499;7029.796;5326.612;181.425;9.318;5.233;0.0
UAV_17;500;7039.02;5327.775;181.587;9.299;7.181;0.0
UAV_17;501;7048.174;5329.247;181.751;9.273;9.138;0.0
UAV_17;502;7057.241;5331.027;181.918;9.242;11.108;0.0
UAV_17;503;7066.205;5333.112;182.088;9.205;13.092;0.0
UAV_17;504;7075.049;5335.497;182.26;9.162;15.094;0.0
UAV_17;505;7083.759;5338.179;182.435;9.115;17.115;0.0
UAV_17;506;7092.317;5341.153;182.613;9.062;19.159;0.0
UAV_17;507;7100.709;5344.413;182.793;9.005;21.228;0.0
UAV_17;508;7108.92;5347.953;182.976;8.943;23.324;0.0
UAV_17;509;7116.934;5351.767;183.16;8.878;25.451;0.0
UAV_17;510;7124.738;5355.848;183.347;8.808;27.61;0.0
UAV_17;511;7132.316;5360.189;183.536;8.736;29.804;0.0
UAV_17;512;7139.657;5364.782;183.727;8.661;32.035;0.0
UAV_17;513;7146.745;5369.619;183.92;8.584;34.306;0.0
UAV_17;514;7150.0;5374.69;184.114;6.029;57.311;0.0
UAV_17;515;7150.0;5379.988;184.311;5.301;90.0;0.0
UAV_17;516;7150.0;5385.501;184.509;5.517;90.0;0.0
UAV_17;517;7150.0;5391.222;184.709;5.724;90.0;0.0
UAV_17;518;7150.0;5397.138;184.91;5.919;90.0;0.0
UAV_17;519;7150.0;5403.239;185.112;6.105;90.0;0.0
UAV_17;520;7150.0;5409.515;185.316;6.279;90.0;0.0
UAV_17;521;7150.0;5415.954;185.521;6.442;90.0;0.0
UAV_17;522;7150.0;5422.544;185.728;6.594;90.0;0.0
UAV_17;523;7150.0;5429.274;185.935;6.733;90.0;0.0
UAV_17;524;7150.0;5436.131;186.143;6.861;90.0;0.0
UAV_17;525;7150.0;5443.104;186.352;6.976;90.0;0.0
UAV_17;526;7150.0;5450.179;186.562;7.078;90.0;0.0
UAV_17;527;7150.0;5457.343;186.772;7.168;90.0;0.0
UAV_17;528;7150.0;5464.585;186.983;7.245;90.0;0.0
UAV_17;529;7150.0;5471.89;187.194;7.309;90.0;0.0
UAV_17;530;7150.0;5479.247;187.406;7.359;90.0;0.0
UAV_17;531;7150.0;5486.64;187.618;7.397;90.0;0.0
UAV_17;532;7150.0;5494.058;187.83;7.421;90.0;0.0
UAV_17;533;7150.0;5501.486;188.042;7.431;90.0;0.0
UAV_17;534;7150.0;5508.911;188.255;7.429;90.0;0.0
UAV_17;535;7150.0;5516.321;188.467;7.413;90.0;0.0
UAV_17;536;7150.0;5523.701;188.679;7.383;90.0;0.0
UAV_17;537;7150.0;5531.039;188.89;7.34;90.0;0.0
UAV_17;538;7150.0;5538.32;189.102;7.285;90.0;0.0
UAV_17;539;7150.0;5545.532;189.312;7.216;90.0;0.0
UAV_17;540;7150.0;5552.663;189.522;7.133;90.0;0.0
UAV_17;541;7150.0;5559.698;189.732;7.039;90.0;0.0
UAV_17;542;7150.0;5566.626;189.94;6.931;90.0;0.0
UAV_17;543;7150.0;5573.434;190.148;6.811;90.0;0.0
UAV_17;544;7150.0;5580.11;190.355;6.679;90.0;0.0
UAV_17;545;7150.0;5586.641;190.561;6.534;90.0;0.0
UAV_17;546;7150.0;5593.016;190.765;6.378;90.0;0.0
UAV_17;547;7150.0;5599.223;190.969;6.211;90.0;0.0
UAV_17;548;7150.0;5605.252;191.171;6.032;90.0;0.0
UAV_17;549;7150.0;5611.091;191.371;5.842;90.0;0.0
UAV_17;550;7150.0;5616.729;191.57;5.642;90.0;0.0
UAV_17;551;7150.0;5622.158;191.768;5.432;90.0;0.0
UAV_17;552;7150.0;5627.366;191.964;5.212;90.0;0.0
UAV_17;553;7143.941;5632.345;192.158;7.845;140.59;0.0
UAV_17;554;7136.75;5637.085;192.35;8.615;146.607;0.0
UAV_17;555;7129.313;5641.578;192.54;8.691;148.862;0.0
UAV_17;556;7121.642;5645.816;192.728;8.765;151.078;0.0
UAV_17;557;7113.753;5649.791;192.914;8.836;153.258;0.0
UAV_17;558;7105.658;5653.497;193.098;8.904;155.404;0.0
UAV_17;559;7097.373;5656.925;193.279;8.968;157.518;0.0
UAV_17;560;7088.913;5660.071;193.458;9.028;159.603;0.0
UAV_17;561;7080.292;5662.929;193.635;9.084;161.661;0.0
UAV_17;562;7071.527;5665.493;193.809;9.134;163.696;0.0
UAV_17;563;7062.633;5667.758;193.98;9.18;165.709;0.0
UAV_17;564;7053.625;5669.722;194.149;9.22;167.703;0.0
UAV_17;565;7044.522;5671.379;194.315;9.255;169.681;0.0
UAV_17;566;7035.338;5672.728;194.478;9.284;171.646;0.0
UAV_17;567;7026.09;5673.765;194.639;9.307;173.6;0.0
UAV_17;568;7016.795;5674.489;194.796;9.324;175.545;0.0
UAV_17;569;7007.47;5674.899;194.95;9.335;177.484;0.0
UAV_17;570;6998.132;5674.994;195.101;9.34;179.42;0.0
UAV_17;571;6988.797;5674.773;195.249;9.339;181.355;0.0
UAV_17;572;6979.482;5674.237;195.393;9.331;183.291;0.0
UAV_17;573;6970.204;5673.388;195.535;9.318;185.233;0.0
UAV_17;574;6960.98;5672.225;195.673;9.298;187.181;0.0
UAV_17;575;6951.826;5670.753;195.807;9.273;189.138;0.0
UAV_17;576;6942.759;5668.973;195.938;9.241;191.108;0.0
UAV_17;577;6933.795;5666.888;196.065;9.204;193.092;0.0
UAV_17;578;6924.951;5664.503;196.189;9.161;195.094;0.0
UAV_17;579;6916.241;5661.821;196.309;9.114;197.115;0.0
UAV_17;580;6907.683;5658.847;196.425;9.061;199.159;0.0
UAV_17;581;6899.291;5655.587;196.537;9.004;201.228;0.0
UAV_17;582;6891.08;5652.047;196.646;8.942;203.324;0.0
UAV_17;583;6883.066;5648.233;196.751;8.876;205.451;0.0
UAV_17;584;6875.262;5644.152;196.852;8.807;207.61;0.0
UAV_17;585;6867.684;5639.811;196.948;8.735;209.804;0.0
UAV_17;586;6860.343;5635.218;197.041;8.659;212.035;0.0
UAV_17;587;6853.255;5630.381;197.13;8.582;214.306;0.0
UAV_17;588;6846.43;5625.31;197.214;8.503;216.619;0.0
UAV_17;589;6839.883;5620.012;197.295;8.423;218.976;0.0
UAV_17;590;6833.624;5614.499;197.371;8.342;221.378;0.0
UAV_17;591;6827.665;5608.778;197.443;8.26;223.827;0.0
UAV_17;592;6822.016;5602.862;197.511;8.18;226.325;0.0
UAV_17;593;6816.688;5596.761;197.574;8.1;228.872;0.0
UAV_17;594;6811.691;5590.485;197.633;8.023;231.469;0.0
UAV_17;595;6807.033;5584.046;197.688;7.947;234.116;0.0
UAV_17;596;6802.722;5577.456;197.738;7.875;236.813;0.0
UAV_17;597;6798.768;5570.726;197.784;7.806;239.559;0.0
UAV_17;598;6795.175;5563.869;197.826;7.741;242.352;0.0
UAV_17;599;6791.952;5556.896;197.863;7.681;245.19;0.0
UAV_17;600;6789.104;5549.821;197.896;7.627;248.071;0.0
UAV_18;0;5150.0;6988.321;201.511;22.0;306.0;0.0
UAV_18;1;5150.0;6982.064;201.445;6.257;270.0;0.0
UAV_18;2;5150.0;6976.009;201.375;6.056;270.0;0.0
UAV_18;3;5150.0;6970.165;201.301;5.844;270.0;0.0
UAV_18;4;5150.0;6964.544;201.223;5.622;270.0;0.0
UAV_18;5;5150.0;6959.153;201.141;5.391;270.0;0.0
UAV_18;6;5150.0;6954.004;201.055;5.15;270.0;0.0
UAV_18;7;5154.16;6949.104;200.966;6.428;310.328;0.0
UAV_18;8;5162.161;6944.461;200.872;9.251;329.878;0.0
UAV_18;9;5170.398;6940.085;200.775;9.328;332.016;0.0
UAV_18;10;5178.856;6935.981;200.674;9.402;334.12;0.0
UAV_18;11;5187.522;6932.158;200.569;9.472;336.193;0.0
UAV_18;12;5196.379;6928.622;200.461;9.538;338.235;0.0
UAV_18;13;5205.413;6925.378;200.349;9.6;340.25;0.0
UAV_18;14;5214.609;6922.433;200.233;9.657;342.241;0.0
UAV_18;15;5223.951;6919.791;200.114;9.709;344.209;0.0
UAV_18;16;5233.423;6917.457;199.992;9.756;346.157;0.0
UAV_18;17;5243.009;6915.435;199.866;9.797;348.088;0.0
UAV_18;18;5252.692;6913.728;199.737;9.833;350.003;0.0
UAV_18;19;5262.456;6912.339;199.604;9.863;351.906;0.0
UAV_18;20;5272.284;6911.271;199.468;9.887;353.798;0.0
UAV_18;21;5282.159;6910.526;199.329;9.904;355.683;0.0
UAV_18;22;5292.065;6910.104;199.187;9.916;357.562;0.0
UAV_18;23;5301.984;6910.006;199.042;9.921;359.437;0.0
UAV_18;24;5311.9;6910.234;198.894;9.92;1.313;0.0
UAV_18;25;5321.796;6910.785;198.742;9.912;3.189;0.0
UAV_18;26;5331.654;6911.66;198.588;9.898;5.07;0.0
UAV_18;27;5341.458;6912.856;198.431;9.878;6.958;0.0
UAV_18;28;5351.192;6914.373;198.272;9.852;8.854;0.0
UAV_18;29;5360.838;6916.206;198.109;9.82;10.761;0.0
UAV_18;30;5370.38;6918.353;197.945;9.782;12.683;0.0
UAV_18;31;5379.802;6920.811;197.777;9.739;14.62;0.0
UAV_18;32;5389.087;6923.575;197.607;9.69;16.576;0.0
UAV_18;33;5398.221;6926.64;197.435;9.635;18.552;0.0
UAV_18;34;5407.186;6930.001;197.26;9.577;20.553;0.0
UAV_18;35;5415.968;6933.653;197.083;9.513;22.579;0.0
UAV_18;36;5424.553;6937.589;196.904;9.445;24.633;0.0
UAV_18;37;5432.924;6941.803;196.723;9.374;26.717;0.0
UAV_18;38;5441.068;6946.287;196.54;9.299;28.835;0.0
UAV_18;39;5448.972;6951.033;196.355;9.221;30.988;0.0
UAV_18;40;5456.621;6956.034;196.168;9.14;33.178;0.0
UAV_18;41;5464.002;6961.281;195.979;9.058;35.407;0.0
UAV_18;42;5471.103;6966.765;195.789;8.974;37.678;0.0
UAV_18;43;5477.912;6972.477;195.597;8.889;39.992;0.0
UAV_18;44;5484.416;6978.406;195.403;8.804;42.351;0.0
UAV_18;45;5490.606;6984.543;195.208;8.719;44.756;0.0
UAV_18;46;5496.47;6990.878;195.011;8.634;47.208;0.0
UAV_18;47;5501.998;6997.398;194.814;8.551;49.709;0.0
UAV_18;48;5507.182;7004.095;194.615;8.47;52.258;0.0
UAV_18;49;5512.011;7010.955;194.415;8.392;54.855;0.0
UAV_18;50;5516.478;7017.967;194.214;8.317;57.501;0.0
UAV_18;51;5520.575;7025.119;194.012;8.245;60.194;0.0
UAV_18;52;5524.295;7032.399;193.809;8.178;62.932;0.0
UAV_18;53;5527.633;7039.795;193.605;8.116;65.714;0.0
UAV_18;54;5530.581;7047.293;193.401;8.06;68.536;0.0
UAV_18;55;5533.135;7054.882;193.196;8.01;71.397;0.0
UAV_18;56;5535.291;7062.548;192.99;7.966;74.291;0.0
UAV_18;57;5537.045;7070.277;192.785;7.929;77.215;0.0
UAV_18;58;5538.394;7078.058;192.578;7.899;80.164;0.0
UAV_18;59;5539.336;7085.876;192.372;7.877;83.131;0.0
UAV_18;60;5539.869;7093.718;192.165;7.863;86.113;0.0
UAV_18;61;5539.992;7101.571;191.959;7.857;89.103;0.0
UAV_18;62;5539.705;7109.421;191.752;7.858;92.094;0.0
UAV_18;63;5539.008;7117.255;191.545;7.868;95.081;0.0
UAV_18;64;5537.903;7125.06;191.339;7.885;98.058;0.0
UAV_18;65;5536.392;7132.821;191.133;7.91;101.019;0.0
UAV_18;66;5534.477;7140.527;190.927;7.943;103.958;0.0
UAV_18;67;5532.161;7148.163;190.722;7.982;106.87;0.0
UAV_18;68;5529.449;7155.718;190.517;8.029;109.752;0.0
UAV_18;69;5526.344;7163.176;190.313;8.082;112.597;0.0
UAV_18;70;5522.853;7170.527;190.11;8.14;115.404;0.0
UAV_18;71;5518.981;7177.758;189.907;8.204;118.169;0.0
UAV_18;72;5514.735;7184.856;189.706;8.273;120.889;0.0
UAV_18;73;5510.122;7191.808;189.505;8.346;123.563;0.0
UAV_18;74;5505.15;7198.604;189.305;8.423;126.189;0.0
UAV_18;75;5499.828;7205.232;189.107;8.502;128.768;0.0
UAV_18;76;5494.164;7211.679;188.91;8.584;131.297;0.0
UAV_18;77;5488.169;7217.936;188.714;8.668;133.778;0.0
UAV_18;78;5481.852;7223.991;188.519;8.753;136.212;0.0
UAV_18;79;5475.224;7229.835;188.326;8.838;138.598;0.0
UAV_18;80;5468.297;7235.456;188.135;8.923;140.939;0.0
UAV_18;81;5461.082;7240.847;187.945;9.008;143.236;0.0
UAV_18;82;5453.592;7245.996;187.757;9.091;145.49;0.0
UAV_18;83;5445.84;7250.896;187.571;9.173;147.703;0.0
UAV_18;84;5437.839;7255.539;187.387;9.252;149.878;0.0
UAV_18;85;5429.602;7259.915;187.204;9.329;152.016;0.0
UAV_18;86;5421.144;7264.019;187.024;9.403;154.12;0.0
UAV_18;87;5412.478;7267.842;186.846;9.473;156.193;0.0
UAV_18;88;5403.621;7271.378;186.67;9.539;158.235;0.0
UAV_18;89;5394.587;7274.622;186.496;9.601;160.25;0.0
UAV_18;90;5385.391;7277.567;186.325;9.658;162.241;0.0
UAV_18;91;5376.049;7280.209;186.156;9.71;164.209;0.0
UAV_18;92;5366.577;7282.543;185.989;9.757;166.157;0.0
UAV_18;93;5356.991;7284.565;185.825;9.798;168.088;0.0
UAV_18;94;5347.308;7286.272;185.664;9.834;170.003;0.0
UAV_18;95;5337.544;7287.661;185.506;9.863;171.906;0.0
UAV_18;96;5327.716;7288.729;185.35;9.887;173.798;0.0
UAV_18;97;5317.841;7289.474;185.197;9.905;175.683;0.0
UAV_18;98;5307.935;7289.896;185.047;9.916;177.562;0.0
UAV_18;99;5298.016;7289.994;184.9;9.921;179.437;0.0
UAV_18;100;5288.1;7289.766;184.756;9.92;181.313;0.0
UAV_18;101;5278.204;7289.215;184.615;9.912;183.189;0.0
UAV_18;102;5268.346;7288.34;184.477;9.898;185.07;0.0
UAV_18;103;5258.542;7287.144;184.343;9.878;186.958;0.0
UAV_18;104;5248.808;7285.627;184.211;9.852;188.854;0.0
UAV_18;105;5239.162;7283.794;184.083;9.82;190.761;0.0
UAV_18;106;5229.62;7281.647;183.959;9.782;192.683;0.0
UAV_18;107;5220.198;7279.189;183.838;9.738;194.62;0.0
UAV_18;108;5210.913;7276.425;183.72;9.689;196.576;0.0
UAV_18;109;5201.779;7273.36;183.606;9.635;198.552;0.0
UAV_18;110;5192.814;7269.999;183.495;9.576;200.553;0.0
UAV_18;111;5184.032;7266.347;183.388;9.512;202.579;0.0
UAV_18;112;5175.447;7262.411;183.285;9.444;204.633;0.0
UAV_18;113;5167.076;7258.197;183.186;9.373;206.717;0.0
UAV_18;114;5158.932;7253.713;183.09;9.298;208.835;0.0
UAV_18;115;5151.028;7248.967;182.998;9.22;210.988;0.0
UAV_18;116;5150.0;7243.966;182.91;5.106;258.382;0.0
UAV_18;117;5150.0;7238.719;182.826;5.248;270.0;0.0
UAV_18;118;5150.0;7233.235;182.745;5.485;270.0;0.0
UAV_18;119;5150.0;7227.523;182.669;5.712;270.0;0.0
UAV_18;120;5150.0;7221.594;182.597;5.93;270.0;0.0
UAV_18;121;5150.0;7215.457;182.528;6.138;270.0;0.0
UAV_18;122;5150.0;7209.122;182.464;6.335;270.0;0.0
UAV_18;123;5150.0;7202.602;182.404;6.521;270.0;0.0
UAV_18;124;5150.0;7195.905;182.348;6.696;270.0;0.0
UAV_18;125;5150.0;7189.045;182.296;6.86;270.0;0.0
UAV_18;126;5150.0;7182.033;182.248;7.012;270.0;0.0
UAV_18;127;5150.0;7174.881;182.204;7.152;270.0;0.0
UAV_18;128;5150.0;7167.601;182.165;7.28;270.0;0.0
UAV_18;129;5150.0;7160.205;182.13;7.396;270.0;0.0
UAV_18;130;5150.0;7152.707;182.099;7.499;270.0;0.0
UAV_18;131;5150.0;7145.118;182.072;7.589;270.0;0.0
UAV_18;132;5150.0;7137.452;182.049;7.666;270.0;0.0
UAV_18;133;5150.0;7129.723;182.031;7.73;270.0;0.0
UAV_18;134;5150.0;7121.942;182.017;7.78;270.0;0.0
UAV_18;135;5150.0;7114.124;182.007;7.818;270.0;0.0
UAV_18;136;5150.0;7106.282;182.001;7.842;270.0;0.0
UAV_18;137;5150.0;7098.429;182.0;7.853;270.0;0.0
UAV_18;138;5150.0;7090.579;182.003;7.85;270.0;0.0
UAV_18;139;5150.0;7082.745;182.01;7.834;270.0;0.0
UAV_18;140;5150.0;7074.94;182.022;7.805;270.0;0.0
UAV_18;141;5150.0;7067.179;182.038;7.762;270.0;0.0
UAV_18;142;5150.0;7059.473;182.058;7.706;270.0;0.0
UAV_18;143;5150.0;7051.837;182.082;7.636;270.0;0.0
UAV_18;144;5150.0;7044.282;182.111;7.554;270.0;0.0
UAV_18;145;5150.0;7036.824;182.143;7.459;270.0;0.0
UAV_18;146;5150.0;7029.473;182.18;7.351;270.0;0.0
UAV_18;147;5150.0;7022.242;182.221;7.231;270.0;0.0
UAV_18;148;5150.0;7015.144;182.267;7.098;270.0;0.0
UAV_18;149;5150.0;7008.192;182.316;6.953;270.0;0.0
UAV_18;150;5150.0;7001.396;182.37;6.796;270.0;0.0
UAV_18;151;5150.0;6994.768;182.428;6.628;270.0;0.0
UAV_18;152;5150.0;6988.321;182.489;6.448;270.0;0.0
UAV_18;153;5150.0;6982.064;182.555;6.257;270.0;0.0
UAV_18;154;5150.0;6976.009;182.625;6.056;270.0;0.0
UAV_18;155;5150.0;6970.165;182.699;5.844;270.0;0.0
UAV_18;156;5150.0;6964.544;182.777;5.622;270.0;0.0
UAV_18;157;5150.0;6959.153;182.859;5.391;270.0;0.0
UAV_18;158;5150.0;6954.004;182.945;5.15;270.0;0.0
UAV_18;159;5154.16;6949.104;183.034;6.428;310.328;0.0
UAV_18;160;5162.161;6944.461;183.128;9.251;329.878;0.0
UAV_18;161;5170.398;6940.085;183.225;9.328;332.016;0.0
UAV_18;162;5178.856;6935.981;183.326;9.402;334.12;0.0
UAV_18;163;5187.522;6932.158;183.431;9.472;336.193;0.0
UAV_18;164;5196.379;6928.622;183.539;9.538;338.235;0.0
UAV_18;165;5205.413;6925.378;183.651;9.6;340.25;0.0
UAV_18;166;5214.609;6922.433;183.767;9.657;342.241;0.0
UAV_18;167;5223.951;6919.791;183.886;9.709;344.209;0.0
UAV_18;168;5233.423;6917.457;184.008;9.756;346.157;0.0
UAV_18;169;5243.009;6915.435;184.134;9.797;348.088;0.0
UAV_18;170;5252.692;6913.728;184.263;9.833;350.003;0.0
UAV_18;171;5262.456;6912.339;184.396;9.863;351.906;0.0
UAV_18;172;5272.284;6911.271;184.532;9.887;353.798;0.0
UAV_18;173;5282.159;6910.526;184.671;9.904;355.683;0.0
UAV_18;174;5292.065;6910.104;184.813;9.916;357.562;0.0
UAV_18;175;5301.984;6910.006;184.958;9.921;359.437;0.0
UAV_18;176;5311.9;6910.234;185.106;9.92;1.313;0.0
UAV_18;177;5321.796;6910.785;185.258;9.912;3.189;0.0
UAV_18;178;5331.654;6911.66;185.412;9.898;5.07;0.0
UAV_18;179;5341.458;6912.856;185.569;9.878;6.958;0.0
UAV_18;180;5351.192;6914.373;185.728;9.852;8.854;0.0
UAV_18;181;5360.838;6916.206;185.891;9.82;10.761;0.0
UAV_18;182;5370.38;6918.353;186.055;9.782;12.683;0.0
UAV_18;183;5379.802;6920.811;186.223;9.739;14.62;0.0
UAV_18;184;5389.087;6923.575;186.393;9.69;16.576;0.0
UAV_18;185;5398.221;6926.64;186.565;9.635;18.552;0.0
UAV_18;186;5407.186;6930.001;186.74;9.577;20.553;0.0
UAV_18;187;5415.968;6933.653;186.917;9.513;22.579;0.0
UAV_18;188;5424.553;6937.589;187.096;9.445;24.633;0.0
UAV_18;189;5432.924;6941.803;187.277;9.374;26.717;0.0
UAV_18;190;5441.068;6946.287;187.46;9.299;28.835;0.0
UAV_18;191;5448.972;6951.033;187.645;9.221;30.988;0.0
UAV_18;192;5456.621;6956.034;187.832;9.14;33.178;0.0
UAV_18;193;5464.002;6961.281;188.021;9.058;35.407;0.0
UAV_18;194;5471.103;6966.765;188.211;8.974;37.678;0.0
UAV_18;195;5477.912;6972.477;188.403;8.889;39.992;0.0
UAV_18;196;5484.416;6978.406;188.597;8.804;42.351;0.0
UAV_18;197;5490.606;6984.543;188.792;8.719;44.756;0.0
UAV_18;198;5496.47;6990.878;188.989;8.634;47.208;0.0
UAV_18;199;5501.998;6997.398;189.186;8.551;49.709;0.0
UAV_18;200;5507.182;7004.095;189.385;8.47;52.258;0.0
UAV_18;201;5512.011;7010.955;189.585;8.392;54.855;0.0
UAV_18;202;5516.478;7017.967;189.786;8.317;57.501;0.0
UAV_18;203;5520.575;7025.119;189.988;8.245;60.194;0.0
UAV_18;204;5524.295;7032.399;190.191;8.178;62.932;0.0
UAV_18;205;5527.633;7039.795;190.395;8.116;65.714;0.0
UAV_18;206;5530.581;7047.293;190.599;8.06;68.536;0.0
UAV_18;207;5533.135;7054.882;190.804;8.01;71.397;0.0
UAV_18;208;5535.291;7062.548;191.01;7.966;74.291;0.0
UAV_18;209;5537.045;7070.277;191.215;7.929;77.215;0.0
UAV_18;210;5538.394;7078.058;191.422;7.899;80.164;0.0
UAV_18;211;5539.336;7085.876;191.628;7.877;83.131;0.0
UAV_18;212;5539.869;7093.718;191.835;7.863;86.113;0.0
UAV_18;213;5539.992;7101.571;192.041;7.857;89.103;0.0
UAV_18;214;5539.705;7109.421;192.248;7.858;92.094;0.0
UAV_18;215;5539.008;7117.255;192.455;7.868;95.081;0.0
UAV_18;216;5537.903;7125.06;192.661;7.885;98.058;0.0
UAV_18;217;5536.392;7132.821;192.867;7.91;101.019;0.0
UAV_18;218;5534.477;7140.527;193.073;7.943;103.958;0.0
UAV_18;219;5532.161;7148.163;193.278;7.982;106.87;0.0
UAV_18;220;5529.449;7155.718;193.483;8.029;109.752;0.0
UAV_18;221;5526.344;7163.176;193.687;8.082;112.597;0.0
UAV_18;222;5522.853;7170.527;193.89;8.14;115.404;0.0
UAV_18;223;5518.981;7177.758;194.093;8.204;118.169;0.0
UAV_18;224;5514.735;7184.856;194.294;8.273;120.889;0.0
UAV_18;225;5510.122;7191.808;194.495;8.346;123.563;0.0
UAV_18;226;5505.15;7198.604;194.695;8.423;126.189;0.0
UAV_18;227;5499.828;7205.232;194.893;8.502;128.768;0.0
UAV_18;228;5494.164;7211.679;195.09;8.584;131.297;0.0
UAV_18;229;5488.169;7217.936;195.286;8.668;133.778;0.0
UAV_18;230;5481.852;7223.991;195.481;8.753;136.212;0.0
UAV_18;231;5475.224;7229.835;195.674;8.838;138.598;0.0
UAV_18;232;5468.297;7235.456;195.865;8.923;140.939;0.0
UAV_18;233;5461.082;7240.847;196.055;9.008;143.236;0.0
UAV_18;234;5453.592;7245.996;196.243;9.091;145.49;0.0
UAV_18;235;5445.84;7250.896;196.429;9.173;147.703;0.0
UAV_18;236;5437.839;7255.539;196.613;9.252;149.878;0.0
UAV_18;237;5429.602;7259.915;196.796;9.329;152.016;0.0
UAV_18;238;5421.144;7264.019;196.976;9.403;154.12;0.0
UAV_18;239;5412.478;7267.842;197.154;9.473;156.193;0.0
UAV_18;240;5403.621;7271.378;197.33;9.539;158.235;0.0
UAV_18;241;5394.587;7274.622;197.504;9.601;160.25;0.0
UAV_18;242;5385.391;7277.567;197.675;9.658;162.241;0.0
UAV_18;243;5376.049;7280.209;197.844;9.71;164.209;0.0
UAV_18;244;5366.577;7282.543;198.011;9.757;166.157;0.0
UAV_18;245;5356.991;7284.565;198.175;9.798;168.088;0.0
UAV_18;246;5347.308;7286.272;198.336;9.834;170.003;0.0
UAV_18;247;5337.544;7287.661;198.494;9.863;171.906;0.0
UAV_18;248;5327.716;7288.729;198.65;9.887;173.798;0.0
UAV_18;249;5317.841;7289.474;198.803;9.905;175.683;0.0
UAV_18;250;5307.935;7289.896;198.953;9.916;177.562;0.0
UAV_18;251;5298.016;7289.994;199.1;9.921;179.437;0.0
UAV_18;252;5288.1;7289.766;199.244;9.92;181.313;0.0
UAV_18;253;5278.204;7289.215;199.385;9.912;183.189;0.0
UAV_18;254;5268.346;7288.34;199.523;9.898;185.07;0.0
UAV_18;255;5258.542;7287.144;199.657;9.878;186.958;0.0
UAV_18;256;5248.808;7285.627;199.789;9.852;188.854;0.0
UAV_18;257;5239.162;7283.794;199.917;9.82;190.761;0.0
UAV_18;258;5229.62;7281.647;200.041;9.782;192.683;0.0
UAV_18;259;5220.198;7279.189;200.162;9.738;194.62;0.0
UAV_18;260;5210.913;7276.425;200.28;9.689;196.576;0.0
UAV_18;261;5201.779;7273.36;200.394;9.635;198.552;0.0
UAV_18;262;5192.814;7269.999;200.505;9.576;200.553;0.0
UAV_18;263;5184.032;7266.347;200.612;9.512;202.579;0.0
UAV_18;264;5175.447;7262.411;200.715;9.444;204.633;0.0
UAV_18;265;5167.076;7258.197;200.814;9.373;206.717;0.0
UAV_18;266;5158.932;7253.713;200.91;9.298;208.835;0.0
UAV_18;267;5151.028;7248.967;201.002;9.22;210.988;0.0
UAV_18;268;5150.0;7243.966;201.09;5.106;258.382;0.0
UAV_18;269;5150.0;7238.719;201.174;5.248;270.0;0.0
UAV_18;270;5150.0;7233.235;201.255;5.485;270.0;0.0
UAV_18;271;5150.0;7227.523;201.331;5.712;270.0;0.0
UAV_18;272;5150.0;7221.594;201.403;5.93;270.0;0.0
UAV_18;273;5150.0;7215.457;201.472;6.138;270.0;0.0
UAV_18;274;5150.0;7209.122;201.536;6.335;270.0;0.0
UAV_18;275;5150.0;7202.602;201.596;6.521;270.0;0.0
UAV_18;276;5150.0;7195.905;201.652;6.696;270.0;0.0
UAV_18;277;5150.0;7189.045;201.704;6.86;270.0;0.0
UAV_18;278;5150.0;7182.033;201.752;7.012;270.0;0.0
UAV_18;279;5150.0;7174.881;201.796;7.152;270.0;0.0
UAV_18;280;5150.0;7167.601;201.835;7.28;270.0;0.0
UAV_18;281;5150.0;7160.205;201.87;7.396;270.0;0.0
UAV_18;282;5150.0;7152.707;201.901;7.499;270.0;0.0
UAV_18;283;5150.0;7145.118;201.928;7.589;270.0;0.0
UAV_18;284;5150.0;7137.452;201.951;7.666;270.0;0.0
UAV_18;285;5150.0;7129.723;201.969;7.73;270.0;0.0
UAV_18;286;5150.0;7121.942;201.983;7.78;270.0;0.0
UAV_18;287;5150.0;7114.124;201.993;7.818;270.0;0.0
UAV_18;288;5150.0;7106.282;201.999;7.842;270.0;0.0
UAV_18;289;5150.0;7098.429;202.0;7.853;270.0;0.0
UAV_18;290;5150.0;7090.579;201.997;7.85;270.0;0.0
UAV_18;291;5150.0;7082.745;201.99;7.834;270.0;0.0
UAV_18;292;5150.0;7074.94;201.978;7.805;270.0;0.0
UAV_18;293;5150.0;7067.179;201.962;7.762;270.0;0.0
UAV_18;294;5150.0;7059.473;201.942;7.706;270.0;0.0
UAV_18;295;5150.0;7051.837;201.918;7.636;270.0;0.0
UAV_18;296;5150.0;7044.282;201.889;7.554;270.0;0.0
UAV_18;297;5150.0;7036.824;201.857;7.459;270.0;0.0
UAV_18;298;5150.0;7029.473;201.82;7.351;270.0;0.0
UAV_18;299;5150.0;7022.242;201.779;7.231;270.0;0.0
UAV_18;300;5150.0;7015.144;201.733;7.098;270.0;0.0
UAV_18;301;5150.0;7008.192;201.684;6.953;270.0;0.0
UAV_18;302;5150.0;7001.396;201.63;6.796;270.0;0.0
UAV_18;303;5150.0;6994.768;201.572;6.628;270.0;0.0
UAV_18;304;5150.0;6988.321;201.511;6.448;270.0;0.0
UAV_18;305;5150.0;6982.064;201.445;6.257;270.0;0.0
UAV_18;306;5150.0;6976.009;201.375;6.056;270.0;0.0
UAV_18;307;5150.0;6970.165;201.301;5.844;270.0;0.0
UAV_18;308;5150.0;6964.544;201.223;5.622;270.0;0.0
UAV_18;309;5150.0;6959.153;201.141;5.391;270.0;0.0
UAV_18;310;5150.0;6954.004;201.055;5.15;270.0;0.0
UAV_18;311;5154.16;6949.104;200.966;6.428;310.328;0.0
UAV_18;312;5162.161;6944.461;200.872;9.251;329.878;0.0
UAV_18;313;5170.398;6940.085;200.775;9.328;332.016;0.0
UAV_18;314;5178.856;6935.981;200.674;9.402;334.12;0.0
UAV_18;315;5187.522;6932.158;200.569;9.472;336.193;0.0
UAV_18;316;5196.379;6928.622;200.461;9.538;338.235;0.0
UAV_18;317;5205.413;6925.378;200.349;9.6;340.25;0.0
UAV_18;318;5214.609;6922.433;200.233;9.657;342.241;0.0
UAV_18;319;5223.951;6919.791;200.114;9.709;344.209;0.0
UAV_18;320;5233.423;6917.457;199.992;9.756;346.157;0.0
UAV_18;321;5243.009;6915.435;199.866;9.797;348.088;0.0
UAV_18;322;5252.692;6913.728;199.737;9.833;350.003;0.0
UAV_18;323;5262.456;6912.339;199.604;9.863;351.906;0.0
UAV_18;324;5272.284;6911.271;199.468;9.887;353.798;0.0
UAV_18;325;5282.159;6910.526;199.329;9.904;355.683;0.0
UAV_18;326;5292.065;6910.104;199.187;9.916;357.562;0.0
UAV_18;327;5301.984;6910.006;199.042;9.921;359.437;0.0
UAV_18;328;5311.9;6910.234;198.894;9.92;1.313;0.0
UAV_18;329;5321.796;6910.785;198.742;9.912;3.189;0.0
UAV_18;330;5331.654;6911.66;198.588;9.898;5.07;0.0
UAV_18;331;5341.458;6912.856;198.431;9.878;6.958;0.0
UAV_18;332;5351.192;6914.373;198.272;9.852;8.854;0.0
UAV_18;333;5360.838;6916.206;198.109;9.82;10.761;0.0
UAV_18;334;5370.38;6918.353;197.945;9.782;12.683;0.0
UAV_18;335;5379.802;6920.811;197.777;9.739;14.62;0.0
UAV_18;336;5389.087;6923.575;197.607;9.69;16.576;0.0
UAV_18;337;5398.221;6926.64;197.435;9.635;18.552;0.0
UAV_18;338;5407.186;6930.001;197.26;9.577;20.553;0.0
UAV_18;339;5415.968;6933.653;197.083;9.513;22.579;0.0
UAV_18;340;5424.553;6937.589;196.904;9.445;24.633;0.0
UAV_18;341;5432.924;6941.803;196.723;9.374;26.717;0.0
UAV_18;342;5441.068;6946.287;196.54;9.299;28.835;0.0
UAV_18;343;5448.972;6951.033;196.355;9.221;30.988;0.0
UAV_18;344;5456.621;6956.034;196.168;9.14;33.178;0.0
UAV_18;345;5464.002;6961.281;195.979;9.058;35.407;0.0
UAV_18;346;5471.103;6966.765;195.789;8.974;37.678;0.0
UAV_18;347;5477.912;6972.477;195.597;8.889;39.992;0.0
UAV_18;348;5484.416;6978.406;195.403;8.804;42.351;0.0
UAV_18;349;5490.606;6984.543;195.208;8.719;44.756;0.0
UAV_18;350;5496.47;6990.878;195.011;8.634;47.208;0.0
UAV_18;351;5501.998;6997.398;194.814;8.551;49.709;0.0
UAV_18;352;5507.182;7004.095;194.615;8.47;52.258;0.0
UAV_18;353;5512.011;7010.955;194.415;8.392;54.855;0.0
UAV_18;354;5516.478;7017.967;194.214;8.317;57.501;0.0
UAV_18;355;5520.575;7025.119;194.012;8.245;60.194;0.0
UAV_18;356;5524.295;7032.399;193.809;8.178;62.932;0.0
UAV_18;357;5527.633;7039.795;193.605;8.116;65.714;0.0
UAV_18;358;5530.581;7047.293;193.401;8.06;68.536;0.0
UAV_18;359;5533.135;7054.882;193.196;8.01;71.397;0.0
UAV_18;360;5535.291;7062.548;192.99;7.966;74.291;0.0
UAV_18;361;5537.045;7070.277;192.785;7.929;77.215;0.0
UAV_18;362;5538.394;7078.058;192.578;7.899;80.164;0.0
UAV_18;363;5539.336;7085.876;192.372;7.877;83.131;0.0
UAV_18;364;5539.869;7093.718;192.165;7.863;86.113;0.0
UAV_18;365;5539.992;7101.571;191.959;7.857;89.103;0.0
UAV_18;366;5539.705;7109.421;191.752;7.858;92.094;0.0
UAV_18;367;5539.008;7117.255;191.545;7.868;95.081;0.0
UAV_18;368;5537.903;7125.06;191.339;7.885;98.058;0.0
UAV_18;369;5536.392;7132.821;191.133;7.91;101.019;0.0
UAV_18;370;5534.477;7140.527;190.927;7.943;103.958;0.0
UAV_18;371;5532.161;7148.163;190.722;7.982;106.87;0.0
UAV_18;372;5529.449;7155.718;190.517;8.029;109.752;0.0
UAV_18;373;5526.344;7163.176;190.313;8.082;112.597;0.0
UAV_18;374;5522.853;7170.527;190.11;8.14;115.404;0.0
UAV_18;375;5518.981;7177.758;189.907;8.204;118.169;0.0
UAV_18;376;5514.735;7184.856;189.706;8.273;120.889;0.0
UAV_18;377;5510.122;7191.808;189.505;8.346;123.563;0.0
UAV_18;378;5505.15;7198.604;189.305;8.423;126.189;0.0
UAV_18;379;5499.828;7205.232;189.107;8.502;128.768;0.0
UAV_18;380;5494.164;7211.679;188.91;8.584;131.297;0.0
UAV_18;381;5488.169;7217.936;188.714;8.668;133.778;0.0
UAV_18;382;5481.852;7223.991;188.519;8.753;136.212;0.0
UAV_18;383;5475.224;7229.835;188.326;8.838;138.598;0.0
UAV_18;384;5468.297;7235.456;188.135;8.923;140.939;0.0
UAV_18;385;5461.082;7240.847;187.945;9.008;143.236;0.0
UAV_18;386;5453.592;7245.996;187.757;9.091;145.49;0.0
UAV_18;387;5445.84;7250.896;187.571;9.173;147.703;0.0
UAV_18;388;5437.839;7255.539;187.387;9.252;149.878;0.0
UAV_18;389;5429.602;7259.915;187.204;9.329;152.016;0.0
UAV_18;390;5421.144;7264.019;187.024;9.403;154.12;0.0
UAV_18;391;5412.478;7267.842;186.846;9.473;156.193;0.0
UAV_18;392;5403.621;7271.378;186.67;9.539;158.235;0.0
UAV_18;393;5394.587;7274.622;186.496;9.601;160.25;0.0
UAV_18;394;5385.391;7277.567;186.325;9.658;162.241;0.0
UAV_18;395;5376.049;7280.209;186.156;9.71;164.209;0.0
UAV_18;396;5366.577;7282.543;185.989;9.757;166.157;0.0
UAV_18;397;5356.991;7284.565;185.825;9.798;168.088;0.0
UAV_18;398;5347.308;7286.272;185.664;9.834;170.003;0.0
UAV_18;399;5337.544;7287.661;185.506;9.863;171.906;0.0
UAV_18;400;5327.716;7288.729;185.35;9.887;173.798;0.0
UAV_18;401;5317.841;7289.474;185.197;9.905;175.683;0.0
UAV_18;402;5307.935;7289.896;185.047;9.916;177.562;0.0
UAV_18;403;5298.016;7289.994;184.9;9.921;179.437;0.0
UAV_18;404;5288.1;7289.766;184.756;9.92;181.313;0.0
UAV_18;405;5278.204;7289.215;184.615;9.912;183.189;0.0
UAV_18;406;5268.346;7288.34;184.477;9.898;185.07;0.0
UAV_18;407;5258.542;7287.144;184.343;9.878;186.958;0.0
UAV_18;408;5248.808;7285.627;184.211;9.852;188.854;0.0
UAV_18;409;5239.162;7283.794;184.083;9.82;190.761;0.0
UAV_18;410;5229.62;7281.647;183.959;9.782;192.683;0.0
UAV_18;411;5220.198;7279.189;183.838;9.738;194.62;0.0
UAV_18;412;5210.913;7276.425;183.72;9.689;196.576;0.0
UAV_18;413;5201.779;7273.36;183.606;9.635;198.552;0.0
UAV_18;414;5192.814;7269.999;183.495;9.576;200.553;0.0
UAV_18;415;5184.032;7266.347;183.388;9.512;202.579;0.0
UAV_18;416;5175.447;7262.411;183.285;9.444;204.633;0.0
UAV_18;417;5167.076;7258.197;183.186;9.373;206.717;0.0
UAV_18;418;5158.932;7253.713;183.09;9.298;208.835;0.0
UAV_18;419;5151.028;7248.967;182.998;9.22;210.988;0.0
UAV_18;420;5150.0;7243.966;182.91;5.106;258.382;0.0
UAV_18;421;5150.0;7238.719;182.826;5.248;270.0;0.0
UAV_18;422;5150.0;7233.235;182.745;5.485;270.0;0.0
UAV_18;423;5150.0;7227.523;182.669;5.712;270.0;0.0
UAV_18;424;5150.0;7221.594;182.597;5.93;270.0;0.0
UAV_18;425;5150.0;7215.457;182.528;6.138;270.0;0.0
UAV_18;426;5150.0;7209.122;182.464;6.335;270.0;0.0
UAV_18;427;5150.0;7202.602;182.404;6.521;270.0;0.0
UAV_18;428;5150.0;7195.905;182.348;6.696;270.0;0.0
UAV_18;429;5150.0;7189.045;182.296;6.86;270.0;0.0
UAV_18;430;5150.0;7182.033;182.248;7.012;270.0;0.0
UAV_18;431;5150.0;7174.881;182.204;7.152;270.0;0.0
UAV_18;432;5150.0;7167.601;182.165;7.28;270.0;0.0
UAV_18;433;5150.0;7160.205;182.13;7.396;270.0;0.0
UAV_18;434;5150.0;7152.707;182.099;7.499;270.0;0.0
UAV_18;435;5150.0;7145.118;182.072;7.589;270.0;0.0
UAV_18;436;5150.0;7137.452;182.049;7.666;270.0;0.0
UAV_18;437;5150.0;7129.723;182.031;7.73;270.0;0.0
UAV_18;438;5150.0;7121.942;182.017;7.78;270.0;0.0
UAV_18;439;5150.0;7114.124;182.007;7.818;270.0;0.0
UAV_18;440;5150.0;7106.282;182.001;7.842;270.0;0.0
UAV_18;441;5150.0;7098.429;182.0;7.853;270.0;0.0
UAV_18;442;5150.0;7090.579;182.003;7.85;270.0;0.0
UAV_18;443;5150.0;7082.745;182.01;7.834;270.0;0.0
UAV_18;444;5150.0;7074.94;182.022;7.805;270.0;0.0
UAV_18;445;5150.0;7067.179;182.038;7.762;270.0;0.0
UAV_18;446;5150.0;7059.473;182.058;7.706;270.0;0.0
UAV_18;447;5150.0;7051.837;182.082;7.636;270.0;0.0
UAV_18;448;5150.0;7044.282;182.111;7.554;270.0;0.0
UAV_18;449;5150.0;7036.824;182.143;7.459;270.0;0.0
UAV_18;450;5150.0;7029.473;182.18;7.351;270.0;0.0
UAV_18;451;5150.0;7022.242;182.221;7.231;270.0;0.0
UAV_18;452;5150.0;7015.144;182.267;7.098;270.0;0.0
UAV_18;453;5150.0;7008.192;182.316;6.953;270.0;0.0
UAV_18;454;5150.0;7001.396;182.37;6.796;270.0;0.0
UAV_18;455;5150.0;6994.768;182.428;6.628;270.0;0.0
UAV_18;456;5150.0;6988.321;182.489;6.448;270.0;0.0
UAV_18;457;5150.0;6982.064;182.555;6.257;270.0;0.0
UAV_18;458;5150.0;6976.009;182.625;6.056;270.0;0.0
UAV_18;459;5150.0;6970.165;182.699;5.844;270.0;0.0
UAV_18;460;5150.0;6964.544;182.777;5.622;270.0;0.0
UAV_18;461;5150.0;6959.153;182.859;5.391;270.0;0.0
UAV_18;462;5150.0;6954.004;182.945;5.15;270.0;0.0
UAV_18;463;5154.16;6949.104;183.034;6.428;310.328;0.0
UAV_18;464;5162.161;6944.461;183.128;9.251;329.878;0.0
UAV_18;465;5170.398;6940.085;183.225;9.328;332.016;0.0
UAV_18;466;5178.856;6935.981;183.326;9.402;334.12;0.0
UAV_18;467;5187.522;6932.158;183.431;9.472;336.193;0.0
UAV_18;468;5196.379;6928.622;183.539;9.538;338.235;0.0
UAV_18;469;5205.413;6925.378;183.651;9.6;340.25;0.0
UAV_18;470;5214.609;6922.433;183.767;9.657;342.241;0.0
UAV_18;471;5223.951;6919.791;183.886;9.709;344.209;0.0
UAV_18;472;5233.423;6917.457;184.008;9.756;346.157;0.0
UAV_18;473;5243.009;6915.435;184.134;9.797;348.088;0.0
UAV_18;474;5252.692;6913.728;184.263;9.833;350.003;0.0
UAV_18;475;5262.456;6912.339;184.396;9.863;351.906;0.0
UAV_18;476;5272.284;6911.271;184.532;9.887;353.798;0.0
UAV_18;477;5282.159;6910.526;184.671;9.904;355.683;0.0
UAV_18;478;5292.065;6910.104;184.813;9.916;357.562;0.0
UAV_18;479;5301.984;6910.006;184.958;9.921;359.437;0.0
UAV_18;480;5311.9;6910.234;185.106;9.92;1.313;0.0
UAV_18;481;5321.796;6910.785;185.258;9.912;3.189;0.0
UAV_18;482;5331.654;6911.66;185.412;9.898;5.07;0.0
UAV_18;483;5341.458;6912.856;185.569;9.878;6.958;0.0
UAV_18;484;5351.192;6914.373;185.728;9.852;8.854;0.0
UAV_18;485;5360.838;6916.206;185.891;9.82;10.761;0.0
UAV_18;486;5370.38;6918.353;186.055;9.782;12.683;0.0
UAV_18;487;5379.802;6920.811;186.223;9.739;14.62;0.0
UAV_18;488;5389.087;6923.575;186.393;9.69;16.576;0.0
UAV_18;489;5398.221;6926.64;186.565;9.635;18.552;0.0
UAV_18;490;5407.186;6930.001;186.74;9.577;20.553;0.0
UAV_18;491;5415.968;6933.653;186.917;9.513;22.579;0.0
UAV_18;492;5424.553;6937.589;187.096;9.445;24.633;0.0
UAV_18;493;5432.924;6941.803;187.277;9.374;26.717;0.0
UAV_18;494;5441.068;6946.287;187.46;9.299;28.835;0.0
UAV_18;495;5448.972;6951.033;187.645;9.221;30.988;0.0
UAV_18;496;5456.621;6956.034;187.832;9.14;33.178;0.0
UAV_18;497;5464.002;6961.281;188.021;9.058;35.407;0.0
UAV_18;498;5471.103;6966.765;188.211;8.974;37.678;0.0
UAV_18;499;5477.912;6972.477;188.403;8.889;39.992;0.0
UAV_18;500;5484.416;6978.406;188.597;8.804;42.351;0.0
UAV_18;501;5490.606;6984.543;188.792;8.719;44.756;0.0
UAV_18;502;5496.47;6990.878;188.989;8.634;47.208;0.0
UAV_18;503;5501.998;6997.398;189.186;8.551;49.709;0.0
UAV_18;504;5507.182;7004.095;189.385;8.47;52.258;0.0
UAV_18;505;5512.011;7010.955;189.585;8.392;54.855;0.0
UAV_18;506;5516.478;7017.967;189.786;8.317;57.501;0.0
UAV_18;507;5520.575;7025.119;189.988;8.245;60.194;0.0
UAV_18;508;5524.295;7032.399;190.191;8.178;62.932;0.0
UAV_18;509;5527.633;7039.795;190.395;8.116;65.714;0.0
UAV_18;510;5530.581;7047.293;190.599;8.06;68.536;0.0
UAV_18;511;5533.135;7054.882;190.804;8.01;71.397;0.0
UAV_18;512;5535.291;7062.548;191.01;7.966;74.291;0.0
UAV_18;513;5537.045;7070.277;191.215;7.929;77.215;0.0
UAV_18;514;5538.394;7078.058;191.422;7.899;80.164;0.0
UAV_18;515;5539.336;7085.876;191.628;7.877;83.131;0.0
UAV_18;516;5539.869;7093.718;191.835;7.863;86.113;0.0
UAV_18;517;5539.992;7101.571;192.041;7.857;89.103;0.0
UAV_18;518;5539.705;7109.421;192.248;7.858;92.094;0.0
UAV_18;519;5539.008;7117.255;192.455;7.868;95.081;0.0
UAV_18;520;5537.903;7125.06;192.661;7.885;98.058;0.0
UAV_18;521;5536.392;7132.821;192.867;7.91;101.019;0.0
UAV_18;522;5534.477;7140.527;193.073;7.943;103.958;0.0
UAV_18;523;5532.161;7148.163;193.278;7.982;106.87;0.0
UAV_18;524;5529.449;7155.718;193.483;8.029;109.752;0.0
UAV_18;525;5526.344;7163.176;193.687;8.082;112.597;0.0
UAV_18;526;5522.853;7170.527;193.89;8.14;115.404;0.0
UAV_18;527;5518.981;7177.758;194.093;8.204;118.169;0.0
UAV_18;528;5514.735;7184.856;194.294;8.273;120.889;0.0
UAV_18;529;5510.122;7191.808;194.495;8.346;123.563;0.0
UAV_18;530;5505.15;7198.604;194.695;8.423;126.189;0.0
UAV_18;531;5499.828;7205.232;194.893;8.502;128.768;0.0
UAV_18;532;5494.164;7211.679;195.09;8.584;131.297;0.0
UAV_18;533;5488.169;7217.936;195.286;8.668;133.778;0.0
UAV_18;534;5481.852;7223.991;195.481;8.753;136.212;0.0
UAV_18;535;5475.224;7229.835;195.674;8.838;138.598;0.0
UAV_18;536;5468.297;7235.456;195.865;8.923;140.939;0.0
UAV_18;537;5461.082;7240.847;196.055;9.008;143.236;0.0
UAV_18;538;5453.592;7245.996;196.243;9.091;145.49;0.0
UAV_18;539;5445.84;7250.896;196.429;9.173;147.703;0.0
UAV_18;540;5437.839;7255.539;196.613;9.252;149.878;0.0
UAV_18;541;5429.602;7259.915;196.796;9.329;152.016;0.0
UAV_18;542;5421.144;7264.019;196.976;9.403;154.12;0.0
UAV_18;543;5412.478;7267.842;197.154;9.473;156.193;0.0
UAV_18;544;5403.621;7271.378;197.33;9.539;158.235;0.0
UAV_18;545;5394.587;7274.622;197.504;9.601;160.25;0.0
UAV_18;546;5385.391;7277.567;197.675;9.658;162.241;0.0
UAV_18;547;5376.049;7280.209;197.844;9.71;164.209;0.0
UAV_18;548;5366.577;7282.543;198.011;9.757;166.157;0.0
UAV_18;549;5356.991;7284.565;198.175;9.798;168.088;0.0
UAV_18;550;5347.308;7286.272;198.336;9.834;170.003;0.0
UAV_18;551;5337.544;7287.661;198.494;9.863;171.906;0.0
UAV_18;552;5327.716;7288.729;198.65;9.887;173.798;0.0
UAV_18;553;5317.841;7289.474;198.803;9.905;175.683;0.0
UAV_18;554;5307.935;7289.896;198.953;9.916;177.562;0.0
UAV_18;555;5298.016;7289.994;199.1;9.921;179.437;0.0
UAV_18;556;5288.1;7289.766;199.244;9.92;181.313;0.0
UAV_18;557;5278.204;7289.215;199.385;9.912;183.189;0.0
UAV_18;558;5268.346;7288.34;199.523;9.898;185.07;0.0
UAV_18;559;5258.542;7287.144;199.657;9.878;186.958;0.0
UAV_18;560;5248.808;7285.627;199.789;9.852;188.854;0.0
UAV_18;561;5239.162;7283.794;199.917;9.82;190.761;0.0
UAV_18;562;5229.62;7281.647;200.041;9.782;192.683;0.0
UAV_18;563;5220.198;7279.189;200.162;9.738;194.62;0.0
UAV_18;564;5210.913;7276.425;200.28;9.689;196.576;0.0
UAV_18;565;5201.779;7273.36;200.394;9.635;198.552;0.0
UAV_18;566;5192.814;7269.999;200.505;9.576;200.553;0.0
UAV_18;567;5184.032;7266.347;200.612;9.512;202.579;0.0
UAV_18;568;5175.447;7262.411;200.715;9.444;204.633;0.0
UAV_18;569;5167.076;7258.197;200.814;9.373;206.717;0.0
UAV_18;570;5158.932;7253.713;200.91;9.298;208.835;0.0
UAV_18;571;5151.028;7248.967;201.002;9.22;210.988;0.0
UAV_18;572;5150.0;7243.966;201.09;5.106;258.382;0.0
UAV_18;573;5150.0;7238.719;201.174;5.248;270.0;0.0
UAV_18;574;5150.0;7233.235;201.255;5.485;270.0;0.0
UAV_18;575;5150.0;7227.523;201.331;5.712;270.0;0.0
UAV_18;576;5150.0;7221.594;201.403;5.93;270.0;0.0
UAV_18;577;5150.0;7215.457;201.472;6.138;270.0;0.0
UAV_18;578;5150.0;7209.122;201.536;6.335;270.0;0.0
UAV_18;579;5150.0;7202.602;201.596;6.521;270.0;0.0
UAV_18;580;5150.0;7195.905;201.652;6.696;270.0;0.0
UAV_18;581;5150.0;7189.045;201.704;6.86;270.0;0.0
UAV_18;582;5150.0;7182.033;201.752;7.012;270.0;0.0
UAV_18;583;5150.0;7174.881;201.796;7.152;270.0;0.0
UAV_18;584;5150.0;7167.601;201.835;7.28;270.0;0.0
UAV_18;585;5150.0;7160.205;201.87;7.396;270.0;0.0
UAV_18;586;5150.0;7152.707;201.901;7.499;270.0;0.0
UAV_18;587;5150.0;7145.118;201.928;7.589;270.0;0.0
UAV_18;588;5150.0;7137.452;201.951;7.666;270.0;0.0
UAV_18;589;5150.0;7129.723;201.969;7.73;270.0;0.0
UAV_18;590;5150.0;7121.942;201.983;7.78;270.0;0.0
UAV_18;591;5150.0;7114.124;201.993;7.818;270.0;0.0
UAV_18;592;5150.0;7106.282;201.999;7.842;270.0;0.0
UAV_18;593;5150.0;7098.429;202.0;7.853;270.0;0.0
UAV_18;594;5150.0;7090.579;201.997;7.85;270.0;0.0
UAV_18;595;5150.0;7082.745;201.99;7.834;270.0;0.0
UAV_18;596;5150.0;7074.94;201.978;7.805;270.0;0.0
UAV_18;597;5150.0;7067.179;201.962;7.762;270.0;0.0
UAV_18;598;5150.0;7059.473;201.942;7.706;270.0;0.0
UAV_18;599;5150.0;7051.837;201.918;7.636;270.0;0.0
UAV_18;600;5150.0;7044.282;201.889;7.554;270.0;0.0
UAV_19;0;7080.344;6905.033;201.878;23.0;18.0;0.0
UAV_19;1;7090.236;6907.742;201.714;10.257;15.315;0.0
UAV_19;2;7099.981;6910.763;201.547;10.204;17.222;0.0
UAV_19;3;7109.564;6914.091;201.379;10.146;19.149;0.0
UAV_19;4;7118.97;6917.72;201.208;10.083;21.1;0.0
UAV_19;5;7128.182;6921.645;201.035;10.015;23.076;0.0
UAV_19;6;7137.186;6925.859;200.86;9.943;25.08;0.0
UAV_19;7;7145.968;6930.356;200.683;9.868;27.114;0.0
UAV_19;8;7150.0;6935.128;200.504;6.249;49.806;0.0
UAV_19;9;7150.0;6940.167;200.323;5.042;90.0;0.0
UAV_19;10;7150.0;6945.465;200.141;5.302;90.0;0.0
UAV_19;11;7150.0;6951.014;199.957;5.552;90.0;0.0
UAV_19;12;7150.0;6956.805;199.771;5.794;90.0;0.0
UAV_19;13;7150.0;6962.828;199.584;6.026;90.0;0.0
UAV_19;14;7150.0;6969.074;199.395;6.248;90.0;0.0
UAV_19;15;7150.0;6975.532;199.205;6.461;90.0;0.0
UAV_19;16;7150.0;6982.191;199.013;6.663;90.0;0.0
UAV_19;17;7150.0;6989.042;198.821;6.854;90.0;0.0
UAV_19;18;7150.0;6996.073;198.627;7.034;90.0;0.0
UAV_19;19;7150.0;7003.273;198.432;7.202;90.0;0.0
UAV_19;20;7150.0;7010.629;198.236;7.359;90.0;0.0
UAV_19;21;7150.0;7018.13;198.04;7.504;90.0;0.0
UAV_19;22;7150.0;7025.764;197.842;7.637;90.0;0.0
UAV_19;23;7150.0;7033.519;197.644;7.757;90.0;0.0
UAV_19;24;7150.0;7041.381;197.445;7.865;90.0;0.0
UAV_19;25;7150.0;7049.339;197.245;7.96;90.0;0.0
UAV_19;26;7150.0;7057.378;197.045;8.042;90.0;0.0
UAV_19;27;7150.0;7065.487;196.845;8.111;90.0;0.0
UAV_19;28;7150.0;7073.651;196.644;8.167;90.0;0.0
UAV_19;29;7150.0;7081.859;196.443;8.21;90.0;0.0
UAV_19;30;7150.0;7090.096;196.242;8.239;90.0;0.0
UAV_19;31;7150.0;7098.349;196.04;8.255;90.0;0.0
UAV_19;32;7150.0;7106.604;195.839;8.258;90.0;0.0
UAV_19;33;7150.0;7114.849;195.638;8.247;90.0;0.0
UAV_19;34;7150.0;7123.07;195.436;8.223;90.0;0.0
UAV_19;35;7150.0;7131.253;195.235;8.186;90.0;0.0
UAV_19;36;7150.0;7139.386;195.035;8.135;90.0;0.0
UAV_19;37;7150.0;7147.455;194.835;8.071;90.0;0.0
UAV_19;38;7150.0;7155.447;194.635;7.994;90.0;0.0
UAV_19;39;7150.0;7163.348;194.436;7.904;90.0;0.0
UAV_19;40;7150.0;7171.148;194.237;7.802;90.0;0.0
UAV_19;41;7150.0;7178.831;194.039;7.686;90.0;0.0
UAV_19;42;7150.0;7186.387;193.842;7.558;90.0;0.0
UAV_19;43;7150.0;7193.803;193.646;7.418;90.0;0.0
UAV_19;44;7150.0;7201.067;193.451;7.266;90.0;0.0
UAV_19;45;7150.0;7208.166;193.257;7.102;90.0;0.0
UAV_19;46;7150.0;7215.09;193.063;6.927;90.0;0.0
UAV_19;47;7150.0;7221.828;192.872;6.74;90.0;0.0
UAV_19;48;7150.0;7228.368;192.681;6.543;90.0;0.0
UAV_19;49;7150.0;7234.7;192.492;6.335;90.0;0.0
UAV_19;50;7150.0;7240.813;192.304;6.116;90.0;0.0
UAV_19;51;7150.0;7246.698;192.117;5.888;90.0;0.0
UAV_19;52;7150.0;7252.345;191.933;5.65;90.0;0.0
UAV_19;53;7150.0;7257.744;191.749;5.403;90.0;0.0
UAV_19;54;7150.0;7262.888;191.568;5.147;90.0;0.0
UAV_19;55;7149.416;7267.768;191.388;4.918;96.828;0.0
UAV_19;56;7140.727;7272.376;191.211;9.837;152.064;0.0
UAV_19;57;7131.81;7276.704;191.035;9.914;154.11;0.0
UAV_19;58;7122.679;7280.745;190.861;9.987;156.126;0.0
UAV_19;59;7113.349;7284.493;190.689;10.056;158.113;0.0
UAV_19;60;7103.835;7287.942;190.52;10.121;160.073;0.0
UAV_19;61;7094.153;7291.087;190.353;10.181;162.01;0.0
UAV_19;62;7084.318;7293.921;190.188;10.237;163.924;0.0
UAV_19;63;7074.346;7296.44;190.025;10.286;165.819;0.0
UAV_19;64;7064.254;7298.641;189.865;10.331;167.697;0.0
UAV_19;65;7054.057;7300.0;189.707;10.288;172.411;0.0
UAV_19;66;7043.773;7300.0;189.552;10.285;180.0;0.0
UAV_19;67;7033.418;7300.0;189.399;10.356;180.0;0.0
UAV_19;68;7023.008;7300.0;189.249;10.41;180.0;0.0
UAV_19;69;7012.561;7300.0;189.102;10.448;180.0;0.0
UAV_19;70;7002.094;7300.0;188.957;10.468;180.0;0.0
UAV_19;71;6991.624;7300.0;188.816;10.471;180.0;0.0
UAV_19;72;6981.167;7300.0;188.677;10.458;180.0;0.0
UAV_19;73;6970.741;7300.0;188.542;10.427;180.0;0.0
UAV_19;74;6960.362;7300.0;188.409;10.38;180.0;0.0
UAV_19;75;6950.047;7300.0;188.279;10.315;180.0;0.0
UAV_19;76;6939.813;7299.432;188.153;10.25;183.178;0.0
UAV_19;77;6929.677;7297.359;188.03;10.346;191.556;0.0
UAV_19;78;6919.656;7294.967;187.91;10.304;193.428;0.0
UAV_19;79;6909.764;7292.258;187.793;10.256;195.315;0.0
UAV_19;80;6900.019;7289.237;187.68;10.203;197.222;0.0
UAV_19;81;6890.436;7285.909;187.57;10.145;199.149;0.0
UAV_19;82;6881.03;7282.28;187.463;10.082;201.1;0.0
UAV_19;83;6871.818;7278.355;187.36;10.014;203.076;0.0
UAV_19;84;6862.814;7274.141;187.26;9.942;205.08;0.0
UAV_19;85;6854.032;7269.644;187.164;9.867;207.114;0.0
UAV_19;86;6845.486;7264.872;187.072;9.788;209.18;0.0
UAV_19;87;6837.192;7259.833;186.983;9.706;211.28;0.0
UAV_19;88;6829.161;7254.535;186.898;9.621;213.417;0.0
UAV_19;89;6821.408;7248.986;186.816;9.535;215.591;0.0
UAV_19;90;6813.944;7243.195;186.738;9.447;217.806;0.0
UAV_19;91;6806.782;7237.172;186.664;9.358;220.063;0.0
UAV_19;92;6799.934;7230.926;186.594;9.269;222.363;0.0
UAV_19;93;6793.41;7224.468;186.527;9.18;224.708;0.0
UAV_19;94;6787.221;7217.809;186.465;9.092;227.099;0.0
UAV_19;95;6781.377;7210.958;186.406;9.005;229.536;0.0
UAV_19;96;6775.888;7203.927;186.351;8.92;232.02;0.0
UAV_19;97;6770.762;7196.727;186.3;8.838;234.551;0.0
UAV_19;98;6766.008;7189.371;186.253;8.759;237.128;0.0
UAV_19;99;6761.634;7181.87;186.21;8.684;239.752;0.0
UAV_19;100;6757.646;7174.236;186.171;8.613;242.419;0.0
UAV_19;101;6754.052;7166.481;186.136;8.547;245.13;0.0
UAV_19;102;6750.856;7158.619;186.105;8.487;247.881;0.0
UAV_19;103;6748.065;7150.661;186.078;8.433;250.669;0.0
UAV_19;104;6745.682;7142.622;186.055;8.385;253.49;0.0
UAV_19;105;6743.711;7134.513;186.036;8.345;256.342;0.0
UAV_19;106;6742.157;7126.349;186.021;8.311;259.219;0.0
UAV_19;107;6741.02;7118.141;186.01;8.286;262.116;0.0
UAV_19;108;6740.304;7109.904;186.003;8.268;265.029;0.0
UAV_19;109;6740.008;7101.651;186.0;8.258;267.952;0.0
UAV_19;110;6740.135;7093.396;186.001;8.257;270.878;0.0
UAV_19;111;6740.683;7085.151;186.007;8.263;273.803;0.0
UAV_19;112;6741.652;7076.93;186.016;8.278;276.72;0.0
UAV_19;113;6743.039;7068.747;186.029;8.3;279.624;0.0
UAV_19;114;6744.844;7060.614;186.047;8.33;282.51;0.0
UAV_19;115;6747.062;7052.545;186.068;8.368;285.372;0.0
UAV_19;116;6749.691;7044.553;186.094;8.413;288.207;0.0
UAV_19;117;6752.725;7036.652;186.123;8.465;291.009;0.0
UAV_19;118;6756.161;7028.852;186.157;8.522;293.774;0.0
UAV_19;119;6759.992;7021.169;186.194;8.586;296.501;0.0
UAV_19;120;6764.213;7013.613;186.236;8.655;299.186;0.0
UAV_19;121;6768.816;7006.197;186.281;8.728;301.828;0.0
UAV_19;122;6773.794;6998.933;186.33;8.806;304.424;0.0
UAV_19;123;6779.138;6991.834;186.384;8.887;306.973;0.0
UAV_19;124;6784.841;6984.91;186.441;8.971;309.476;0.0
UAV_19;125;6790.893;6978.172;186.502;9.057;311.932;0.0
UAV_19;126;6797.285;6971.632;186.567;9.145;314.341;0.0
UAV_19;127;6804.005;6965.3;186.636;9.233;316.704;0.0
UAV_19;128;6811.043;6959.187;186.708;9.323;319.022;0.0
UAV_19;129;6818.387;6953.302;186.784;9.412;321.296;0.0
UAV_19;130;6826.026;6947.655;186.865;9.5;323.527;0.0
UAV_19;131;6833.947;6942.256;186.948;9.587;325.718;0.0
UAV_19;132;6842.138;6937.112;187.036;9.672;327.87;0.0
UAV_19;133;6850.584;6932.232;187.127;9.755;329.984;0.0
UAV_19;134;6859.273;6927.624;187.221;9.835;332.064;0.0
UAV_19;135;6868.19;6923.296;187.32;9.912;334.11;0.0
UAV_19;136;6877.321;6919.255;187.421;9.986;336.126;0.0
UAV_19;137;6886.651;6915.507;187.527;10.055;338.113;0.0
UAV_19;138;6896.165;6912.058;187.635;10.12;340.073;0.0
UAV_19;139;6905.847;6908.913;187.747;10.181;342.01;0.0
UAV_19;140;6915.682;6906.079;187.863;10.236;343.924;0.0
UAV_19;141;6925.654;6903.56;187.981;10.286;345.819;0.0
UAV_19;142;6935.746;6901.359;188.103;10.33;347.697;0.0
UAV_19;143;6945.943;6899.48;188.229;10.369;349.56;0.0
UAV_19;144;6956.227;6897.926;188.357;10.402;351.41;0.0
UAV_19;145;6966.582;6896.7;188.488;10.428;353.249;0.0
UAV_19;146;6976.992;6895.804;188.623;10.449;355.08;0.0
UAV_19;147;6987.439;6895.239;188.76;10.463;356.905;0.0
UAV_19;148;6997.906;6895.007;188.901;10.471;358.726;0.0
UAV_19;149;7008.376;6895.106;189.044;10.472;0.546;0.0
UAV_19;150;7018.833;6895.539;189.19;10.467;2.366;0.0
UAV_19;151;7029.259;6896.302;189.339;10.455;4.189;0.0
UAV_19;152;7039.638;6897.396;189.49;10.438;6.018;0.0
UAV_19;153;7049.953;6898.819;189.644;10.413;7.854;0.0
UAV_19;154;7060.187;6900.568;189.801;10.383;9.699;0.0
UAV_19;155;7070.323;6902.641;189.96;10.347;11.556;0.0
UAV_19;156;7080.344;6905.033;190.122;10.305;13.428;0.0
UAV_19;157;7090.236;6907.742;190.286;10.257;15.315;0.0
UAV_19;158;7099.981;6910.763;190.453;10.204;17.222;0.0
UAV_19;159;7109.564;6914.091;190.621;10.146;19.149;0.0
UAV_19;160;7118.97;6917.72;190.792;10.083;21.1;0.0
UAV_19;161;7128.182;6921.645;190.965;10.015;23.076;0.0
UAV_19;162;7137.186;6925.859;191.14;9.943;25.08;0.0
UAV_19;163;7145.968;6930.356;191.317;9.868;27.114;0.0
UAV_19;164;7150.0;6935.128;191.496;6.249;49.806;0.0
UAV_19;165;7150.0;6940.167;191.677;5.042;90.0;0.0
UAV_19;166;7150.0;6945.465;191.859;5.302;90.0;0.0
UAV_19;167;7150.0;6951.014;192.043;5.552;90.0;0.0
UAV_19;168;7150.0;6956.805;192.229;5.794;90.0;0.0
UAV_19;169;7150.0;6962.828;192.416;6.026;90.0;0.0
UAV_19;170;7150.0;6969.074;192.605;6.248;90.0;0.0
UAV_19;171;7150.0;6975.532;192.795;6.461;90.0;0.0
UAV_19;172;7150.0;6982.191;192.987;6.663;90.0;0.0
UAV_19;173;7150.0;6989.042;193.179;6.854;90.0;0.0
UAV_19;174;7150.0;6996.073;193.373;7.034;90.0;0.0
UAV_19;175;7150.0;7003.273;193.568;7.202;90.0;0.0
UAV_19;176;7150.0;7010.629;193.764;7.359;90.0;0.0
UAV_19;177;7150.0;7018.13;193.96;7.504;90.0;0.0
UAV_19;178;7150.0;7025.764;194.158;7.637;90.0;0.0
UAV_19;179;7150.0;7033.519;194.356;7.757;90.0;0.0
UAV_19;180;7150.0;7041.381;194.555;7.865;90.0;0.0
UAV_19;181;7150.0;7049.339;194.755;7.96;90.0;0.0
UAV_19;182;7150.0;7057.378;194.955;8.042;90.0;0.0
UAV_19;183;7150.0;7065.487;195.155;8.111;90.0;0.0
UAV_19;184;7150.0;7073.651;195.356;8.167;90.0;0.0
UAV_19;185;7150.0;7081.859;195.557;8.21;90.0;0.0
UAV_19;186;7150.0;7090.096;195.758;8.239;90.0;0.0
UAV_19;187;7150.0;7098.349;195.96;8.255;90.0;0.0
UAV_19;188;7150.0;7106.604;196.161;8.258;90.0;0.0
UAV_19;189;7150.0;7114.849;196.362;8.247;90.0;0.0
UAV_19;190;7150.0;7123.07;196.564;8.223;90.0;0.0
UAV_19;191;7150.0;7131.253;196.765;8.186;90.0;0.0
UAV_19;192;7150.0;7139.386;196.965;8.135;90.0;0.0
UAV_19;193;7150.0;7147.455;197.165;8.071;90.0;0.0
UAV_19;194;7150.0;7155.447;197.365;7.994;90.0;0.0
UAV_19;195;7150.0;7163.348;197.564;7.904;90.0;0.0
UAV_19;196;7150.0;7171.148;197.763;7.802;90.0;0.0
UAV_19;197;7150.0;7178.831;197.961;7.686;90.0;0.0
UAV_19;198;7150.0;7186.387;198.158;7.558;90.0;0.0
UAV_19;199;7150.0;7193.803;198.354;7.418;90.0;0.0
UAV_19;200;7150.0;7201.067;198.549;7.266;90.0;0.0
UAV_19;201;7150.0;7208.166;198.743;7.102;90.0;0.0
UAV_19;202;7150.0;7215.09;198.937;6.927;90.0;0.0
UAV_19;203;7150.0;7221.828;199.128;6.74;90.0;0.0
UAV_19;204;7150.0;7228.368;199.319;6.543;90.0;0.0
UAV_19;205;7150.0;7234.7;199.508;6.335;90.0;0.0
UAV_19;206;7150.0;7240.813;199.696;6.116;90.0;0.0
UAV_19;207;7150.0;7246.698;199.883;5.888;90.0;0.0
UAV_19;208;7150.0;7252.345;200.067;5.65;90.0;0.0
UAV_19;209;7150.0;7257.744;200.251;5.403;90.0;0.0
UAV_19;210;7150.0;7262.888;200.432;5.147;90.0;0.0
UAV_19;211;7149.416;7267.768;200.612;4.918;96.828;0.0
UAV_19;212;7140.727;7272.376;200.789;9.837;152.064;0.0
UAV_19;213;7131.81;7276.704;200.965;9.914;154.11;0.0
UAV_19;214;7122.679;7280.745;201.139;9.987;156.126;0.0
UAV_19;215;7113.349;7284.493;201.311;10.056;158.113;0.0
UAV_19;216;7103.835;7287.942;201.48;10.121;160.073;0.0
UAV_19;217;7094.153;7291.087;201.647;10.181;162.01;0.0
UAV_19;218;7084.318;7293.921;201.812;10.237;163.924;0.0
UAV_19;219;7074.346;7296.44;201.975;10.286;165.819;0.0
UAV_19;220;7064.254;7298.641;202.135;10.331;167.697;0.0
UAV_19;221;7054.057;7300.0;202.293;10.288;172.411;0.0
UAV_19;222;7043.773;7300.0;202.448;10.285;180.0;0.0
UAV_19;223;7033.418;7300.0;202.601;10.356;180.0;0.0
UAV_19;224;7023.008;7300.0;202.751;10.41;180.0;0.0
UAV_19;225;7012.561;7300.0;202.898;10.448;180.0;0.0
UAV_19;226;7002.094;7300.0;203.043;10.468;180.0;0.0
UAV_19;227;6991.624;7300.0;203.184;10.471;180.0;0.0
UAV_19;228;6981.167;7300.0;203.323;10.458;180.0;0.0
UAV_19;229;6970.741;7300.0;203.458;10.427;180.0;0.0
UAV_19;230;6960.362;7300.0;203.591;10.38;180.0;0.0
UAV_19;231;6950.047;7300.0;203.721;10.315;180.0;0.0
UAV_19;232;6939.813;7299.432;203.847;10.25;183.178;0.0
UAV_19;233;6929.677;7297.359;203.97;10.346;191.556;0.0
UAV_19;234;6919.656;7294.967;204.09;10.304;193.428;0.0
UAV_19;235;6909.764;7292.258;204.207;10.256;195.315;0.0
UAV_19;236;6900.019;7289.237;204.32;10.203;197.222;0.0
UAV_19;237;6890.436;7285.909;204.43;10.145;199.149;0.0
UAV_19;238;6881.03;7282.28;204.537;10.082;201.1;0.0
UAV_19;239;6871.818;7278.355;204.64;10.014;203.076;0.0
UAV_19;240;6862.814;7274.141;204.74;9.942;205.08;0.0
UAV_19;241;6854.032;7269.644;204.836;9.867;207.114;0.0
UAV_19;242;6845.486;7264.872;204.928;9.788;209.18;0.0
UAV_19;243;6837.192;7259.833;205.017;9.706;211.28;0.0
UAV_19;244;6829.161;7254.535;205.102;9.621;213.417;0.0
UAV_19;245;6821.408;7248.986;205.184;9.535;215.591;0.0
UAV_19;246;6813.944;7243.195;205.262;9.447;217.806;0.0
UAV_19;247;6806.782;7237.172;205.336;9.358;220.063;0.0
UAV_19;248;6799.934;7230.926;205.406;9.269;222.363;0.0
UAV_19;249;6793.41;7224.468;205.473;9.18;224.708;0.0
UAV_19;250;6787.221;7217.809;205.535;9.092;227.099;0.0
UAV_19;251;6781.377;7210.958;205.594;9.005;229.536;0.0
UAV_19;252;6775.888;7203.927;205.649;8.92;232.02;0.0
UAV_19;253;6770.762;7196.727;205.7;8.838;234.551;0.0
UAV_19;254;6766.008;7189.371;205.747;8.759;237.128;0.0
UAV_19;255;6761.634;7181.87;205.79;8.684;239.752;0.0
UAV_19;256;6757.646;7174.236;205.829;8.613;242.419;0.0
UAV_19;257;6754.052;7166.481;205.864;8.547;245.13;0.0
UAV_19;258;6750.856;7158.619;205.895;8.487;247.881;0.0
UAV_19;259;6748.065;7150.661;205.922;8.433;250.669;0.0
UAV_19;260;6745.682;7142.622;205.945;8.385;253.49;0.0
UAV_19;261;6743.711;7134.513;205.964;8.345;256.342;0.0
UAV_19;262;6742.157;7126.349;205.979;8.311;259.219;0.0
UAV_19;263;6741.02;7118.141;205.99;8.286;262.116;0.0
UAV_19;264;6740.304;7109.904;205.997;8.268;265.029;0.0
UAV_19;265;6740.008;7101.651;206.0;8.258;267.952;0.0
UAV_19;266;6740.135;7093.396;205.999;8.257;270.878;0.0
UAV_19;267;6740.683;7085.151;205.993;8.263;273.803;0.0
UAV_19;268;6741.652;7076.93;205.984;8.278;276.72;0.0
UAV_19;269;6743.039;7068.747;205.971;8.3;279.624;0.0
UAV_19;270;6744.844;7060.614;205.953;8.33;282.51;0.0
UAV_19;271;6747.062;7052.545;205.932;8.368;285.372;0.0
UAV_19;272;6749.691;7044.553;205.906;8.413;288.207;0.0
UAV_19;273;6752.725;7036.652;205.877;8.465;291.009;0.0
UAV_19;274;6756.161;7028.852;205.843;8.522;293.774;0.0
UAV_19;275;6759.992;7021.169;205.806;8.586;296.501;0.0
UAV_19;276;6764.213;7013.613;205.764;8.655;299.186;0.0
UAV_19;277;6768.816;7006.197;205.719;8.728;301.828;0.0
UAV_19;278;6773.794;6998.933;205.67;8.806;304.424;0.0
UAV_19;279;6779.138;6991.834;205.616;8.887;306.973;0.0
UAV_19;280;6784.841;6984.91;205.559;8.971;309.476;0.0
UAV_19;281;6790.893;6978.172;205.498;9.057;311.932;0.0
UAV_19;282;6797.285;6971.632;205.433;9.145;314.341;0.0
UAV_19;283;6804.005;6965.3;205.364;9.233;316.704;0.0
UAV_19;284;6811.043;6959.187;205.292;9.323;319.022;0.0
UAV_19;285;6818.387;6953.302;205.216;9.412;321.296;0.0
UAV_19;286;6826.026;6947.655;205.135;9.5;323.527;0.0
UAV_19;287;6833.947;6942.256;205.052;9.587;325.718;0.0
UAV_19;288;6842.138;6937.112;204.964;9.672;327.87;0.0
UAV_19;289;6850.584;6932.232;204.873;9.755;329.984;0.0
UAV_19;290;6859.273;6927.624;204.779;9.835;332.064;0.0
UAV_19;291;6868.19;6923.296;204.68;9.912;334.11;0.0
UAV_19;292;6877.321;6919.255;204.579;9.986;336.126;0.0
UAV_19;293;6886.651;6915.507;204.473;10.055;338.113;0.0
UAV_19;294;6896.165;6912.058;204.365;10.12;340.073;0.0
UAV_19;295;6905.847;6908.913;204.253;10.181;342.01;0.0
UAV_19;296;6915.682;6906.079;204.137;10.236;343.924;0.0
UAV_19;297;6925.654;6903.56;204.019;10.286;345.819;0.0
UAV_19;298;6935.746;6901.359;203.897;10.33;347.697;0.0
UAV_19;299;6945.943;6899.48;203.771;10.369;349.56;0.0
UAV_19;300;6956.227;6897.926;203.643;10.402;351.41;0.0
UAV_19;301;6966.582;6896.7;203.512;10.428;353.249;0.0
UAV_19;302;6976.992;6895.804;203.377;10.449;355.08;0.0
UAV_19;303;6987.439;6895.239;203.24;10.463;356.905;0.0
UAV_19;304;6997.906;6895.007;203.099;10.471;358.726;0.0
UAV_19;305;7008.376;6895.106;202.956;10.472;0.546;0.0
UAV_19;306;7018.833;6895.539;202.81;10.467;2.366;0.0
UAV_19;307;7029.259;6896.302;202.661;10.455;4.189;0.0
UAV_19;308;7039.638;6897.396;202.51;10.438;6.018;0.0
UAV_19;309;7049.953;6898.819;202.356;10.413;7.854;0.0
UAV_19;310;7060.187;6900.568;202.199;10.383;9.699;0.0
UAV_19;311;7070.323;6902.641;202.04;10.347;11.556;0.0
UAV_19;312;7080.344;6905.033;201.878;10.305;13.428;0.0
UAV_19;313;7090.236;6907.742;201.714;10.257;15.315;0.0
UAV_19;314;7099.981;6910.763;201.547;10.204;17.222;0.0
UAV_19;315;7109.564;6914.091;201.379;10.146;19.149;0.0
UAV_19;316;7118.97;6917.72;201.208;10.083;21.1;0.0
UAV_19;317;7128.182;6921.645;201.035;10.015;23.076;0.0
UAV_19;318;7137.186;6925.859;200.86;9.943;25.08;0.0
UAV_19;319;7145.968;6930.356;200.683;9.868;27.114;0.0
UAV_19;320;7150.0;6935.128;200.504;6.249;49.806;0.0
UAV_19;321;7150.0;6940.167;200.323;5.042;90.0;0.0
UAV_19;322;7150.0;6945.465;200.141;5.302;90.0;0.0
UAV_19;323;7150.0;6951.014;199.957;5.552;90.0;0.0
UAV_19;324;7150.0;6956.805;199.771;5.794;90.0;0.0
UAV_19;325;7150.0;6962.828;199.584;6.026;90.0;0.0
UAV_19;326;7150.0;6969.074;199.395;6.248;90.0;0.0
UAV_19;327;7150.0;6975.532;199.205;6.461;90.0;0.0
UAV_19;328;7150.0;6982.191;199.013;6.663;90.0;0.0
UAV_19;329;7150.0;6989.042;198.821;6.854;90.0;0.0
UAV_19;330;7150.0;6996.073;198.627;7.034;90.0;0.0
UAV_19;331;7150.0;7003.273;198.432;7.202;90.0;0.0
UAV_19;332;7150.0;7010.629;198.236;7.359;90.0;0.0
UAV_19;333;7150.0;7018.13;198.04;7.504;90.0;0.0
UAV_19;334;7150.0;7025.764;197.842;7.637;90.0;0.0
UAV_19;335;7150.0;7033.519;197.644;7.757;90.0;0.0
UAV_19;336;7150.0;7041.381;197.445;7.865;90.0;0.0
UAV_19;337;7150.0;7049.339;197.245;7.96;90.0;0.0
UAV_19;338;7150.0;7057.378;197.045;8.042;90.0;0.0
UAV_19;339;7150.0;7065.487;196.845;8.111;90.0;0.0
UAV_19;340;7150.0;7073.651;196.644;8.167;90.0;0.0
UAV_19;341;7150.0;7081.859;196.443;8.21;90.0;0.0
UAV_19;342;7150.0;7090.096;196.242;8.239;90.0;0.0
UAV_19;343;7150.0;7098.349;196.04;8.255;90.0;0.0
UAV_19;344;7150.0;7106.604;195.839;8.258;90.0;0.0
UAV_19;345;7150.0;7114.849;195.638;8.247;90.0;0.0
UAV_19;346;7150.0;7123.07;195.436;8.223;90.0;0.0
UAV_19;347;7150.0;7131.253;195.235;8.186;90.0;0.0
UAV_19;348;7150.0;7139.386;195.035;8.135;90.0;0.0
UAV_19;349;7150.0;7147.455;194.835;8.071;90.0;0.0
UAV_19;350;7150.0;7155.447;194.635;7.994;90.0;0.0
UAV_19;351;7150.0;7163.348;194.436;7.904;90.0;0.0
UAV_19;352;7150.0;7171.148;194.237;7.802;90.0;0.0
UAV_19;353;7150.0;7178.831;194.039;7.686;90.0;0.0
UAV_19;354;7150.0;7186.387;193.842;7.558;90.0;0.0
UAV_19;355;7150.0;7193.803;193.646;7.418;90.0;0.0
UAV_19;356;7150.0;7201.067;193.451;7.266;90.0;0.0
UAV_19;357;7150.0;7208.166;193.257;7.102;90.0;0.0
UAV_19;358;7150.0;7215.09;193.063;6.927;90.0;0.0
UAV_19;359;7150.0;7221.828;192.872;6.74;90.0;0.0
UAV_19;360;7150.0;7228.368;192.681;6.543;90.0;0.0
UAV_19;361;7150.0;7234.7;192.492;6.335;90.0;0.0
UAV_19;362;7150.0;7240.813;192.304;6.116;90.0;0.0
UAV_19;363;7150.0;7246.698;192.117;5.888;90.0;0.0
UAV_19;364;7150.0;7252.345;191.933;5.65;90.0;0.0
UAV_19;365;7150.0;7257.744;191.749;5.403;90.0;0.0
UAV_19;366;7150.0;7262.888;191.568;5.147;90.0;0.0
UAV_19;367;7149.416;7267.768;191.388;4.918;96.828;0.0
UAV_19;368;7140.727;7272.376;191.211;9.837;152.064;0.0
UAV_19;369;7131.81;7276.704;191.035;9.914;154.11;0.0
UAV_19;370;7122.679;7280.745;190.861;9.987;156.126;0.0
UAV_19;371;7113.349;7284.493;190.689;10.056;158.113;0.0
UAV_19;372;7103.835;7287.942;190.52;10.121;160.073;0.0
UAV_19;373;7094.153;7291.087;190.353;10.181;162.01;0.0
UAV_19;374;7084.318;7293.921;190.188;10.237;163.924;0.0
UAV_19;375;7074.346;7296.44;190.025;10.286;165.819;0.0
UAV_19;376;7064.254;7298.641;189.865;10.331;167.697;0.0
UAV_19;377;7054.057;7300.0;189.707;10.288;172.411;0.0
UAV_19;378;7043.773;7300.0;189.552;10.285;180.0;0.0
UAV_19;379;7033.418;7300.0;189.399;10.356;180.0;0.0
UAV_19;380;7023.008;7300.0;189.249;10.41;180.0;0.0
UAV_19;381;7012.561;7300.0;189.102;10.448;180.0;0.0
UAV_19;382;7002.094;7300.0;188.957;10.468;180.0;0.0
UAV_19;383;6991.624;7300.0;188.816;10.471;180.0;0.0
UAV_19;384;6981.167;7300.0;188.677;10.458;180.0;0.0
UAV_19;385;6970.741;7300.0;188.542;10.427;180.0;0.0
UAV_19;386;6960.362;7300.0;188.409;10.38;180.0;0.0
UAV_19;387;6950.047;7300.0;188.279;10.315;180.0;0.0
UAV_19;388;6939.813;7299.432;188.153;10.25;183.178;0.0
UAV_19;389;6929.677;7297.359;188.03;10.346;191.556;0.0
UAV_19;390;6919.656;7294.967;187.91;10.304;193.428;0.0
UAV_19;391;6909.764;7292.258;187.793;10.256;195.315;0.0
UAV_19;392;6900.019;7289.237;187.68;10.203;197.222;0.0
UAV_19;393;6890.436;7285.909;187.57;10.145;199.149;0.0
UAV_19;394;6881.03;7282.28;187.463;10.082;201.1;0.0
UAV_19;395;6871.818;7278.355;187.36;10.014;203.076;0.0
UAV_19;396;6862.814;7274.141;187.26;9.942;205.08;0.0
UAV_19;397;6854.032;7269.644;187.164;9.867;207.114;0.0
UAV_19;398;6845.486;7264.872;187.072;9.788;209.18;0.0
UAV_19;399;6837.192;7259.833;186.983;9.706;211.28;0.0
UAV_19;400;6829.161;7254.535;186.898;9.621;213.417;0.0
UAV_19;401;6821.408;7248.986;186.816;9.535;215.591;0.0
UAV_19;402;6813.944;7243.195;186.738;9.447;217.806;0.0
UAV_19;403;6806.782;7237.172;186.664;9.358;220.063;0.0
UAV_19;404;6799.934;7230.926;186.594;9.269;222.363;0.0
UAV_19;405;6793.41;7224.468;186.527;9.18;224.708;0.0
UAV_19;406;6787.221;7217.809;186.465;9.092;227.099;0.0
UAV_19;407;6781.377;7210.958;186.406;9.005;229.536;0.0
UAV_19;408;6775.888;7203.927;186.351;8.92;232.02;0.0
UAV_19;409;6770.762;7196.727;186.3;8.838;234.551;0.0
UAV_19;410;6766.008;7189.371;186.253;8.759;237.128;0.0
UAV_19;411;6761.634;7181.87;186.21;8.684;239.752;0.0
UAV_19;412;6757.646;7174.236;186.171;8.613;242.419;0.0
UAV_19;413;6754.052;7166.481;186.136;8.547;245.13;0.0
UAV_19;414;6750.856;7158.619;186.105;8.487;247.881;0.0
UAV_19;415;6748.065;7150.661;186.078;8.433;250.669;0.0
UAV_19;416;6745.682;7142.622;186.055;8.385;253.49;0.0
UAV_19;417;6743.711;7134.513;186.036;8.345;256.342;0.0
UAV_19;418;6742.157;7126.349;186.021;8.311;259.219;0.0
UAV_19;419;6741.02;7118.141;186.01;8.286;262.116;0.0
UAV_19;420;6740.304;7109.904;186.003;8.268;265.029;0.0
UAV_19;421;6740.008;7101.651;186.0;8.258;267.952;0.0
UAV_19;422;6740.135;7093.396;186.001;8.257;270.878;0.0
UAV_19;423;6740.683;7085.151;186.007;8.263;273.803;0.0
UAV_19;424;6741.652;7076.93;186.016;8.278;276.72;0.0
UAV_19;425;6743.039;7068.747;186.029;8.3;279.624;0.0
UAV_19;426;6744.844;7060.614;186.047;8.33;282.51;0.0
UAV_19;427;6747.062;7052.545;186.068;8.368;285.372;0.0
UAV_19;428;6749.691;7044.553;186.094;8.413;288.207;0.0
UAV_19;429;6752.725;7036.652;186.123;8.465;291.009;0.0
UAV_19;430;6756.161;7028.852;186.157;8.522;293.774;0.0
UAV_19;431;6759.992;7021.169;186.194;8.586;296.501;0.0
UAV_19;432;6764.213;7013.613;186.236;8.655;299.186;0.0
UAV_19;433;6768.816;7006.197;186.281;8.728;301.828;0.0
UAV_19;434;6773.794;6998.933;186.33;8.806;304.424;0.0
UAV_19;435;6779.138;6991.834;186.384;8.887;306.973;0.0
UAV_19;436;6784.841;6984.91;186.441;8.971;309.476;0.0
UAV_19;437;6790.893;6978.172;186.502;9.057;311.932;0.0
UAV_19;438;6797.285;6971.632;186.567;9.145;314.341;0.0
UAV_19;439;6804.005;6965.3;186.636;9.233;316.704;0.0
UAV_19;440;6811.043;6959.187;186.708;9.323;319.022;0.0
UAV_19;441;6818.387;6953.302;186.784;9.412;321.296;0.0
UAV_19;442;6826.026;6947.655;186.865;9.5;323.527;0.0
UAV_19;443;6833.947;6942.256;186.948;9.587;325.718;0.0
UAV_19;444;6842.138;6937.112;187.036;9.672;327.87;0.0
UAV_19;445;6850.584;6932.232;187.127;9.755;329.984;0.0
UAV_19;446;6859.273;6927.624;187.221;9.835;332.064;0.0
UAV_19;447;6868.19;6923.296;187.32;9.912;334.11;0.0
UAV_19;448;6877.321;6919.255;187.421;9.986;336.126;0.0
UAV_19;449;6886.651;6915.507;187.527;10.055;338.113;0.0
UAV_19;450;6896.165;6912.058;187.635;10.12;340.073;0.0
UAV_19;451;6905.847;6908.913;187.747;10.181;342.01;0.0
UAV_19;452;6915.682;6906.079;187.863;10.236;343.924;0.0
UAV_19;453;6925.654;6903.56;187.981;10.286;345.819;0.0
UAV_19;454;6935.746;6901.359;188.103;10.33;347.697;0.0
UAV_19;455;6945.943;6899.48;188.229;10.369;349.56;0.0
UAV_19;456;6956.227;6897.926;188.357;10.402;351.41;0.0
UAV_19;457;6966.582;6896.7;188.488;10.428;353.249;0.0
UAV_19;458;6976.992;6895.804;188.623;10.449;355.08;0.0
UAV_19;459;6987.439;6895.239;188.76;10.463;356.905;0.0
UAV_19;460;6997.906;6895.007;188.901;10.471;358.726;0.0
UAV_19;461;7008.376;6895.106;189.044;10.472;0.546;0.0
UAV_19;462;7018.833;6895.539;189.19;10.467;2.366;0.0
UAV_19;463;7029.259;6896.302;189.339;10.455;4.189;0.0
UAV_19;464;7039.638;6897.396;189.49;10.438;6.018;0.0
UAV_19;465;7049.953;6898.819;189.644;10.413;7.854;0.0
UAV_19;466;7060.187;6900.568;189.801;10.383;9.699;0.0
UAV_19;467;7070.323;6902.641;189.96;10.347;11.556;0.0
UAV_19;468;7080.344;6905.033;190.122;10.305;13.428;0.0
UAV_19;469;7090.236;6907.742;190.286;10.257;15.315;0.0
UAV_19;470;7099.981;6910.763;190.453;10.204;17.222;0.0
UAV_19;471;7109.564;6914.091;190.621;10.146;19.149;0.0
UAV_19;472;7118.97;6917.72;190.792;10.083;21.1;0.0
UAV_19;473;7128.182;6921.645;190.965;10.015;23.076;0.0
UAV_19;474;7137.186;6925.859;191.14;9.943;25.08;0.0
UAV_19;475;7145.968;6930.356;191.317;9.868;27.114;0.0
UAV_19;476;7150.0;6935.128;191.496;6.249;49.806;0.0
UAV_19;477;7150.0;6940.167;191.677;5.042;90.0;0.0
UAV_19;478;7150.0;6945.465;191.859;5.302;90.0;0.0
UAV_19;479;7150.0;6951.014;192.043;5.552;90.0;0.0
UAV_19;480;7150.0;6956.805;192.229;5.794;90.0;0.0
UAV_19;481;7150.0;6962.828;192.416;6.026;90.0;0.0
UAV_19;482;7150.0;6969.074;192.605;6.248;90.0;0.0
UAV_19;483;7150.0;6975.532;192.795;6.461;90.0;0.0
UAV_19;484;7150.0;6982.191;192.987;6.663;90.0;0.0
UAV_19;485;7150.0;6989.042;193.179;6.854;90.0;0.0
UAV_19;486;7150.0;6996.073;193.373;7.034;90.0;0.0
UAV_19;487;7150.0;7003.273;193.568;7.202;90.0;0.0
UAV_19;488;7150.0;7010.629;193.764;7.359;90.0;0.0
UAV_19;489;7150.0;7018.13;193.96;7.504;90.0;0.0
UAV_19;490;7150.0;7025.764;194.158;7.637;90.0;0.0
UAV_19;491;7150.0;7033.519;194.356;7.757;90.0;0.0
UAV_19;492;7150.0;7041.381;194.555;7.865;90.0;0.0
UAV_19;493;7150.0;7049.339;194.755;7.96;90.0;0.0
UAV_19;494;7150.0;7057.378;194.955;8.042;90.0;0.0
UAV_19;495;7150.0;7065.487;195.155;8.111;90.0;0.0
UAV_19;496;7150.0;7073.651;195.356;8.167;90.0;0.0
UAV_19;497;7150.0;7081.859;195.557;8.21;90.0;0.0
UAV_19;498;7150.0;7090.096;195.758;8.239;90.0;0.0
UAV_19;499;7150.0;7098.349;195.96;8.255;90.0;0.0
UAV_19;500;7150.0;7106.604;196.161;8.258;90.0;0.0
UAV_19;501;7150.0;7114.849;196.362;8.247;90.0;0.0
UAV_19;502;7150.0;7123.07;196.564;8.223;90.0;0.0
UAV_19;503;7150.0;7131.253;196.765;8.186;90.0;0.0
UAV_19;504;7150.0;7139.386;196.965;8.135;90.0;0.0
UAV_19;505;7150.0;7147.455;197.165;8.071;90.0;0.0
UAV_19;506;7150.0;7155.447;197.365;7.994;90.0;0.0
UAV_19;507;7150.0;7163.348;197.564;7.904;90.0;0.0
UAV_19;508;7150.0;7171.148;197.763;7.802;90.0;0.0
UAV_19;509;7150.0;7178.831;197.961;7.686;90.0;0.0
UAV_19;510;7150.0;7186.387;198.158;7.558;90.0;0.0
UAV_19;511;7150.0;7193.803;198.354;7.418;90.0;0.0
UAV_19;512;7150.0;7201.067;198.549;7.266;90.0;0.0
UAV_19;513;7150.0;7208.166;198.743;7.102;90.0;0.0
UAV_19;514;7150.0;7215.09;198.937;6.927;90.0;0.0
UAV_19;515;7150.0;7221.828;199.128;6.74;90.0;0.0
UAV_19;516;7150.0;7228.368;199.319;6.543;90.0;0.0
UAV_19;517;7150.0;7234.7;199.508;6.335;90.0;0.0
UAV_19;518;7150.0;7240.813;199.696;6.116;90.0;0.0
UAV_19;519;7150.0;7246.698;199.883;5.888;90.0;0.0
UAV_19;520;7150.0;7252.345;200.067;5.65;90.0;0.0
UAV_19;521;7150.0;7257.744;200.251;5.403;90.0;0.0
UAV_19;522;7150.0;7262.888;200.432;5.147;90.0;0.0
UAV_19;523;7149.416;7267.768;200.612;4.918;96.828;0.0
UAV_19;524;7140.727;7272.376;200.789;9.837;152.064;0.0
UAV_19;525;7131.81;7276.704;200.965;9.914;154.11;0.0
UAV_19;526;7122.679;7280.745;201.139;9.987;156.126;0.0
UAV_19;527;7113.349;7284.493;201.311;10.056;158.113;0.0
UAV_19;528;7103.835;7287.942;201.48;10.121;160.073;0.0
UAV_19;529;7094.153;7291.087;201.647;10.181;162.01;0.0
UAV_19;530;7084.318;7293.921;201.812;10.237;163.924;0.0
UAV_19;531;7074.346;7296.44;201.975;10.286;165.819;0.0
UAV_19;532;7064.254;7298.641;202.135;10.331;167.697;0.0
UAV_19;533;7054.057;7300.0;202.293;10.288;172.411;0.0
UAV_19;534;7043.773;7300.0;202.448;10.285;180.0;0.0
UAV_19;535;7033.418;7300.0;202.601;10.356;180.0;0.0
UAV_19;536;7023.008;7300.0;202.751;10.41;180.0;0.0
UAV_19;537;7012.561;7300.0;202.898;10.448;180.0;0.0
UAV_19;538;7002.094;7300.0;203.043;10.468;180.0;0.0
UAV_19;539;6991.624;7300.0;203.184;10.471;180.0;0.0
UAV_19;540;6981.167;7300.0;203.323;10.458;180.0;0.0
UAV_19;541;6970.741;7300.0;203.458;10.427;180.0;0.0
UAV_19;542;6960.362;7300.0;203.591;10.38;180.0;0.0
UAV_19;543;6950.047;7300.0;203.721;10.315;180.0;0.0
UAV_19;544;6939.813;7299.432;203.847;10.25;183.178;0.0
UAV_19;545;6929.677;7297.359;203.97;10.346;191.556;0.0
UAV_19;546;6919.656;7294.967;204.09;10.304;193.428;0.0
UAV_19;547;6909.764;7292.258;204.207;10.256;195.315;0.0
UAV_19;548;6900.019;7289.237;204.32;10.203;197.222;0.0
UAV_19;549;6890.436;7285.909;204.43;10.145;199.149;0.0
UAV_19;550;6881.03;7282.28;204.537;10.082;201.1;0.0
UAV_19;551;6871.818;7278.355;204.64;10.014;203.076;0.0
UAV_19;552;6862.814;7274.141;204.74;9.942;205.08;0.0
UAV_19;553;6854.032;7269.644;204.836;9.867;207.114;0.0
UAV_19;554;6845.486;7264.872;204.928;9.788;209.18;0.0
UAV_19;555;6837.192;7259.833;205.017;9.706;211.28;0.0
UAV_19;556;6829.161;7254.535;205.102;9.621;213.417;0.0
UAV_19;557;6821.408;7248.986;205.184;9.535;215.591;0.0
UAV_19;558;6813.944;7243.195;205.262;9.447;217.806;0.0
UAV_19;559;6806.782;7237.172;205.336;9.358;220.063;0.0
UAV_19;560;6799.934;7230.926;205.406;9.269;222.363;0.0
UAV_19;561;6793.41;7224.468;205.473;9.18;224.708;0.0
UAV_19;562;6787.221;7217.809;205.535;9.092;227.099;0.0
UAV_19;563;6781.377;7210.958;205.594;9.005;229.536;0.0
UAV_19;564;6775.888;7203.927;205.649;8.92;232.02;0.0
UAV_19;565;6770.762;7196.727;205.7;8.838;234.551;0.0
UAV_19;566;6766.008;7189.371;205.747;8.759;237.128;0.0
UAV_19;567;6761.634;7181.87;205.79;8.684;239.752;0.0
UAV_19;568;6757.646;7174.236;205.829;8.613;242.419;0.0
UAV_19;569;6754.052;7166.481;205.864;8.547;245.13;0.0
UAV_19;570;6750.856;7158.619;205.895;8.487;247.881;0.0
UAV_19;571;6748.065;7150.661;205.922;8.433;250.669;0.0
UAV_19;572;6745.682;7142.622;205.945;8.385;253.49;0.0
UAV_19;573;6743.711;7134.513;205.964;8.345;256.342;0.0
UAV_19;574;6742.157;7126.349;205.979;8.311;259.219;0.0
UAV_19;575;6741.02;7118.141;205.99;8.286;262.116;0.0
UAV_19;576;6740.304;7109.904;205.997;8.268;265.029;0.0
UAV_19;577;6740.008;7101.651;206.0;8.258;267.952;0.0
UAV_19;578;6740.135;7093.396;205.999;8.257;270.878;0.0
UAV_19;579;6740.683;7085.151;205.993;8.263;273.803;0.0
UAV_19;580;6741.652;7076.93;205.984;8.278;276.72;0.0
UAV_19;581;6743.039;7068.747;205.971;8.3;279.624;0.0
UAV_19;582;6744.844;7060.614;205.953;8.33;282.51;0.0
UAV_19;583;6747.062;7052.545;205.932;8.368;285.372;0.0
UAV_19;584;6749.691;7044.553;205.906;8.413;288.207;0.0
UAV_19;585;6752.725;7036.652;205.877;8.465;291.009;0.0
UAV_19;586;6756.161;7028.852;205.843;8.522;293.774;0.0
UAV_19;587;6759.992;7021.169;205.806;8.586;296.501;0.0
UAV_19;588;6764.213;7013.613;205.764;8.655;299.186;0.0
UAV_19;589;6768.816;7006.197;205.719;8.728;301.828;0.0
UAV_19;590;6773.794;6998.933;205.67;8.806;304.424;0.0
UAV_19;591;6779.138;6991.834;205.616;8.887;306.973;0.0
UAV_19;592;6784.841;6984.91;205.559;8.971;309.476;0.0
UAV_19;593;6790.893;6978.172;205.498;9.057;311.932;0.0
UAV_19;594;6797.285;6971.632;205.433;9.145;314.341;0.0
UAV_19;595;6804.005;6965.3;205.364;9.233;316.704;0.0
UAV_19;596;6811.043;6959.187;205.292;9.323;319.022;0.0
UAV_19;597;6818.387;6953.302;205.216;9.412;321.296;0.0
UAV_19;598;6826.026;6947.655;205.135;9.5;323.527;0.0
UAV_19;599;6833.947;6942.256;205.052;9.587;325.718;0.0
UAV_19;600;6842.138;6937.112;204.964;9.672;327.87;0.0
